Inst_Code,Inst_Name,Branch_Name,Category,Year,Closing_Marks
1,"A.D.Patel Institute Of Tech.,Karamsad",ARTIFICIAL INTELLIGENCE AND DATA SCIENCE,EWS,2022,55.1018
1,"A.D.Patel Institute Of Tech.,Karamsad",ARTIFICIAL INTELLIGENCE AND DATA SCIENCE,OPEN,2022,64.016
1,"A.D.Patel Institute Of Tech.,Karamsad",COMPUTER ENGINEERING,EWS,2022,87.6297
1,"A.D.Patel Institute Of Tech.,Karamsad",COMPUTER ENGINEERING,OPEN,2022,88.1931
1,"A.D.Patel Institute Of Tech.,Karamsad",COMPUTER ENGINEERING,SC,2022,60.5179
1,"A.D.Patel Institute Of Tech.,Karamsad",COMPUTER ENGINEERING,SEBC,2022,79.233
1,"A.D.Patel Institute Of Tech.,Karamsad",COMPUTER SCIENCE & DESIGN,EWS,2022,68.0398
1,"A.D.Patel Institute Of Tech.,Karamsad",COMPUTER SCIENCE & DESIGN,OPEN,2022,73.4918
1,"A.D.Patel Institute Of Tech.,Karamsad",COMPUTER SCIENCE & DESIGN,SEBC,2022,45.2401
1,"A.D.Patel Institute Of Tech.,Karamsad",FOOD PROCESSING TECHNOLOGY,EWS,2022,21.5884
1,"A.D.Patel Institute Of Tech.,Karamsad",FOOD PROCESSING TECHNOLOGY,OPEN,2022,31.7973
1,"A.D.Patel Institute Of Tech.,Karamsad",FOOD PROCESSING TECHNOLOGY,SC,2022,9.3728
1,"A.D.Patel Institute Of Tech.,Karamsad",INFORMATION TECHNOLOGY,EWS,2022,82.9008
1,"A.D.Patel Institute Of Tech.,Karamsad",INFORMATION TECHNOLOGY,OPEN,2022,84.297
1,"A.D.Patel Institute Of Tech.,Karamsad",INFORMATION TECHNOLOGY,SC,2022,39.5379
1,"A.D.Patel Institute Of Tech.,Karamsad",INFORMATION TECHNOLOGY,SEBC,2022,74.4939
2,"ADANI INSTITUTE OF INFRASTRUCTURE ENGINEERING,AHMEDABAD",CIVIL & INFRASTRUCTURE ENGINEERING,OPEN,2022,4.2888
2,"ADANI INSTITUTE OF INFRASTRUCTURE ENGINEERING,AHMEDABAD",COMPUTER SCIENCE & ENGINEERING (ARTIFICIAL IN,EWS,2022,88.3568
2,"ADANI INSTITUTE OF INFRASTRUCTURE ENGINEERING,AHMEDABAD",COMPUTER SCIENCE & ENGINEERING (ARTIFICIAL IN,SEBC,2022,66.5285
2,"ADANI INSTITUTE OF INFRASTRUCTURE ENGINEERING,AHMEDABAD",INFORMATION & COMMUNICATION TECHNOLOGY,EWS,2022,84.3578
2,"ADANI INSTITUTE OF INFRASTRUCTURE ENGINEERING,AHMEDABAD",INFORMATION & COMMUNICATION TECHNOLOGY,OPEN,2022,86.4605
2,"ADANI INSTITUTE OF INFRASTRUCTURE ENGINEERING,AHMEDABAD",INFORMATION & COMMUNICATION TECHNOLOGY,SC,2022,69.5206
2,"ADANI INSTITUTE OF INFRASTRUCTURE ENGINEERING,AHMEDABAD",INFORMATION & COMMUNICATION TECHNOLOGY,SEBC,2022,62.9787
6,ADITYA SILVER OAK INSTITUTE OF TECHNOLOGY (WITHIN LIMITS OF AHMEDABAD MUNICIPAL CORPORATION) AHMEDABAD,COMPUTER ENGINEERING,OPEN,2022,5.3281
6,ADITYA SILVER OAK INSTITUTE OF TECHNOLOGY (WITHIN LIMITS OF AHMEDABAD MUNICIPAL CORPORATION) AHMEDABAD,INFORMATION TECHNOLOGY,OPEN,2022,2.2299
7,APOLLO INSTITUTE OF ENGINEERING & TECHNOLOGY AHMEDABAD,COMPUTER ENGINEERING,EWS,2022,27.2401
7,APOLLO INSTITUTE OF ENGINEERING & TECHNOLOGY AHMEDABAD,COMPUTER ENGINEERING,OPEN,2022,38.3951
7,APOLLO INSTITUTE OF ENGINEERING & TECHNOLOGY AHMEDABAD,INFORMATION TECHNOLOGY,OPEN,2022,6.7125
9,"Ahmedabad Institute Of Tech, Ahmedabad",COMPUTER ENGINEERING,EWS,2022,68.2208
9,"Ahmedabad Institute Of Tech, Ahmedabad",COMPUTER ENGINEERING,OPEN,2022,72.51
9,"Ahmedabad Institute Of Tech, Ahmedabad",COMPUTER ENGINEERING,SC,2022,36.2218
9,"Ahmedabad Institute Of Tech, Ahmedabad",COMPUTER ENGINEERING,SEBC,2022,31.3074
9,"Ahmedabad Institute Of Tech, Ahmedabad",INFORMATION TECHNOLOGY,EWS,2022,65.5889
9,"Ahmedabad Institute Of Tech, Ahmedabad",INFORMATION TECHNOLOGY,OPEN,2022,67.5235
9,"Ahmedabad Institute Of Tech, Ahmedabad",INFORMATION TECHNOLOGY,SC,2022,26.807
9,"Ahmedabad Institute Of Tech, Ahmedabad",INFORMATION TECHNOLOGY,SEBC,2022,29.9519
12,"Amiraj College Of Engg & Tech., Sanand, Ahmedabad",COMPUTER SCIENCE & ENGINEERING,OPEN,2022,13.8861
15,Asha M. Tarsadia Institute of Computer Science & Tech. Bardoli,COMPUTER ENGINEERING (SOFTWARE ENGINEERIN,OPEN,2022,6.4121
15,Asha M. Tarsadia Institute of Computer Science & Tech. Bardoli,COMPUTER SCIENCE & ENGINEERING,OPEN,2022,1.298
16,"Atmiya University, Faculty of Engineering and Technology, Rajkot",COMPUTER ENGINEERING,OPEN,2022,35.2444
16,"Atmiya University, Faculty of Engineering and Technology, Rajkot",INFORMATION TECHNOLOGY,OPEN,2022,9.9979
18,"Bhagwan Arihant Institute of Tech., Surat",COMPUTER ENGINEERING,OPEN,2022,23.7874
18,"Bhagwan Arihant Institute of Tech., Surat",INFORMATION TECHNOLOGY,OPEN,2022,9.1557
19,"Bhagwan Mahavir College Of Engg. And Tech., Surat",COMPUTER ENGINEERING,EWS,2022,38.785
19,"Bhagwan Mahavir College Of Engg. And Tech., Surat",COMPUTER ENGINEERING,OPEN,2022,49.2646
20,"Birla Vishvakarma Maha Vidhyalaya(Gia), V.V.Nagar",CIVIL ENGINEERING,EWS,2022,59.9232
20,"Birla Vishvakarma Maha Vidhyalaya(Gia), V.V.Nagar",CIVIL ENGINEERING,OPEN,2022,66.2511
20,"Birla Vishvakarma Maha Vidhyalaya(Gia), V.V.Nagar",CIVIL ENGINEERING,SC,2022,44.8972
20,"Birla Vishvakarma Maha Vidhyalaya(Gia), V.V.Nagar",CIVIL ENGINEERING,SEBC,2022,54.6684
20,"Birla Vishvakarma Maha Vidhyalaya(Gia), V.V.Nagar",CIVIL ENGINEERING,ST,2022,36.8522
20,"Birla Vishvakarma Maha Vidhyalaya(Gia), V.V.Nagar",COMPUTER ENGINEERING,EWS,2022,97.2975
20,"Birla Vishvakarma Maha Vidhyalaya(Gia), V.V.Nagar",COMPUTER ENGINEERING,OPEN,2022,97.3882
20,"Birla Vishvakarma Maha Vidhyalaya(Gia), V.V.Nagar",COMPUTER ENGINEERING,SC,2022,87.4875
20,"Birla Vishvakarma Maha Vidhyalaya(Gia), V.V.Nagar",COMPUTER ENGINEERING,SEBC,2022,95.0463
20,"Birla Vishvakarma Maha Vidhyalaya(Gia), V.V.Nagar",COMPUTER ENGINEERING,ST,2022,41.2399
20,"Birla Vishvakarma Maha Vidhyalaya(Gia), V.V.Nagar",ELECTRICAL ENGINEERING,EWS,2022,69.5105
20,"Birla Vishvakarma Maha Vidhyalaya(Gia), V.V.Nagar",ELECTRICAL ENGINEERING,OPEN,2022,75.5405
20,"Birla Vishvakarma Maha Vidhyalaya(Gia), V.V.Nagar",ELECTRICAL ENGINEERING,SC,2022,48.8616
20,"Birla Vishvakarma Maha Vidhyalaya(Gia), V.V.Nagar",ELECTRICAL ENGINEERING,SEBC,2022,61.6853
20,"Birla Vishvakarma Maha Vidhyalaya(Gia), V.V.Nagar",ELECTRICAL ENGINEERING,ST,2022,27.0394
20,"Birla Vishvakarma Maha Vidhyalaya(Gia), V.V.Nagar",ELECTRONICS ENGINEERING,EWS,2022,65.0867
20,"Birla Vishvakarma Maha Vidhyalaya(Gia), V.V.Nagar",ELECTRONICS ENGINEERING,OPEN,2022,70.8256
20,"Birla Vishvakarma Maha Vidhyalaya(Gia), V.V.Nagar",ELECTRONICS ENGINEERING,SC,2022,18.8337
20,"Birla Vishvakarma Maha Vidhyalaya(Gia), V.V.Nagar",ELECTRONICS ENGINEERING,SEBC,2022,31.9217
20,"Birla Vishvakarma Maha Vidhyalaya(Gia), V.V.Nagar",MECHANICAL ENGINEERING,EWS,2022,73.7036
20,"Birla Vishvakarma Maha Vidhyalaya(Gia), V.V.Nagar",MECHANICAL ENGINEERING,OPEN,2022,79.7241
20,"Birla Vishvakarma Maha Vidhyalaya(Gia), V.V.Nagar",MECHANICAL ENGINEERING,SC,2022,43.1969
20,"Birla Vishvakarma Maha Vidhyalaya(Gia), V.V.Nagar",MECHANICAL ENGINEERING,SEBC,2022,69.8983
20,"Birla Vishvakarma Maha Vidhyalaya(Gia), V.V.Nagar",MECHANICAL ENGINEERING,ST,2022,4.9051
20,"Birla Vishvakarma Maha Vidhyalaya(Gia), V.V.Nagar",PRODUCTION ENGINEERING,OPEN,2022,9.9094
21,"Birla Vishvakarma Maha Vidhylaya(Sfi), V.V.Nagar",ELECTRONICS & COMMUNICATION ENGINEERING,EWS,2022,56.0397
21,"Birla Vishvakarma Maha Vidhylaya(Sfi), V.V.Nagar",ELECTRONICS & COMMUNICATION ENGINEERING,OPEN,2022,61.0587
21,"Birla Vishvakarma Maha Vidhylaya(Sfi), V.V.Nagar",INFORMATION TECHNOLOGY,EWS,2022,94.501
21,"Birla Vishvakarma Maha Vidhylaya(Sfi), V.V.Nagar",INFORMATION TECHNOLOGY,OPEN,2022,94.9165
21,"Birla Vishvakarma Maha Vidhylaya(Sfi), V.V.Nagar",INFORMATION TECHNOLOGY,SC,2022,79.9639
21,"Birla Vishvakarma Maha Vidhylaya(Sfi), V.V.Nagar",INFORMATION TECHNOLOGY,SEBC,2022,91.196
21,"Birla Vishvakarma Maha Vidhylaya(Sfi), V.V.Nagar",MECHANICAL ENGINEERING,OPEN,2022,62.8611
21,"Birla Vishvakarma Maha Vidhylaya(Sfi), V.V.Nagar",MECHANICAL ENGINEERING,SC,2022,10.0536
21,"Birla Vishvakarma Maha Vidhylaya(Sfi), V.V.Nagar",MECHANICAL ENGINEERING,SEBC,2022,24.4041
22,"C. K. Pithawala College Of Engg. & Tech., Surat",CIVIL ENGINEERING,OPEN,2022,4.4602
22,"C. K. Pithawala College Of Engg. & Tech., Surat",COMPUTER ENGINEERING,EWS,2022,73.8826
22,"C. K. Pithawala College Of Engg. & Tech., Surat",COMPUTER ENGINEERING,OPEN,2022,76.03
22,"C. K. Pithawala College Of Engg. & Tech., Surat",COMPUTER ENGINEERING,SC,2022,26.8354
22,"C. K. Pithawala College Of Engg. & Tech., Surat",COMPUTER ENGINEERING,SEBC,2022,60.4125
22,"C. K. Pithawala College Of Engg. & Tech., Surat",ELECTRICAL ENGINEERING,OPEN,2022,4.5409
23,"C.U.Shah College Of Engg.& Tech.,Wadhvan",COMPUTER ENGINEERING,OPEN,2022,8.2926
25,"Chandubhai S Patel Institute Of Technology, Changa",COMPUTER ENGINEERING,EWS,2022,92.5107
25,"Chandubhai S Patel Institute Of Technology, Changa",COMPUTER ENGINEERING,OPEN,2022,92.6331
25,"Chandubhai S Patel Institute Of Technology, Changa",COMPUTER ENGINEERING,SC,2022,71.8674
25,"Chandubhai S Patel Institute Of Technology, Changa",COMPUTER ENGINEERING,SEBC,2022,87.3285
25,"Chandubhai S Patel Institute Of Technology, Changa",COMPUTER SCIENCE & ENGINEERING,EWS,2022,93.0517
25,"Chandubhai S Patel Institute Of Technology, Changa",COMPUTER SCIENCE & ENGINEERING,OPEN,2022,93.5754
25,"Chandubhai S Patel Institute Of Technology, Changa",COMPUTER SCIENCE & ENGINEERING,SC,2022,78.7813
25,"Chandubhai S Patel Institute Of Technology, Changa",COMPUTER SCIENCE & ENGINEERING,SEBC,2022,87.6964
25,"Chandubhai S Patel Institute Of Technology, Changa",ELECTRICAL ENGINEERING,OPEN,2022,15.5507
25,"Chandubhai S Patel Institute Of Technology, Changa",ELECTRONICS & COMMUNICATION ENGINEERING,OPEN,2022,14.6898
25,"Chandubhai S Patel Institute Of Technology, Changa",INFORMATION TECHNOLOGY,EWS,2022,90.2469
25,"Chandubhai S Patel Institute Of Technology, Changa",INFORMATION TECHNOLOGY,OPEN,2022,91.0407
25,"Chandubhai S Patel Institute Of Technology, Changa",INFORMATION TECHNOLOGY,SC,2022,65.0743
25,"Chandubhai S Patel Institute Of Technology, Changa",INFORMATION TECHNOLOGY,SEBC,2022,81.4745
30,"Chhotubhai Gopalbhai Patel Institute Of Tech., Tarsadi, Bardoli",ARTIFICIAL INTELLIGENCE AND DATA SCIENCE,OPEN,2022,3.8701
30,"Chhotubhai Gopalbhai Patel Institute Of Tech., Tarsadi, Bardoli",COMPUTER ENGINEERING,OPEN,2022,7.5567
30,"Chhotubhai Gopalbhai Patel Institute Of Tech., Tarsadi, Bardoli",INFORMATION TECHNOLOGY,OPEN,2022,1.5906
32,DR. S & S.S.Ghandhi Government Engineering College Surat,CIVIL ENGINEERING,EWS,2022,55.4339
32,DR. S & S.S.Ghandhi Government Engineering College Surat,CIVIL ENGINEERING,OPEN,2022,66.5573
32,DR. S & S.S.Ghandhi Government Engineering College Surat,CIVIL ENGINEERING,SC,2022,9.934
32,DR. S & S.S.Ghandhi Government Engineering College Surat,CIVIL ENGINEERING,SEBC,2022,45.0649
32,DR. S & S.S.Ghandhi Government Engineering College Surat,CIVIL ENGINEERING,ST,2022,51.1657
32,DR. S & S.S.Ghandhi Government Engineering College Surat,ELECTRICAL ENGINEERING,EWS,2022,46.5849
32,DR. S & S.S.Ghandhi Government Engineering College Surat,ELECTRICAL ENGINEERING,OPEN,2022,65.0791
32,DR. S & S.S.Ghandhi Government Engineering College Surat,ELECTRICAL ENGINEERING,SC,2022,17.96
32,DR. S & S.S.Ghandhi Government Engineering College Surat,ELECTRICAL ENGINEERING,SEBC,2022,44.7698
32,DR. S & S.S.Ghandhi Government Engineering College Surat,ELECTRICAL ENGINEERING,ST,2022,31.0598
32,DR. S & S.S.Ghandhi Government Engineering College Surat,ELECTRONICS & COMMUNICATION ENGINEERING,EWS,2022,59.0738
32,DR. S & S.S.Ghandhi Government Engineering College Surat,ELECTRONICS & COMMUNICATION ENGINEERING,OPEN,2022,66.0432
32,DR. S & S.S.Ghandhi Government Engineering College Surat,ELECTRONICS & COMMUNICATION ENGINEERING,SEBC,2022,36.2741
32,DR. S & S.S.Ghandhi Government Engineering College Surat,ENVIRONMENTAL ENGINEERING,OPEN,2022,29.0715
32,DR. S & S.S.Ghandhi Government Engineering College Surat,MECHANICAL ENGINEERING,EWS,2022,64.2831
32,DR. S & S.S.Ghandhi Government Engineering College Surat,MECHANICAL ENGINEERING,OPEN,2022,71.0177
32,DR. S & S.S.Ghandhi Government Engineering College Surat,MECHANICAL ENGINEERING,SEBC,2022,57.4467
32,DR. S & S.S.Ghandhi Government Engineering College Surat,MECHANICAL ENGINEERING,ST,2022,9.142
34,"Darshan Institute Of Engg. & Tech., Rajkot-Morbi Highway, Hadala",COMPUTER ENGINEERING,EWS,2022,55.765
34,"Darshan Institute Of Engg. & Tech., Rajkot-Morbi Highway, Hadala",COMPUTER ENGINEERING,OPEN,2022,64.7704
35,"Department of Engineering and Computing , Institute of Advance Research, Gandhinagar",BIOTECHNOLOGY,EWS,2022,73.8276
35,"Department of Engineering and Computing , Institute of Advance Research, Gandhinagar",BIOTECHNOLOGY,OPEN,2022,85.7789
35,"Department of Engineering and Computing , Institute of Advance Research, Gandhinagar",BIOTECHNOLOGY,SC,2022,37.0964
35,"Department of Engineering and Computing , Institute of Advance Research, Gandhinagar",BIOTECHNOLOGY,SEBC,2022,57.2479
35,"Department of Engineering and Computing , Institute of Advance Research, Gandhinagar",CHEMICAL ENGINEERING,OPEN,2022,28.2656
35,"Department of Engineering and Computing , Institute of Advance Research, Gandhinagar",COMPUTER ENGINEERING,EWS,2022,67.3109
35,"Department of Engineering and Computing , Institute of Advance Research, Gandhinagar",COMPUTER ENGINEERING,OPEN,2022,74.6032
35,"Department of Engineering and Computing , Institute of Advance Research, Gandhinagar",COMPUTER ENGINEERING,SC,2022,35.4903
35,"Department of Engineering and Computing , Institute of Advance Research, Gandhinagar",COMPUTER ENGINEERING,SEBC,2022,28.7442
35,"Department of Engineering and Computing , Institute of Advance Research, Gandhinagar",INFORMATION & COMMUNICATION TECHNOLOGY,EWS,2022,59.8673
35,"Department of Engineering and Computing , Institute of Advance Research, Gandhinagar",INFORMATION & COMMUNICATION TECHNOLOGY,OPEN,2022,64.9825
35,"Department of Engineering and Computing , Institute of Advance Research, Gandhinagar",INFORMATION & COMMUNICATION TECHNOLOGY,SC,2022,59.1282
35,"Department of Engineering and Computing , Institute of Advance Research, Gandhinagar",INFORMATION TECHNOLOGY,EWS,2022,68.566
35,"Department of Engineering and Computing , Institute of Advance Research, Gandhinagar",INFORMATION TECHNOLOGY,OPEN,2022,73.9754
35,"Department of Engineering and Computing , Institute of Advance Research, Gandhinagar",INFORMATION TECHNOLOGY,SC,2022,37.2432
35,"Department of Engineering and Computing , Institute of Advance Research, Gandhinagar",INFORMATION TECHNOLOGY,SEBC,2022,35.528
36,"Devang Patel Institute of Advance Technology And Research, Changa",COMPUTER ENGINEERING,EWS,2022,89.8714
36,"Devang Patel Institute of Advance Technology And Research, Changa",COMPUTER ENGINEERING,OPEN,2022,90.1741
36,"Devang Patel Institute of Advance Technology And Research, Changa",COMPUTER ENGINEERING,SC,2022,53.8365
36,"Devang Patel Institute of Advance Technology And Research, Changa",COMPUTER ENGINEERING,SEBC,2022,80.2194
36,"Devang Patel Institute of Advance Technology And Research, Changa",COMPUTER SCIENCE & ENGINEERING,EWS,2022,90.8204
36,"Devang Patel Institute of Advance Technology And Research, Changa",COMPUTER SCIENCE & ENGINEERING,OPEN,2022,91.3948
36,"Devang Patel Institute of Advance Technology And Research, Changa",COMPUTER SCIENCE & ENGINEERING,SC,2022,59.253
36,"Devang Patel Institute of Advance Technology And Research, Changa",COMPUTER SCIENCE & ENGINEERING,SEBC,2022,80.6387
36,"Devang Patel Institute of Advance Technology And Research, Changa",INFORMATION TECHNOLOGY,EWS,2022,89.3714
36,"Devang Patel Institute of Advance Technology And Research, Changa",INFORMATION TECHNOLOGY,OPEN,2022,89.7364
36,"Devang Patel Institute of Advance Technology And Research, Changa",INFORMATION TECHNOLOGY,SC,2022,47.9058
36,"Devang Patel Institute of Advance Technology And Research, Changa",INFORMATION TECHNOLOGY,SEBC,2022,78.1091
37,"Dhirubhai Ambani Institute of Info. & Comm. Tech., Gandhinagar",HONS. IN ICT WITH MINOR IN COMPUTATIONAL SCI,EWS,2022,99.3754
37,"Dhirubhai Ambani Institute of Info. & Comm. Tech., Gandhinagar",HONS. IN ICT WITH MINOR IN COMPUTATIONAL SCI,SC,2022,94.7869
37,"Dhirubhai Ambani Institute of Info. & Comm. Tech., Gandhinagar",HONS. IN ICT WITH MINOR IN COMPUTATIONAL SCI,SEBC,2022,99.2511
37,"Dhirubhai Ambani Institute of Info. & Comm. Tech., Gandhinagar",HONS. IN ICT WITH MINOR IN COMPUTATIONAL SCI,ST,2022,88.7596
37,"Dhirubhai Ambani Institute of Info. & Comm. Tech., Gandhinagar",INFORMATION & COMMUNICATION TECHNOLOGY,EWS,2022,99.0913
37,"Dhirubhai Ambani Institute of Info. & Comm. Tech., Gandhinagar",INFORMATION & COMMUNICATION TECHNOLOGY,OPEN,2022,99.2432
37,"Dhirubhai Ambani Institute of Info. & Comm. Tech., Gandhinagar",INFORMATION & COMMUNICATION TECHNOLOGY,SC,2022,93.3497
37,"Dhirubhai Ambani Institute of Info. & Comm. Tech., Gandhinagar",INFORMATION & COMMUNICATION TECHNOLOGY,SEBC,2022,98.1341
37,"Dhirubhai Ambani Institute of Info. & Comm. Tech., Gandhinagar",INFORMATION & COMMUNICATION TECHNOLOGY,ST,2022,66.3715
37,"Dhirubhai Ambani Institute of Info. & Comm. Tech., Gandhinagar",MATHEMATICS AND COMPUTING,EWS,2022,99.1226
37,"Dhirubhai Ambani Institute of Info. & Comm. Tech., Gandhinagar",MATHEMATICS AND COMPUTING,OPEN,2022,99.3332
37,"Dhirubhai Ambani Institute of Info. & Comm. Tech., Gandhinagar",MATHEMATICS AND COMPUTING,SC,2022,91.1434
37,"Dhirubhai Ambani Institute of Info. & Comm. Tech., Gandhinagar",MATHEMATICS AND COMPUTING,SEBC,2022,97.8728
37,"Dhirubhai Ambani Institute of Info. & Comm. Tech., Gandhinagar",MATHEMATICS AND COMPUTING,ST,2022,73.1703
38,"Dr. Jivraj Mehta Institute Of Technology, Anand",COMPUTER ENGINEERING,OPEN,2022,0.8343
38,"Dr. Jivraj Mehta Institute Of Technology, Anand",INFORMATION TECHNOLOGY,OPEN,2022,21.233
43,"Faculty Of Technology & Engineering(MSU), Vadodara",CHEMICAL ENGINEERING,EWS,2022,94.2174
43,"Faculty Of Technology & Engineering(MSU), Vadodara",CHEMICAL ENGINEERING,OPEN,2022,94.9084
43,"Faculty Of Technology & Engineering(MSU), Vadodara",CHEMICAL ENGINEERING,SC,2022,79.76
43,"Faculty Of Technology & Engineering(MSU), Vadodara",CHEMICAL ENGINEERING,SEBC,2022,86.4067
43,"Faculty Of Technology & Engineering(MSU), Vadodara",CHEMICAL ENGINEERING,ST,2022,52.1496
43,"Faculty Of Technology & Engineering(MSU), Vadodara",CIVIL ENGINEERING,EWS,2022,65.2105
43,"Faculty Of Technology & Engineering(MSU), Vadodara",CIVIL ENGINEERING,OPEN,2022,78.8715
43,"Faculty Of Technology & Engineering(MSU), Vadodara",CIVIL ENGINEERING,SC,2022,53.2099
43,"Faculty Of Technology & Engineering(MSU), Vadodara",CIVIL ENGINEERING,SEBC,2022,65.8509
43,"Faculty Of Technology & Engineering(MSU), Vadodara",CIVIL ENGINEERING,ST,2022,46.774
43,"Faculty Of Technology & Engineering(MSU), Vadodara",COMPUTER SCIENCE & ENGINEERING,EWS,2022,97.725
43,"Faculty Of Technology & Engineering(MSU), Vadodara",COMPUTER SCIENCE & ENGINEERING,OPEN,2022,98.181
43,"Faculty Of Technology & Engineering(MSU), Vadodara",COMPUTER SCIENCE & ENGINEERING,SC,2022,90.4967
43,"Faculty Of Technology & Engineering(MSU), Vadodara",COMPUTER SCIENCE & ENGINEERING,SEBC,2022,96.2565
43,"Faculty Of Technology & Engineering(MSU), Vadodara",COMPUTER SCIENCE & ENGINEERING,ST,2022,73.5805
43,"Faculty Of Technology & Engineering(MSU), Vadodara",ELECTRICAL ENGINEERING,EWS,2022,82.3694
43,"Faculty Of Technology & Engineering(MSU), Vadodara",ELECTRICAL ENGINEERING,OPEN,2022,87.5604
43,"Faculty Of Technology & Engineering(MSU), Vadodara",ELECTRICAL ENGINEERING,SC,2022,62.9231
43,"Faculty Of Technology & Engineering(MSU), Vadodara",ELECTRICAL ENGINEERING,SEBC,2022,77.9908
43,"Faculty Of Technology & Engineering(MSU), Vadodara",ELECTRICAL ENGINEERING,ST,2022,43.06
43,"Faculty Of Technology & Engineering(MSU), Vadodara",ELECTRONICS ENGINEERING,EWS,2022,84.9236
43,"Faculty Of Technology & Engineering(MSU), Vadodara",ELECTRONICS ENGINEERING,OPEN,2022,90.1168
43,"Faculty Of Technology & Engineering(MSU), Vadodara",ELECTRONICS ENGINEERING,SC,2022,57.2157
43,"Faculty Of Technology & Engineering(MSU), Vadodara",ELECTRONICS ENGINEERING,SEBC,2022,75.1184
43,"Faculty Of Technology & Engineering(MSU), Vadodara",MECHANICAL ENGINEERING,EWS,2022,84.1536
43,"Faculty Of Technology & Engineering(MSU), Vadodara",MECHANICAL ENGINEERING,OPEN,2022,89.8138
43,"Faculty Of Technology & Engineering(MSU), Vadodara",MECHANICAL ENGINEERING,SC,2022,60.9324
43,"Faculty Of Technology & Engineering(MSU), Vadodara",MECHANICAL ENGINEERING,SEBC,2022,77.3122
43,"Faculty Of Technology & Engineering(MSU), Vadodara",MECHANICAL ENGINEERING,ST,2022,35.4881
43,"Faculty Of Technology & Engineering(MSU), Vadodara",METALLURGICAL AND MATERIALS ENGINEERING,EWS,2022,37.7506
43,"Faculty Of Technology & Engineering(MSU), Vadodara",METALLURGICAL AND MATERIALS ENGINEERING,OPEN,2022,54.7297
43,"Faculty Of Technology & Engineering(MSU), Vadodara",TEXTILE ENGINEERING,EWS,2022,45.3755
43,"Faculty Of Technology & Engineering(MSU), Vadodara",TEXTILE ENGINEERING,OPEN,2022,56.1446
43,"Faculty Of Technology & Engineering(MSU), Vadodara",TEXTILE ENGINEERING,SC,2022,31.8407
43,"Faculty Of Technology & Engineering(MSU), Vadodara",TEXTILE TECHNOLOGY,OPEN,2022,9.7801
43,"Faculty Of Technology & Engineering(MSU), Vadodara",WATER MANAGEMENT ***,OPEN,2022,7.4386
44,"Faculty Of Technology And Engineering(GIA), Dharmsinh Desai University, (DDU), Nadiad",CHEMICAL ENGINEERING,EWS,2022,89.9921
44,"Faculty Of Technology And Engineering(GIA), Dharmsinh Desai University, (DDU), Nadiad",CHEMICAL ENGINEERING,OPEN,2022,91.902
44,"Faculty Of Technology And Engineering(GIA), Dharmsinh Desai University, (DDU), Nadiad",CHEMICAL ENGINEERING,SC,2022,75.962
44,"Faculty Of Technology And Engineering(GIA), Dharmsinh Desai University, (DDU), Nadiad",CHEMICAL ENGINEERING,SEBC,2022,81.0363
44,"Faculty Of Technology And Engineering(GIA), Dharmsinh Desai University, (DDU), Nadiad",CIVIL ENGINEERING,EWS,2022,64.5116
44,"Faculty Of Technology And Engineering(GIA), Dharmsinh Desai University, (DDU), Nadiad",CIVIL ENGINEERING,OPEN,2022,69.174
44,"Faculty Of Technology And Engineering(GIA), Dharmsinh Desai University, (DDU), Nadiad",CIVIL ENGINEERING,SC,2022,42.8778
44,"Faculty Of Technology And Engineering(GIA), Dharmsinh Desai University, (DDU), Nadiad",CIVIL ENGINEERING,SEBC,2022,61.2433
44,"Faculty Of Technology And Engineering(GIA), Dharmsinh Desai University, (DDU), Nadiad",CIVIL ENGINEERING,ST,2022,37.8438
44,"Faculty Of Technology And Engineering(GIA), Dharmsinh Desai University, (DDU), Nadiad",COMPUTER ENGINEERING,EWS,2022,98.7602
44,"Faculty Of Technology And Engineering(GIA), Dharmsinh Desai University, (DDU), Nadiad",COMPUTER ENGINEERING,OPEN,2022,98.8051
44,"Faculty Of Technology And Engineering(GIA), Dharmsinh Desai University, (DDU), Nadiad",COMPUTER ENGINEERING,SC,2022,90.3873
44,"Faculty Of Technology And Engineering(GIA), Dharmsinh Desai University, (DDU), Nadiad",COMPUTER ENGINEERING,SEBC,2022,97.6244
44,"Faculty Of Technology And Engineering(GIA), Dharmsinh Desai University, (DDU), Nadiad",COMPUTER ENGINEERING,ST,2022,60.0803
44,"Faculty Of Technology And Engineering(GIA), Dharmsinh Desai University, (DDU), Nadiad",ELECTRONICS & COMMUNICATION ENGINEERING,EWS,2022,87.0466
44,"Faculty Of Technology And Engineering(GIA), Dharmsinh Desai University, (DDU), Nadiad",ELECTRONICS & COMMUNICATION ENGINEERING,OPEN,2022,90.3614
44,"Faculty Of Technology And Engineering(GIA), Dharmsinh Desai University, (DDU), Nadiad",ELECTRONICS & COMMUNICATION ENGINEERING,SC,2022,60.2872
44,"Faculty Of Technology And Engineering(GIA), Dharmsinh Desai University, (DDU), Nadiad",ELECTRONICS & COMMUNICATION ENGINEERING,SEBC,2022,81.2714
44,"Faculty Of Technology And Engineering(GIA), Dharmsinh Desai University, (DDU), Nadiad",INSTRUMENTATION & CONTROL ENGINEERING,EWS,2022,60.5527
44,"Faculty Of Technology And Engineering(GIA), Dharmsinh Desai University, (DDU), Nadiad",INSTRUMENTATION & CONTROL ENGINEERING,OPEN,2022,68.6634
44,"Faculty Of Technology And Engineering(GIA), Dharmsinh Desai University, (DDU), Nadiad",INSTRUMENTATION & CONTROL ENGINEERING,SEBC,2022,38.7807
45,"Faculty Of Technology(Sfi), Dharmsinh Desai University, Nadiad",CHEMICAL ENGINEERING,EWS,2022,76.4469
45,"Faculty Of Technology(Sfi), Dharmsinh Desai University, Nadiad",CHEMICAL ENGINEERING,OPEN,2022,79.4992
45,"Faculty Of Technology(Sfi), Dharmsinh Desai University, Nadiad",CHEMICAL ENGINEERING,SC,2022,39.6418
45,"Faculty Of Technology(Sfi), Dharmsinh Desai University, Nadiad",CHEMICAL ENGINEERING,SEBC,2022,59.6625
45,"Faculty Of Technology(Sfi), Dharmsinh Desai University, Nadiad",COMPUTER ENGINEERING,EWS,2022,97.7419
45,"Faculty Of Technology(Sfi), Dharmsinh Desai University, Nadiad",COMPUTER ENGINEERING,OPEN,2022,98.1144
45,"Faculty Of Technology(Sfi), Dharmsinh Desai University, Nadiad",COMPUTER ENGINEERING,SC,2022,88.098
45,"Faculty Of Technology(Sfi), Dharmsinh Desai University, Nadiad",COMPUTER ENGINEERING,SEBC,2022,96.003
45,"Faculty Of Technology(Sfi), Dharmsinh Desai University, Nadiad",COMPUTER ENGINEERING,ST,2022,18.7839
45,"Faculty Of Technology(Sfi), Dharmsinh Desai University, Nadiad",ELECTRONICS & COMMUNICATION ENGINEERING,EWS,2022,78.1954
45,"Faculty Of Technology(Sfi), Dharmsinh Desai University, Nadiad",ELECTRONICS & COMMUNICATION ENGINEERING,OPEN,2022,82.3574
45,"Faculty Of Technology(Sfi), Dharmsinh Desai University, Nadiad",ELECTRONICS & COMMUNICATION ENGINEERING,SC,2022,49.2153
45,"Faculty Of Technology(Sfi), Dharmsinh Desai University, Nadiad",INFORMATION TECHNOLOGY,EWS,2022,95.8564
45,"Faculty Of Technology(Sfi), Dharmsinh Desai University, Nadiad",INFORMATION TECHNOLOGY,OPEN,2022,96.2547
45,"Faculty Of Technology(Sfi), Dharmsinh Desai University, Nadiad",INFORMATION TECHNOLOGY,SC,2022,83.6315
45,"Faculty Of Technology(Sfi), Dharmsinh Desai University, Nadiad",INFORMATION TECHNOLOGY,SEBC,2022,93.5605
45,"Faculty Of Technology(Sfi), Dharmsinh Desai University, Nadiad",INSTRUMENTATION & CONTROL ENGINEERING,OPEN,2022,43.2187
45,"Faculty Of Technology(Sfi), Dharmsinh Desai University, Nadiad",MECHANICAL ENGINEERING,OPEN,2022,19.1015
49,"G.H.Patel College Of Engg. & Tech. , V. V. Nagar",CHEMICAL ENGINEERING,OPEN,2022,12.5507
49,"G.H.Patel College Of Engg. & Tech. , V. V. Nagar",COMPUTER ENGINEERING,EWS,2022,93.4707
49,"G.H.Patel College Of Engg. & Tech. , V. V. Nagar",COMPUTER ENGINEERING,OPEN,2022,94.4699
49,"G.H.Patel College Of Engg. & Tech. , V. V. Nagar",COMPUTER ENGINEERING,SC,2022,75.3991
49,"G.H.Patel College Of Engg. & Tech. , V. V. Nagar",COMPUTER ENGINEERING,SEBC,2022,90.6281
49,"G.H.Patel College Of Engg. & Tech. , V. V. Nagar",COMPUTER SCIENCE & DESIGN,EWS,2022,82.7533
49,"G.H.Patel College Of Engg. & Tech. , V. V. Nagar",COMPUTER SCIENCE & DESIGN,OPEN,2022,85.6306
49,"G.H.Patel College Of Engg. & Tech. , V. V. Nagar",COMPUTER SCIENCE & DESIGN,SC,2022,26.2981
49,"G.H.Patel College Of Engg. & Tech. , V. V. Nagar",COMPUTER SCIENCE & DESIGN,SEBC,2022,68.0405
49,"G.H.Patel College Of Engg. & Tech. , V. V. Nagar",COMPUTER SCIENCE & ENGINEERING (IOT),EWS,2022,85.2931
49,"G.H.Patel College Of Engg. & Tech. , V. V. Nagar",COMPUTER SCIENCE & ENGINEERING (IOT),OPEN,2022,87.343
49,"G.H.Patel College Of Engg. & Tech. , V. V. Nagar",COMPUTER SCIENCE & ENGINEERING (IOT),SC,2022,47.5903
49,"G.H.Patel College Of Engg. & Tech. , V. V. Nagar",COMPUTER SCIENCE & ENGINEERING (IOT),SEBC,2022,70.3536
49,"G.H.Patel College Of Engg. & Tech. , V. V. Nagar",ELECTRONICS & COMMUNICATION ENGINEERING,OPEN,2022,9.5146
49,"G.H.Patel College Of Engg. & Tech. , V. V. Nagar",INFORMATION TECHNOLOGY,EWS,2022,92.1229
49,"G.H.Patel College Of Engg. & Tech. , V. V. Nagar",INFORMATION TECHNOLOGY,OPEN,2022,92.8324
49,"G.H.Patel College Of Engg. & Tech. , V. V. Nagar",INFORMATION TECHNOLOGY,SC,2022,67.8281
49,"G.H.Patel College Of Engg. & Tech. , V. V. Nagar",INFORMATION TECHNOLOGY,SEBC,2022,86.426
50,"GIDC Degree Engineering College, Abrama, Navsari",COMPUTER ENGINEERING,EWS,2022,54.2627
50,"GIDC Degree Engineering College, Abrama, Navsari",COMPUTER ENGINEERING,OPEN,2022,65.4469
50,"GIDC Degree Engineering College, Abrama, Navsari",COMPUTER ENGINEERING,SC,2022,1.7931
50,"GIDC Degree Engineering College, Abrama, Navsari",COMPUTER ENGINEERING,SEBC,2022,56.3319
50,"GIDC Degree Engineering College, Abrama, Navsari",MECHANICAL ENGINEERING,OPEN,2022,3.4081
51,GYANMANJARI INSTITUTE OF TECHNOLOGY Bhavnagar,COMPUTER ENGINEERING,EWS,2022,24.5894
51,GYANMANJARI INSTITUTE OF TECHNOLOGY Bhavnagar,COMPUTER ENGINEERING,OPEN,2022,37.4812
51,GYANMANJARI INSTITUTE OF TECHNOLOGY Bhavnagar,INFORMATION TECHNOLOGY,EWS,2022,10.3172
51,GYANMANJARI INSTITUTE OF TECHNOLOGY Bhavnagar,INFORMATION TECHNOLOGY,OPEN,2022,35.9551
52,"Gandhinagar Institute Of Technology, Moti Bhoyan, Kalol, Gandhinagar",COMPUTER ENGINEERING,EWS,2022,62.567
52,"Gandhinagar Institute Of Technology, Moti Bhoyan, Kalol, Gandhinagar",COMPUTER ENGINEERING,OPEN,2022,68.4774
52,"Gandhinagar Institute Of Technology, Moti Bhoyan, Kalol, Gandhinagar",COMPUTER ENGINEERING,SC,2022,37.3311
52,"Gandhinagar Institute Of Technology, Moti Bhoyan, Kalol, Gandhinagar",COMPUTER ENGINEERING,SEBC,2022,24.2628
52,"Gandhinagar Institute Of Technology, Moti Bhoyan, Kalol, Gandhinagar",INFORMATION TECHNOLOGY,EWS,2022,61.8897
52,"Gandhinagar Institute Of Technology, Moti Bhoyan, Kalol, Gandhinagar",INFORMATION TECHNOLOGY,OPEN,2022,64.5343
52,"Gandhinagar Institute Of Technology, Moti Bhoyan, Kalol, Gandhinagar",INFORMATION TECHNOLOGY,SC,2022,30.537
52,"Gandhinagar Institute Of Technology, Moti Bhoyan, Kalol, Gandhinagar",INFORMATION TECHNOLOGY,SEBC,2022,4.7964
53,"Ganpat University, Institute of Computer Tech., Kherva, Mehsana",COMPUTER SCIENCE & ENGINEERING (BIG DATA AN,EWS,2022,16.2359
53,"Ganpat University, Institute of Computer Tech., Kherva, Mehsana",COMPUTER SCIENCE & ENGINEERING (BIG DATA AN,OPEN,2022,36.5501
53,"Ganpat University, Institute of Computer Tech., Kherva, Mehsana",COMPUTER SCIENCE & ENGINEERING (CYBER SECUR,OPEN,2022,9.1562
53,"Ganpat University, Institute of Computer Tech., Kherva, Mehsana",INFORMATION & COMMUNICATION TECHNOLOGY,OPEN,2022,4.8763
54,"Ganpat University, U.V.Patel College of Engineering, Kherva, Mehsana",BIOMEDICAL ENGINEERING,EWS,2022,51.1724
54,"Ganpat University, U.V.Patel College of Engineering, Kherva, Mehsana",BIOMEDICAL ENGINEERING,OPEN,2022,59.0182
54,"Ganpat University, U.V.Patel College of Engineering, Kherva, Mehsana",BIOMEDICAL ENGINEERING,SC,2022,32.0697
54,"Ganpat University, U.V.Patel College of Engineering, Kherva, Mehsana",BIOMEDICAL ENGINEERING,ST,2022,19.3854
54,"Ganpat University, U.V.Patel College of Engineering, Kherva, Mehsana",COMPUTER ENGINEERING,EWS,2022,44.0233
54,"Ganpat University, U.V.Patel College of Engineering, Kherva, Mehsana",COMPUTER ENGINEERING,OPEN,2022,50.858
54,"Ganpat University, U.V.Patel College of Engineering, Kherva, Mehsana",COMPUTER ENGINEERING,SC,2022,21.6626
54,"Ganpat University, U.V.Patel College of Engineering, Kherva, Mehsana",COMPUTER ENGINEERING (ARTIFICIAL INTELLIGENC,OPEN,2022,17.4805
54,"Ganpat University, U.V.Patel College of Engineering, Kherva, Mehsana",COMPUTER SCIENCE & BUSINESS SYSTEMS,OPEN,2022,10.3994
54,"Ganpat University, U.V.Patel College of Engineering, Kherva, Mehsana",INFORMATION TECHNOLOGY,EWS,2022,41.4146
54,"Ganpat University, U.V.Patel College of Engineering, Kherva, Mehsana",INFORMATION TECHNOLOGY,OPEN,2022,51.7873
54,"Ganpat University, U.V.Patel College of Engineering, Kherva, Mehsana",INFORMATION TECHNOLOGY,SC,2022,14.6295
54,"Ganpat University, U.V.Patel College of Engineering, Kherva, Mehsana",INFORMATION TECHNOLOGY,SEBC,2022,11.4154
55,"Government Engineering College, Bharuch",CHEMICAL ENGINEERING,EWS,2022,67.93
55,"Government Engineering College, Bharuch",CHEMICAL ENGINEERING,OPEN,2022,73.4508
55,"Government Engineering College, Bharuch",CHEMICAL ENGINEERING,SC,2022,35.9976
55,"Government Engineering College, Bharuch",CHEMICAL ENGINEERING,SEBC,2022,66.2212
55,"Government Engineering College, Bharuch",CIVIL ENGINEERING,OPEN,2022,35.2275
55,"Government Engineering College, Bharuch",CIVIL ENGINEERING,ST,2022,25.7235
55,"Government Engineering College, Bharuch",ELECTRICAL ENGINEERING,OPEN,2022,32.8974
55,"Government Engineering College, Bharuch",ELECTRICAL ENGINEERING,SEBC,2022,4.0908
55,"Government Engineering College, Bharuch",ELECTRICAL ENGINEERING,ST,2022,4.0094
55,"Government Engineering College, Bharuch",ELECTRONICS & COMMUNICATION ENGINEERING,OPEN,2022,2.6525
55,"Government Engineering College, Bharuch",MECHANICAL ENGINEERING,OPEN,2022,37.6559
55,"Government Engineering College, Bharuch",MECHANICAL ENGINEERING,SEBC,2022,0.2328
56,"Government Engineering College, Bhavnagar",CIVIL ENGINEERING,EWS,2022,31.3784
56,"Government Engineering College, Bhavnagar",CIVIL ENGINEERING,OPEN,2022,53.8655
56,"Government Engineering College, Bhavnagar",CIVIL ENGINEERING,SEBC,2022,40.3112
56,"Government Engineering College, Bhavnagar",COMPUTER ENGINEERING,EWS,2022,88.2834
56,"Government Engineering College, Bhavnagar",COMPUTER ENGINEERING,OPEN,2022,89.6648
56,"Government Engineering College, Bhavnagar",COMPUTER ENGINEERING,SC,2022,77.1546
56,"Government Engineering College, Bhavnagar",COMPUTER ENGINEERING,SEBC,2022,82.8842
56,"Government Engineering College, Bhavnagar",ELECTRONICS & COMMUNICATION ENGINEERING,OPEN,2022,31.4566
56,"Government Engineering College, Bhavnagar",INFORMATION TECHNOLOGY,EWS,2022,86.3331
56,"Government Engineering College, Bhavnagar",INFORMATION TECHNOLOGY,OPEN,2022,87.0362
56,"Government Engineering College, Bhavnagar",INFORMATION TECHNOLOGY,SC,2022,63.1705
56,"Government Engineering College, Bhavnagar",INFORMATION TECHNOLOGY,SEBC,2022,82.1727
56,"Government Engineering College, Bhavnagar",MECHANICAL ENGINEERING,OPEN,2022,5.7819
57,"Government Engineering College, Bhuj",CHEMICAL ENGINEERING,EWS,2022,36.5799
57,"Government Engineering College, Bhuj",CHEMICAL ENGINEERING,OPEN,2022,45.3331
57,"Government Engineering College, Bhuj",CHEMICAL ENGINEERING,SEBC,2022,32.814
57,"Government Engineering College, Bhuj",CIVIL ENGINEERING,OPEN,2022,5.9364
57,"Government Engineering College, Bhuj",ELECTRICAL ENGINEERING,OPEN,2022,2.9213
57,"Government Engineering College, Bhuj",ENVIRONMENTAL ENGINEERING,OPEN,2022,6.0277
57,"Government Engineering College, Bhuj",MECHANICAL ENGINEERING,OPEN,2022,2.6525
58,"Government Engineering College, Dahod",CIVIL ENGINEERING,OPEN,2022,1.1017
58,"Government Engineering College, Dahod",COMPUTER ENGINEERING,EWS,2022,68.265
58,"Government Engineering College, Dahod",COMPUTER ENGINEERING,OPEN,2022,72.5397
58,"Government Engineering College, Dahod",COMPUTER ENGINEERING,SC,2022,35.9976
58,"Government Engineering College, Dahod",COMPUTER ENGINEERING,SEBC,2022,61.718
58,"Government Engineering College, Dahod",ELECTRICAL ENGINEERING,OPEN,2022,2.0147
59,"Government Engineering College, Godhra",CIVIL ENGINEERING,OPEN,2022,8.2821
59,"Government Engineering College, Godhra",ELECTRICAL ENGINEERING,OPEN,2022,5.4563
60,"Government Engineering College, Modasa",CIVIL ENGINEERING,OPEN,2022,2.2349
60,"Government Engineering College, Modasa",COMPUTER ENGINEERING,EWS,2022,71.9066
60,"Government Engineering College, Modasa",COMPUTER ENGINEERING,OPEN,2022,75.822
60,"Government Engineering College, Modasa",COMPUTER ENGINEERING,SC,2022,39.7682
60,"Government Engineering College, Modasa",COMPUTER ENGINEERING,SEBC,2022,65.8794
60,"Government Engineering College, Modasa",ELECTRICAL ENGINEERING,OPEN,2022,5.9734
60,"Government Engineering College, Modasa",ELECTRONICS & COMMUNICATION ENGINEERING,OPEN,2022,32.5623
60,"Government Engineering College, Modasa",INFORMATION TECHNOLOGY,EWS,2022,70.151
60,"Government Engineering College, Modasa",INFORMATION TECHNOLOGY,OPEN,2022,72.5946
60,"Government Engineering College, Modasa",INFORMATION TECHNOLOGY,SC,2022,24.3985
60,"Government Engineering College, Modasa",INFORMATION TECHNOLOGY,SEBC,2022,63.786
60,"Government Engineering College, Modasa",MECHANICAL ENGINEERING,OPEN,2022,2.88
61,"Government Engineering College, Palanpur",CIVIL ENGINEERING,EWS,2022,12.01
61,"Government Engineering College, Palanpur",CIVIL ENGINEERING,OPEN,2022,35.5931
61,"Government Engineering College, Palanpur",CIVIL ENGINEERING,SEBC,2022,16.9292
61,"Government Engineering College, Palanpur",ELECTRICAL ENGINEERING,OPEN,2022,5.1149
62,"Government Engineering College, Patan",CIVIL ENGINEERING,EWS,2022,27.4186
62,"Government Engineering College, Patan",CIVIL ENGINEERING,OPEN,2022,39.1592
62,"Government Engineering College, Patan",CIVIL ENGINEERING,SEBC,2022,13.3032
62,"Government Engineering College, Patan",COMPUTER SCIENCE & ENGINEERING,EWS,2022,71.4805
62,"Government Engineering College, Patan",COMPUTER SCIENCE & ENGINEERING,OPEN,2022,76.5363
62,"Government Engineering College, Patan",COMPUTER SCIENCE & ENGINEERING,SC,2022,31.2725
62,"Government Engineering College, Patan",COMPUTER SCIENCE & ENGINEERING,SEBC,2022,65.0791
62,"Government Engineering College, Patan",ELECTRICAL ENGINEERING,OPEN,2022,1.6575
62,"Government Engineering College, Patan",ELECTRONICS & COMMUNICATION ENGINEERING,OPEN,2022,18.6568
62,"Government Engineering College, Patan",MECHANICAL ENGINEERING,OPEN,2022,4.9493
63,"Government Engineering College, Rajkot",AUTOMOBILE ENGINEERING,OPEN,2022,8.088
63,"Government Engineering College, Rajkot",CIVIL ENGINEERING,EWS,2022,36.2756
63,"Government Engineering College, Rajkot",CIVIL ENGINEERING,OPEN,2022,53.6476
63,"Government Engineering College, Rajkot",CIVIL ENGINEERING,SC,2022,35.1098
63,"Government Engineering College, Rajkot",CIVIL ENGINEERING,SEBC,2022,43.3399
63,"Government Engineering College, Rajkot",COMPUTER ENGINEERING,EWS,2022,84.6819
63,"Government Engineering College, Rajkot",COMPUTER ENGINEERING,OPEN,2022,86.2511
63,"Government Engineering College, Rajkot",COMPUTER ENGINEERING,SC,2022,60.0343
63,"Government Engineering College, Rajkot",COMPUTER ENGINEERING,SEBC,2022,81.1795
63,"Government Engineering College, Rajkot",ELECTRICAL ENGINEERING,EWS,2022,16.1805
63,"Government Engineering College, Rajkot",ELECTRICAL ENGINEERING,OPEN,2022,52.5931
63,"Government Engineering College, Rajkot",ELECTRICAL ENGINEERING,SC,2022,32.147
63,"Government Engineering College, Rajkot",ELECTRICAL ENGINEERING,SEBC,2022,38.3083
63,"Government Engineering College, Rajkot",ELECTRONICS & COMMUNICATION ENGINEERING,OPEN,2022,4.2967
63,"Government Engineering College, Rajkot",INSTRUMENTATION & CONTROL ENGINEERING,OPEN,2022,5.2718
63,"Government Engineering College, Rajkot",MECHANICAL ENGINEERING,EWS,2022,17.1227
63,"Government Engineering College, Rajkot",MECHANICAL ENGINEERING,OPEN,2022,54.38
63,"Government Engineering College, Rajkot",MECHANICAL ENGINEERING,SC,2022,7.9147
63,"Government Engineering College, Rajkot",MECHANICAL ENGINEERING,SEBC,2022,35.5931
64,"Government Engineering College, Sector 28 Gandhinagar",BIOMEDICAL ENGINEERING,EWS,2022,65.7996
64,"Government Engineering College, Sector 28 Gandhinagar",BIOMEDICAL ENGINEERING,OPEN,2022,76.9689
64,"Government Engineering College, Sector 28 Gandhinagar",BIOMEDICAL ENGINEERING,SC,2022,46.2759
64,"Government Engineering College, Sector 28 Gandhinagar",BIOMEDICAL ENGINEERING,SEBC,2022,24.6138
64,"Government Engineering College, Sector 28 Gandhinagar",COMPUTER ENGINEERING,EWS,2022,93.6916
64,"Government Engineering College, Sector 28 Gandhinagar",COMPUTER ENGINEERING,OPEN,2022,94.0723
64,"Government Engineering College, Sector 28 Gandhinagar",COMPUTER ENGINEERING,SC,2022,79.3696
64,"Government Engineering College, Sector 28 Gandhinagar",COMPUTER ENGINEERING,SEBC,2022,91.3595
64,"Government Engineering College, Sector 28 Gandhinagar",COMPUTER ENGINEERING,ST,2022,25.8876
64,"Government Engineering College, Sector 28 Gandhinagar",ELECTRONICS & COMMUNICATION ENGINEERING,EWS,2022,62.5625
64,"Government Engineering College, Sector 28 Gandhinagar",ELECTRONICS & COMMUNICATION ENGINEERING,OPEN,2022,67.4609
64,"Government Engineering College, Sector 28 Gandhinagar",ELECTRONICS & COMMUNICATION ENGINEERING,SC,2022,21.9884
64,"Government Engineering College, Sector 28 Gandhinagar",ELECTRONICS & COMMUNICATION ENGINEERING,SEBC,2022,42.9043
64,"Government Engineering College, Sector 28 Gandhinagar",INFORMATION TECHNOLOGY,EWS,2022,93.0497
64,"Government Engineering College, Sector 28 Gandhinagar",INFORMATION TECHNOLOGY,OPEN,2022,93.2046
64,"Government Engineering College, Sector 28 Gandhinagar",INFORMATION TECHNOLOGY,SC,2022,78.6708
64,"Government Engineering College, Sector 28 Gandhinagar",INFORMATION TECHNOLOGY,SEBC,2022,90.7653
64,"Government Engineering College, Sector 28 Gandhinagar",INFORMATION TECHNOLOGY,ST,2022,20.802
64,"Government Engineering College, Sector 28 Gandhinagar",INSTRUMENTATION & CONTROL ENGINEERING,OPEN,2022,1.8714
64,"Government Engineering College, Sector 28 Gandhinagar",METALLURGY,OPEN,2022,17.1376
65,"Government Engineering College, Valsad",CHEMICAL ENGINEERING,EWS,2022,45.0244
65,"Government Engineering College, Valsad",CHEMICAL ENGINEERING,OPEN,2022,58.896
65,"Government Engineering College, Valsad",CHEMICAL ENGINEERING,SC,2022,21.8217
65,"Government Engineering College, Valsad",CHEMICAL ENGINEERING,SEBC,2022,41.469
65,"Government Engineering College, Valsad",CIVIL ENGINEERING,OPEN,2022,40.6501
65,"Government Engineering College, Valsad",CIVIL ENGINEERING,SEBC,2022,23.2583
65,"Government Engineering College, Valsad",CIVIL ENGINEERING,ST,2022,31.9884
65,"Government Engineering College, Valsad",ELECTRICAL ENGINEERING,OPEN,2022,42.3887
65,"Government Engineering College, Valsad",ELECTRICAL ENGINEERING,SEBC,2022,34.0339
65,"Government Engineering College, Valsad",ELECTRICAL ENGINEERING,ST,2022,25.6407
65,"Government Engineering College, Valsad",ENVIRONMENTAL ENGINEERING,OPEN,2022,2.7372
65,"Government Engineering College, Valsad",MECHANICAL ENGINEERING,OPEN,2022,33.469
65,"Government Engineering College, Valsad",MECHANICAL ENGINEERING,SEBC,2022,20.1304
67,"Grow More Faculty of Engineering, Berna, Himmatnagar",COMPUTER ENGINEERING,OPEN,2022,1.9946
68,"Gujarat Power Engg. And Res. Inst. (Gperi) (Ppp), Mevad, Mehsana",COMPUTER ENGINEERING,OPEN,2022,4.0094
72,"Hjd Institute Of Technical Education And Reserch, Kera",COMPUTER SCIENCE & ENGINEERING,OPEN,2022,7.4413
73,"ITM (SLS) Baroda University (Formerly Known as ITM Universe), Vadodara",COMPUTER SCIENCE & ENGINEERING,OPEN,2022,28.7501
73,"ITM (SLS) Baroda University (Formerly Known as ITM Universe), Vadodara",COMPUTER SCIENCE & ENGINEERING (CYBER SECUR,OPEN,2022,14.99
73,"ITM (SLS) Baroda University (Formerly Known as ITM Universe), Vadodara",COMPUTER SCIENCE & ENGINEERING (DATA SCIENC,OPEN,2022,13.4171
73,"ITM (SLS) Baroda University (Formerly Known as ITM Universe), Vadodara",INFORMATION TECHNOLOGY,EWS,2022,17.6649
73,"ITM (SLS) Baroda University (Formerly Known as ITM Universe), Vadodara",INFORMATION TECHNOLOGY,OPEN,2022,47.3806
73,"ITM (SLS) Baroda University (Formerly Known as ITM Universe), Vadodara",INFORMATION TECHNOLOGY,SC,2022,30.6559
75,"Indus Institute Of Tech. & Engg., Racharda, Ahmedabad",COMPUTER ENGINEERING,EWS,2022,71.0658
75,"Indus Institute Of Tech. & Engg., Racharda, Ahmedabad",COMPUTER ENGINEERING,OPEN,2022,74.1504
75,"Indus Institute Of Tech. & Engg., Racharda, Ahmedabad",COMPUTER ENGINEERING,SC,2022,36.65
75,"Indus Institute Of Tech. & Engg., Racharda, Ahmedabad",COMPUTER ENGINEERING,SEBC,2022,37.6242
75,"Indus Institute Of Tech. & Engg., Racharda, Ahmedabad",COMPUTER SCIENCE & ENGINEERING,EWS,2022,67.5921
75,"Indus Institute Of Tech. & Engg., Racharda, Ahmedabad",COMPUTER SCIENCE & ENGINEERING,OPEN,2022,73.1819
75,"Indus Institute Of Tech. & Engg., Racharda, Ahmedabad",COMPUTER SCIENCE & ENGINEERING,SC,2022,29.7967
75,"Indus Institute Of Tech. & Engg., Racharda, Ahmedabad",COMPUTER SCIENCE & ENGINEERING,SEBC,2022,39.9901
75,"Indus Institute Of Tech. & Engg., Racharda, Ahmedabad",INFORMATION TECHNOLOGY,EWS,2022,70.3777
75,"Indus Institute Of Tech. & Engg., Racharda, Ahmedabad",INFORMATION TECHNOLOGY,OPEN,2022,71.2186
75,"Indus Institute Of Tech. & Engg., Racharda, Ahmedabad",INFORMATION TECHNOLOGY,SC,2022,34.7312
75,"Indus Institute Of Tech. & Engg., Racharda, Ahmedabad",INFORMATION TECHNOLOGY,SEBC,2022,25.4608
76,"Institute Of Technology, Nirma University Of Science & Technology, Ahmedabad",CHEMICAL ENGINEERING,EWS,2022,86.7898
76,"Institute Of Technology, Nirma University Of Science & Technology, Ahmedabad",CHEMICAL ENGINEERING,OPEN,2022,88.7445
76,"Institute Of Technology, Nirma University Of Science & Technology, Ahmedabad",CHEMICAL ENGINEERING,SC,2022,78.965
76,"Institute Of Technology, Nirma University Of Science & Technology, Ahmedabad",CHEMICAL ENGINEERING,SEBC,2022,66.9898
76,"Institute Of Technology, Nirma University Of Science & Technology, Ahmedabad",CIVIL ENGINEERING,EWS,2022,63.6443
76,"Institute Of Technology, Nirma University Of Science & Technology, Ahmedabad",CIVIL ENGINEERING,OPEN,2022,76.5083
76,"Institute Of Technology, Nirma University Of Science & Technology, Ahmedabad",CIVIL ENGINEERING,SC,2022,46.3584
76,"Institute Of Technology, Nirma University Of Science & Technology, Ahmedabad",CIVIL ENGINEERING,SEBC,2022,42.286
76,"Institute Of Technology, Nirma University Of Science & Technology, Ahmedabad",CIVIL ENGINEERING,ST,2022,22.2705
76,"Institute Of Technology, Nirma University Of Science & Technology, Ahmedabad",COMPUTER SCIENCE & ENGINEERING,EWS,2022,98.3493
76,"Institute Of Technology, Nirma University Of Science & Technology, Ahmedabad",COMPUTER SCIENCE & ENGINEERING,OPEN,2022,98.6154
76,"Institute Of Technology, Nirma University Of Science & Technology, Ahmedabad",COMPUTER SCIENCE & ENGINEERING,SC,2022,90.2374
76,"Institute Of Technology, Nirma University Of Science & Technology, Ahmedabad",COMPUTER SCIENCE & ENGINEERING,SEBC,2022,96.6691
76,"Institute Of Technology, Nirma University Of Science & Technology, Ahmedabad",COMPUTER SCIENCE & ENGINEERING,ST,2022,33.0717
76,"Institute Of Technology, Nirma University Of Science & Technology, Ahmedabad",ELECTRICAL ENGINEERING,EWS,2022,69.7741
76,"Institute Of Technology, Nirma University Of Science & Technology, Ahmedabad",ELECTRICAL ENGINEERING,OPEN,2022,82.0913
76,"Institute Of Technology, Nirma University Of Science & Technology, Ahmedabad",ELECTRICAL ENGINEERING,SC,2022,63.6188
76,"Institute Of Technology, Nirma University Of Science & Technology, Ahmedabad",ELECTRICAL ENGINEERING,SEBC,2022,49.3714
76,"Institute Of Technology, Nirma University Of Science & Technology, Ahmedabad",ELECTRONICS & COMMUNICATION ENGINEERING,EWS,2022,92.4878
76,"Institute Of Technology, Nirma University Of Science & Technology, Ahmedabad",ELECTRONICS & COMMUNICATION ENGINEERING,OPEN,2022,94.1125
76,"Institute Of Technology, Nirma University Of Science & Technology, Ahmedabad",ELECTRONICS & COMMUNICATION ENGINEERING,SC,2022,66.6472
76,"Institute Of Technology, Nirma University Of Science & Technology, Ahmedabad",ELECTRONICS & COMMUNICATION ENGINEERING,SEBC,2022,82.2523
76,"Institute Of Technology, Nirma University Of Science & Technology, Ahmedabad",ELECTRONICS & INSTRUMENTATION ENGINEERING,EWS,2022,72.561
76,"Institute Of Technology, Nirma University Of Science & Technology, Ahmedabad",ELECTRONICS & INSTRUMENTATION ENGINEERING,OPEN,2022,80.7003
76,"Institute Of Technology, Nirma University Of Science & Technology, Ahmedabad",ELECTRONICS & INSTRUMENTATION ENGINEERING,SC,2022,51.854
76,"Institute Of Technology, Nirma University Of Science & Technology, Ahmedabad",MECHANICAL ENGINEERING,EWS,2022,82.6949
76,"Institute Of Technology, Nirma University Of Science & Technology, Ahmedabad",MECHANICAL ENGINEERING,OPEN,2022,87.5071
76,"Institute Of Technology, Nirma University Of Science & Technology, Ahmedabad",MECHANICAL ENGINEERING,SC,2022,65.5899
76,"Institute Of Technology, Nirma University Of Science & Technology, Ahmedabad",MECHANICAL ENGINEERING,SEBC,2022,68.4482
78,"Institute of Infrastructure, Tech., Research & Management (IITRAM), Maninagar, Ahmedabad",CIVIL ENGINEERING,OPEN,2022,3.2679
78,"Institute of Infrastructure, Tech., Research & Management (IITRAM), Maninagar, Ahmedabad",ELECTRICAL ENGINEERING,OPEN,2022,20.6075
78,"Institute of Infrastructure, Tech., Research & Management (IITRAM), Maninagar, Ahmedabad",MECHANICAL ENGINEERING,OPEN,2022,31.608
78,"Institute of Infrastructure, Tech., Research & Management (IITRAM), Maninagar, Ahmedabad",MECHANICAL ENGINEERING,SC,2022,18.7749
81,"K.J. Institute Of Engg. And Tech., Savali",COMPUTER ENGINEERING,OPEN,2022,13.7939
81,"K.J. Institute Of Engg. And Tech., Savali",INFORMATION TECHNOLOGY,OPEN,2022,3.9332
84,"Knowledge Institute of Technology and Engineering, Bakrol, Anand",COMPUTER ENGINEERING,OPEN,2022,12.1363
84,"Knowledge Institute of Technology and Engineering, Bakrol, Anand",INFORMATION TECHNOLOGY,OPEN,2022,11.2853
86,"Krishna School of Emerging Technology & Applied Research (Formerly Known as Babaria Institute Of Technology) , Varnama, Vadodara",COMPUTER SCIENCE & ENGINEERING,EWS,2022,47.2089
86,"Krishna School of Emerging Technology & Applied Research (Formerly Known as Babaria Institute Of Technology) , Varnama, Vadodara",COMPUTER SCIENCE & ENGINEERING,OPEN,2022,66.6443
86,"Krishna School of Emerging Technology & Applied Research (Formerly Known as Babaria Institute Of Technology) , Varnama, Vadodara",COMPUTER SCIENCE & ENGINEERING,SC,2022,33.4167
86,"Krishna School of Emerging Technology & Applied Research (Formerly Known as Babaria Institute Of Technology) , Varnama, Vadodara",COMPUTER SCIENCE & ENGINEERING,SEBC,2022,11.4834
86,"Krishna School of Emerging Technology & Applied Research (Formerly Known as Babaria Institute Of Technology) , Varnama, Vadodara",INFORMATION TECHNOLOGY,EWS,2022,39.6998
86,"Krishna School of Emerging Technology & Applied Research (Formerly Known as Babaria Institute Of Technology) , Varnama, Vadodara",INFORMATION TECHNOLOGY,OPEN,2022,57.0939
86,"Krishna School of Emerging Technology & Applied Research (Formerly Known as Babaria Institute Of Technology) , Varnama, Vadodara",INFORMATION TECHNOLOGY,SC,2022,31.5859
88,"L.D.College Of Engineering, Ahmedabad",AUTOMOBILE ENGINEERING,EWS,2022,60.2906
88,"L.D.College Of Engineering, Ahmedabad",AUTOMOBILE ENGINEERING,OPEN,2022,67.2439
88,"L.D.College Of Engineering, Ahmedabad",AUTOMOBILE ENGINEERING,SC,2022,30.5796
88,"L.D.College Of Engineering, Ahmedabad",AUTOMOBILE ENGINEERING,SEBC,2022,47.3658
88,"L.D.College Of Engineering, Ahmedabad",BIOMEDICAL ENGINEERING,EWS,2022,87.0071
88,"L.D.College Of Engineering, Ahmedabad",BIOMEDICAL ENGINEERING,OPEN,2022,90.2616
88,"L.D.College Of Engineering, Ahmedabad",BIOMEDICAL ENGINEERING,SC,2022,72.9399
88,"L.D.College Of Engineering, Ahmedabad",BIOMEDICAL ENGINEERING,SEBC,2022,64.5855
88,"L.D.College Of Engineering, Ahmedabad",BIOMEDICAL ENGINEERING,ST,2022,9.8402
88,"L.D.College Of Engineering, Ahmedabad",CHEMICAL ENGINEERING,EWS,2022,87.3441
88,"L.D.College Of Engineering, Ahmedabad",CHEMICAL ENGINEERING,OPEN,2022,89.3904
88,"L.D.College Of Engineering, Ahmedabad",CHEMICAL ENGINEERING,SC,2022,71.7577
88,"L.D.College Of Engineering, Ahmedabad",CHEMICAL ENGINEERING,SEBC,2022,84.217
88,"L.D.College Of Engineering, Ahmedabad",CHEMICAL ENGINEERING,ST,2022,24.6517
88,"L.D.College Of Engineering, Ahmedabad",CIVIL ENGINEERING,EWS,2022,78.0217
88,"L.D.College Of Engineering, Ahmedabad",CIVIL ENGINEERING,OPEN,2022,84.5116
88,"L.D.College Of Engineering, Ahmedabad",CIVIL ENGINEERING,SC,2022,62.336
88,"L.D.College Of Engineering, Ahmedabad",CIVIL ENGINEERING,SEBC,2022,76.8157
88,"L.D.College Of Engineering, Ahmedabad",CIVIL ENGINEERING,ST,2022,64.4959
88,"L.D.College Of Engineering, Ahmedabad",COMPUTER ENGINEERING,EWS,2022,97.6042
88,"L.D.College Of Engineering, Ahmedabad",COMPUTER ENGINEERING,OPEN,2022,97.9462
88,"L.D.College Of Engineering, Ahmedabad",COMPUTER ENGINEERING,SC,2022,90.3506
88,"L.D.College Of Engineering, Ahmedabad",COMPUTER ENGINEERING,SEBC,2022,96.1046
88,"L.D.College Of Engineering, Ahmedabad",COMPUTER ENGINEERING,ST,2022,61.1714
88,"L.D.College Of Engineering, Ahmedabad",ELECTRICAL ENGINEERING,EWS,2022,81.434
88,"L.D.College Of Engineering, Ahmedabad",ELECTRICAL ENGINEERING,OPEN,2022,86.22
88,"L.D.College Of Engineering, Ahmedabad",ELECTRICAL ENGINEERING,SC,2022,65.4726
88,"L.D.College Of Engineering, Ahmedabad",ELECTRICAL ENGINEERING,SEBC,2022,74.3167
88,"L.D.College Of Engineering, Ahmedabad",ELECTRICAL ENGINEERING,ST,2022,56.5465
88,"L.D.College Of Engineering, Ahmedabad",ELECTRONICS & COMMUNICATION ENGINEERING,EWS,2022,87.9956
88,"L.D.College Of Engineering, Ahmedabad",ELECTRONICS & COMMUNICATION ENGINEERING,OPEN,2022,90.3549
88,"L.D.College Of Engineering, Ahmedabad",ELECTRONICS & COMMUNICATION ENGINEERING,SC,2022,69.6582
88,"L.D.College Of Engineering, Ahmedabad",ELECTRONICS & COMMUNICATION ENGINEERING,SEBC,2022,79.8263
88,"L.D.College Of Engineering, Ahmedabad",ENVIRONMENTAL ENGINEERING,EWS,2022,58.2422
88,"L.D.College Of Engineering, Ahmedabad",ENVIRONMENTAL ENGINEERING,OPEN,2022,66.9941
88,"L.D.College Of Engineering, Ahmedabad",ENVIRONMENTAL ENGINEERING,SEBC,2022,35.6607
88,"L.D.College Of Engineering, Ahmedabad",INFORMATION TECHNOLOGY,EWS,2022,96.7961
88,"L.D.College Of Engineering, Ahmedabad",INFORMATION TECHNOLOGY,OPEN,2022,96.9631
88,"L.D.College Of Engineering, Ahmedabad",INFORMATION TECHNOLOGY,SC,2022,85.8924
88,"L.D.College Of Engineering, Ahmedabad",INFORMATION TECHNOLOGY,SEBC,2022,94.6665
88,"L.D.College Of Engineering, Ahmedabad",INFORMATION TECHNOLOGY,ST,2022,50.4181
88,"L.D.College Of Engineering, Ahmedabad",INSTRUMENTATION & CONTROL ENGINEERING,EWS,2022,65.7204
88,"L.D.College Of Engineering, Ahmedabad",INSTRUMENTATION & CONTROL ENGINEERING,OPEN,2022,74.139
88,"L.D.College Of Engineering, Ahmedabad",INSTRUMENTATION & CONTROL ENGINEERING,SC,2022,34.1845
88,"L.D.College Of Engineering, Ahmedabad",INSTRUMENTATION & CONTROL ENGINEERING,SEBC,2022,56.8116
88,"L.D.College Of Engineering, Ahmedabad",MECHANICAL ENGINEERING,EWS,2022,83.5959
88,"L.D.College Of Engineering, Ahmedabad",MECHANICAL ENGINEERING,OPEN,2022,88.8011
88,"L.D.College Of Engineering, Ahmedabad",MECHANICAL ENGINEERING,SC,2022,70.384
88,"L.D.College Of Engineering, Ahmedabad",MECHANICAL ENGINEERING,SEBC,2022,78.6694
88,"L.D.College Of Engineering, Ahmedabad",MECHANICAL ENGINEERING,ST,2022,45.0224
88,"L.D.College Of Engineering, Ahmedabad",PLASTIC TECHNOLOGY,OPEN,2022,24.2724
88,"L.D.College Of Engineering, Ahmedabad",RUBBER TECHNOLOGY,OPEN,2022,46.4645
88,"L.D.College Of Engineering, Ahmedabad",RUBBER TECHNOLOGY,SEBC,2022,15.4212
88,"L.D.College Of Engineering, Ahmedabad",TEXTILE TECHNOLOGY,OPEN,2022,11.3039
89,"L.D.R.P. Institute Of Tech. & Research., Gandhinagar",COMPUTER ENGINEERING,EWS,2022,73.7087
89,"L.D.R.P. Institute Of Tech. & Research., Gandhinagar",COMPUTER ENGINEERING,OPEN,2022,77.0696
89,"L.D.R.P. Institute Of Tech. & Research., Gandhinagar",COMPUTER ENGINEERING,SC,2022,46.5249
89,"L.D.R.P. Institute Of Tech. & Research., Gandhinagar",COMPUTER ENGINEERING,SEBC,2022,49.0044
89,"L.D.R.P. Institute Of Tech. & Research., Gandhinagar",INFORMATION TECHNOLOGY,EWS,2022,71.964
89,"L.D.R.P. Institute Of Tech. & Research., Gandhinagar",INFORMATION TECHNOLOGY,OPEN,2022,73.2768
89,"L.D.R.P. Institute Of Tech. & Research., Gandhinagar",INFORMATION TECHNOLOGY,SC,2022,48.5779
89,"L.D.R.P. Institute Of Tech. & Research., Gandhinagar",INFORMATION TECHNOLOGY,SEBC,2022,43.6555
89,"L.D.R.P. Institute Of Tech. & Research., Gandhinagar",MECHANICAL ENGINEERING,OPEN,2022,5.9155
90,"L.E.College ,Morbi",CHEMICAL ENGINEERING,EWS,2022,41.0912
90,"L.E.College ,Morbi",CHEMICAL ENGINEERING,OPEN,2022,52.8481
90,"L.E.College ,Morbi",CHEMICAL ENGINEERING,SEBC,2022,37.3674
90,"L.E.College ,Morbi",CIVIL ENGINEERING,OPEN,2022,4.4172
90,"L.E.College ,Morbi",ELECTRICAL ENGINEERING,OPEN,2022,4.8794
90,"L.E.College ,Morbi",INFORMATION TECHNOLOGY,EWS,2022,77.0401
90,"L.E.College ,Morbi",INFORMATION TECHNOLOGY,OPEN,2022,79.9938
90,"L.E.College ,Morbi",INFORMATION TECHNOLOGY,SC,2022,58.9547
90,"L.E.College ,Morbi",INFORMATION TECHNOLOGY,SEBC,2022,75.1721
90,"L.E.College ,Morbi",MECHANICAL ENGINEERING,OPEN,2022,10.0174
91,"L.J. Institute Of Engg And Tech., Ahmedabad",ARTIFICIAL INTELLIGENCE AND DATA SCIENCE,EWS,2022,63.871
91,"L.J. Institute Of Engg And Tech., Ahmedabad",ARTIFICIAL INTELLIGENCE AND DATA SCIENCE,OPEN,2022,71.7252
91,"L.J. Institute Of Engg And Tech., Ahmedabad",ARTIFICIAL INTELLIGENCE AND DATA SCIENCE,SC,2022,28.9167
91,"L.J. Institute Of Engg And Tech., Ahmedabad",ARTIFICIAL INTELLIGENCE AND DATA SCIENCE,SEBC,2022,31.7627
91,"L.J. Institute Of Engg And Tech., Ahmedabad",ARTIFICIAL INTELLIGENCE(AI) AND MACHINE LEARNI,EWS,2022,61.1085
91,"L.J. Institute Of Engg And Tech., Ahmedabad",ARTIFICIAL INTELLIGENCE(AI) AND MACHINE LEARNI,OPEN,2022,69.386
91,"L.J. Institute Of Engg And Tech., Ahmedabad",ARTIFICIAL INTELLIGENCE(AI) AND MACHINE LEARNI,SC,2022,17.4484
91,"L.J. Institute Of Engg And Tech., Ahmedabad",ARTIFICIAL INTELLIGENCE(AI) AND MACHINE LEARNI,SEBC,2022,26.0908
91,"L.J. Institute Of Engg And Tech., Ahmedabad",CHEMICAL ENGINEERING,OPEN,2022,10.7354
91,"L.J. Institute Of Engg And Tech., Ahmedabad",CIVIL ENGINEERING,OPEN,2022,2.9759
91,"L.J. Institute Of Engg And Tech., Ahmedabad",COMPUTER ENGINEERING,EWS,2022,85.3643
91,"L.J. Institute Of Engg And Tech., Ahmedabad",COMPUTER ENGINEERING,OPEN,2022,87.0462
91,"L.J. Institute Of Engg And Tech., Ahmedabad",COMPUTER ENGINEERING,SC,2022,65.4302
91,"L.J. Institute Of Engg And Tech., Ahmedabad",COMPUTER ENGINEERING,SEBC,2022,77.5972
91,"L.J. Institute Of Engg And Tech., Ahmedabad",COMPUTER SCIENCE & DESIGN,EWS,2022,62.5304
91,"L.J. Institute Of Engg And Tech., Ahmedabad",COMPUTER SCIENCE & DESIGN,OPEN,2022,68.8713
91,"L.J. Institute Of Engg And Tech., Ahmedabad",COMPUTER SCIENCE & DESIGN,SC,2022,45.7928
91,"L.J. Institute Of Engg And Tech., Ahmedabad",COMPUTER SCIENCE & DESIGN,SEBC,2022,47.8691
91,"L.J. Institute Of Engg And Tech., Ahmedabad",COMPUTER SCIENCE & ENGINEERING,EWS,2022,82.0279
91,"L.J. Institute Of Engg And Tech., Ahmedabad",COMPUTER SCIENCE & ENGINEERING,OPEN,2022,83.722
91,"L.J. Institute Of Engg And Tech., Ahmedabad",COMPUTER SCIENCE & ENGINEERING,SC,2022,57.1165
91,"L.J. Institute Of Engg And Tech., Ahmedabad",COMPUTER SCIENCE & ENGINEERING,SEBC,2022,69.6446
91,"L.J. Institute Of Engg And Tech., Ahmedabad",ELECTRONICS & COMMUNICATION ENGINEERING,OPEN,2022,15.1938
91,"L.J. Institute Of Engg And Tech., Ahmedabad",INFORMATION TECHNOLOGY,EWS,2022,80.9887
91,"L.J. Institute Of Engg And Tech., Ahmedabad",INFORMATION TECHNOLOGY,OPEN,2022,81.8217
91,"L.J. Institute Of Engg And Tech., Ahmedabad",INFORMATION TECHNOLOGY,SC,2022,62.3927
91,"L.J. Institute Of Engg And Tech., Ahmedabad",INFORMATION TECHNOLOGY,SEBC,2022,71.1027
91,"L.J. Institute Of Engg And Tech., Ahmedabad",MECHANICAL ENGINEERING,OPEN,2022,13.025
91,"L.J. Institute Of Engg And Tech., Ahmedabad",ROBOTICS & ARTIFICIAL INTELLIGENCE,EWS,2022,35.7311
91,"L.J. Institute Of Engg And Tech., Ahmedabad",ROBOTICS & ARTIFICIAL INTELLIGENCE,OPEN,2022,46.0022
91,"L.J. Institute Of Engg And Tech., Ahmedabad",ROBOTICS & ARTIFICIAL INTELLIGENCE,SC,2022,16.0812
93,"Laxmi Institute Of Technology, Sarigam, Valsad",COMPUTER SCIENCE & ENGINEERING,OPEN,2022,2.6377
93,"Laxmi Institute Of Technology, Sarigam, Valsad",INFORMATION TECHNOLOGY,OPEN,2022,1.711
94,"Madhuben & Bhanubhai Patel Institute of Technology, New V.V.Nagar",COMPUTER ENGINEERING,EWS,2022,55.5467
94,"Madhuben & Bhanubhai Patel Institute of Technology, New V.V.Nagar",COMPUTER ENGINEERING,OPEN,2022,62.2018
94,"Madhuben & Bhanubhai Patel Institute of Technology, New V.V.Nagar",COMPUTER ENGINEERING,SEBC,2022,29.2284
94,"Madhuben & Bhanubhai Patel Institute of Technology, New V.V.Nagar",INFORMATION TECHNOLOGY,EWS,2022,52.3945
94,"Madhuben & Bhanubhai Patel Institute of Technology, New V.V.Nagar",INFORMATION TECHNOLOGY,OPEN,2022,59.222
94,"Madhuben & Bhanubhai Patel Institute of Technology, New V.V.Nagar",INFORMATION TECHNOLOGY,SEBC,2022,18.2628
95,"Mahatma Gandhi Inst.Of Technical Edu. And Research Center,Navasari",COMPUTER ENGINEERING,OPEN,2022,3.0722
97,"Mahavir Swami College Of Engineering & Technology, Bharthana- Vesu, Surat",COMPUTER ENGINEERING,OPEN,2022,10.0676
99,"Marwadi Edu. Foundation Group Of Institutions, Faculty Of Engg., Rajkot",COMPUTER ENGINEERING,OPEN,2022,10.4349
99,"Marwadi Edu. Foundation Group Of Institutions, Faculty Of Engg., Rajkot",INFORMATION TECHNOLOGY,OPEN,2022,8.8252
100,"Marwadi Edu. Foundation Group Of Institutions, Faculty Of Tech., Rajkot",COMPUTER ENGINEERING,OPEN,2022,3.7199
100,"Marwadi Edu. Foundation Group Of Institutions, Faculty Of Tech., Rajkot",INFORMATION & COMMUNICATION TECHNOLOGY,OPEN,2022,7.5056
100,"Marwadi Edu. Foundation Group Of Institutions, Faculty Of Tech., Rajkot",INFORMATION TECHNOLOGY,OPEN,2022,2.2483
103,"Narnarayan Shastri Institute of Technology, Jetalpur, Ahmedabad",COMPUTER SCIENCE & ENGINEERING,OPEN,2022,16.7393
105,New L.J. Institute of Engineering & Technology,COMPUTER SCIENCE & ENGINEERING,EWS,2022,81.8411
105,New L.J. Institute of Engineering & Technology,COMPUTER SCIENCE & ENGINEERING,OPEN,2022,84.1071
105,New L.J. Institute of Engineering & Technology,COMPUTER SCIENCE & ENGINEERING,SC,2022,56.7423
105,New L.J. Institute of Engineering & Technology,COMPUTER SCIENCE & ENGINEERING,SEBC,2022,68.505
105,New L.J. Institute of Engineering & Technology,COMPUTER SCIENCE & ENGINEERING (ARTIFICIAL IN,EWS,2022,60.5269
105,New L.J. Institute of Engineering & Technology,COMPUTER SCIENCE & ENGINEERING (ARTIFICIAL IN,SEBC,2022,23.4747
105,New L.J. Institute of Engineering & Technology,INFORMATION TECHNOLOGY,EWS,2022,76.8411
105,New L.J. Institute of Engineering & Technology,INFORMATION TECHNOLOGY,OPEN,2022,78.1313
105,New L.J. Institute of Engineering & Technology,INFORMATION TECHNOLOGY,SC,2022,60.4501
105,New L.J. Institute of Engineering & Technology,INFORMATION TECHNOLOGY,SEBC,2022,67.3258
109,"P.P. Savani School of Engineering, P.P. Savani University, Kosamba",COMPUTER ENGINEERING,EWS,2022,49.0011
109,"P.P. Savani School of Engineering, P.P. Savani University, Kosamba",COMPUTER ENGINEERING,OPEN,2022,54.2924
109,"P.P. Savani School of Engineering, P.P. Savani University, Kosamba",COMPUTER SCIENCE & ENGINEERING,EWS,2022,41.9795
109,"P.P. Savani School of Engineering, P.P. Savani University, Kosamba",COMPUTER SCIENCE & ENGINEERING,OPEN,2022,53.5158
109,"P.P. Savani School of Engineering, P.P. Savani University, Kosamba",COMPUTER SCIENCE & ENGINEERING,SC,2022,15.1875
109,"P.P. Savani School of Engineering, P.P. Savani University, Kosamba",INFORMATION TECHNOLOGY,EWS,2022,26.0121
109,"P.P. Savani School of Engineering, P.P. Savani University, Kosamba",INFORMATION TECHNOLOGY,OPEN,2022,42.6258
109,"P.P. Savani School of Engineering, P.P. Savani University, Kosamba",INFORMATION TECHNOLOGY & ENGINEERING,OPEN,2022,11.3057
110,"Pacific School Of Engineering, Surat",COMPUTER ENGINEERING,EWS,2022,11.4793
110,"Pacific School Of Engineering, Surat",COMPUTER ENGINEERING,OPEN,2022,38.392
111,"Pandit Deendayal Energy University ,Gandhinagar",AUTOMOBILE ENGINEERING,OPEN,2022,11.002
111,"Pandit Deendayal Energy University ,Gandhinagar",CHEMICAL ENGINEERING,EWS,2022,59.5442
111,"Pandit Deendayal Energy University ,Gandhinagar",CHEMICAL ENGINEERING,OPEN,2022,65.7297
111,"Pandit Deendayal Energy University ,Gandhinagar",CHEMICAL ENGINEERING,SC,2022,51.1936
111,"Pandit Deendayal Energy University ,Gandhinagar",CIVIL ENGINEERING,OPEN,2022,28.1544
111,"Pandit Deendayal Energy University ,Gandhinagar",COMPUTER ENGINEERING,EWS,2022,93.3961
111,"Pandit Deendayal Energy University ,Gandhinagar",COMPUTER ENGINEERING,OPEN,2022,94.6971
111,"Pandit Deendayal Energy University ,Gandhinagar",COMPUTER ENGINEERING,SC,2022,82.4155
111,"Pandit Deendayal Energy University ,Gandhinagar",COMPUTER ENGINEERING,SEBC,2022,87.8685
111,"Pandit Deendayal Energy University ,Gandhinagar",ELECTRICAL ENGINEERING,EWS,2022,31.4678
111,"Pandit Deendayal Energy University ,Gandhinagar",ELECTRICAL ENGINEERING,OPEN,2022,51.6958
111,"Pandit Deendayal Energy University ,Gandhinagar",ELECTRICAL ENGINEERING,SC,2022,35.5575
111,"Pandit Deendayal Energy University ,Gandhinagar",ELECTRONICS & COMMUNICATION ENGINEERING,EWS,2022,84.1414
111,"Pandit Deendayal Energy University ,Gandhinagar",ELECTRONICS & COMMUNICATION ENGINEERING,OPEN,2022,88.0247
111,"Pandit Deendayal Energy University ,Gandhinagar",ELECTRONICS & COMMUNICATION ENGINEERING,SC,2022,55.885
111,"Pandit Deendayal Energy University ,Gandhinagar",ELECTRONICS & COMMUNICATION ENGINEERING,SEBC,2022,60.5562
111,"Pandit Deendayal Energy University ,Gandhinagar",INFORMATION & COMMUNICATION TECHNOLOGY,EWS,2022,92.5669
111,"Pandit Deendayal Energy University ,Gandhinagar",INFORMATION & COMMUNICATION TECHNOLOGY,OPEN,2022,93.3755
111,"Pandit Deendayal Energy University ,Gandhinagar",INFORMATION & COMMUNICATION TECHNOLOGY,SC,2022,81.236
111,"Pandit Deendayal Energy University ,Gandhinagar",INFORMATION & COMMUNICATION TECHNOLOGY,SEBC,2022,84.3545
111,"Pandit Deendayal Energy University ,Gandhinagar",MECHANICAL ENGINEERING,EWS,2022,60.6741
111,"Pandit Deendayal Energy University ,Gandhinagar",MECHANICAL ENGINEERING,OPEN,2022,69.8986
111,"Pandit Deendayal Energy University ,Gandhinagar",MECHANICAL ENGINEERING,SC,2022,38.218
111,"Pandit Deendayal Energy University ,Gandhinagar",MECHANICAL ENGINEERING,SEBC,2022,11.3032
111,"Pandit Deendayal Energy University ,Gandhinagar",PETROCHEMICAL ENGINEERING,EWS,2022,34.8899
111,"Pandit Deendayal Energy University ,Gandhinagar",PETROCHEMICAL ENGINEERING,OPEN,2022,51.6899
111,"Pandit Deendayal Energy University ,Gandhinagar",PETROCHEMICAL ENGINEERING,SC,2022,8.0234
111,"Pandit Deendayal Energy University ,Gandhinagar",PETROLEUM ENGINEERING,EWS,2022,50.556
111,"Pandit Deendayal Energy University ,Gandhinagar",PETROLEUM ENGINEERING,OPEN,2022,65.8054
111,"Pandit Deendayal Energy University ,Gandhinagar",PETROLEUM ENGINEERING,SC,2022,49.1991
112,"Parul Institute of Engineering & Technology, Waghodia, Vadodara",COMPUTER ENGINEERING,EWS,2022,63.4873
112,"Parul Institute of Engineering & Technology, Waghodia, Vadodara",COMPUTER ENGINEERING,OPEN,2022,67.2004
112,"Parul Institute of Engineering & Technology, Waghodia, Vadodara",COMPUTER ENGINEERING,SC,2022,23.5826
112,"Parul Institute of Engineering & Technology, Waghodia, Vadodara",COMPUTER ENGINEERING,SEBC,2022,15.6373
112,"Parul Institute of Engineering & Technology, Waghodia, Vadodara",COMPUTER SCIENCE & ENGINEERING,EWS,2022,51.953
112,"Parul Institute of Engineering & Technology, Waghodia, Vadodara",COMPUTER SCIENCE & ENGINEERING,OPEN,2022,61.9376
112,"Parul Institute of Engineering & Technology, Waghodia, Vadodara",COMPUTER SCIENCE & ENGINEERING,SC,2022,34.12
112,"Parul Institute of Engineering & Technology, Waghodia, Vadodara",COMPUTER SCIENCE & ENGINEERING (DATA SCIENC,OPEN,2022,15.7987
112,"Parul Institute of Engineering & Technology, Waghodia, Vadodara",COMPUTER SCIENCE & TECHNOLOGY,OPEN,2022,10.6435
112,"Parul Institute of Engineering & Technology, Waghodia, Vadodara",INFORMATION TECHNOLOGY,EWS,2022,44.7439
112,"Parul Institute of Engineering & Technology, Waghodia, Vadodara",INFORMATION TECHNOLOGY,OPEN,2022,55.9377
112,"Parul Institute of Engineering & Technology, Waghodia, Vadodara",INFORMATION TECHNOLOGY,SC,2022,28.6934
113,"Parul Institute of Technology, Waghodia, Vadodara",AGRICULTURAL ENGINEERING,OPEN,2022,5.8973
113,"Parul Institute of Technology, Waghodia, Vadodara",BIOMEDICAL ENGINEERING,EWS,2022,59.637
113,"Parul Institute of Technology, Waghodia, Vadodara",BIOMEDICAL ENGINEERING,OPEN,2022,65.0844
113,"Parul Institute of Technology, Waghodia, Vadodara",BIOMEDICAL ENGINEERING,SC,2022,45.1022
113,"Parul Institute of Technology, Waghodia, Vadodara",BIOTECHNOLOGY,EWS,2022,73.7672
113,"Parul Institute of Technology, Waghodia, Vadodara",BIOTECHNOLOGY,OPEN,2022,80.9357
113,"Parul Institute of Technology, Waghodia, Vadodara",BIOTECHNOLOGY,SC,2022,34.8319
113,"Parul Institute of Technology, Waghodia, Vadodara",BIOTECHNOLOGY,ST,2022,32.1824
113,"Parul Institute of Technology, Waghodia, Vadodara",CHEMICAL ENGINEERING,OPEN,2022,11.8649
113,"Parul Institute of Technology, Waghodia, Vadodara",COMPUTER ENGINEERING,EWS,2022,44.6159
113,"Parul Institute of Technology, Waghodia, Vadodara",COMPUTER ENGINEERING,OPEN,2022,52.9695
113,"Parul Institute of Technology, Waghodia, Vadodara",COMPUTER ENGINEERING,SC,2022,26.873
113,"Parul Institute of Technology, Waghodia, Vadodara",COMPUTER ENGINEERING,SEBC,2022,14.392
113,"Parul Institute of Technology, Waghodia, Vadodara",COMPUTER SCIENCE & ENGINEERING,EWS,2022,22.5018
113,"Parul Institute of Technology, Waghodia, Vadodara",COMPUTER SCIENCE & ENGINEERING,OPEN,2022,45.7131
113,"Parul Institute of Technology, Waghodia, Vadodara",COMPUTER SCIENCE & ENGINEERING,SC,2022,24.5477
113,"Parul Institute of Technology, Waghodia, Vadodara",DAIRY TECHNOLOGY,OPEN,2022,7.8707
113,"Parul Institute of Technology, Waghodia, Vadodara",FOOD TECHNOLOGY,OPEN,2022,12.2273
115,"R.K. University - School of Engineering, Rajkot",INFORMATION TECHNOLOGY,OPEN,2022,12.4945
117,"R.N.G. Patel Institute of Technology-RNGPIT , Bardoli",CIVIL ENGINEERING,OPEN,2022,2.6184
117,"R.N.G. Patel Institute of Technology-RNGPIT , Bardoli",COMPUTER SCIENCE & ENGINEERING,EWS,2022,69.7556
117,"R.N.G. Patel Institute of Technology-RNGPIT , Bardoli",COMPUTER SCIENCE & ENGINEERING,OPEN,2022,71.5634
117,"R.N.G. Patel Institute of Technology-RNGPIT , Bardoli",COMPUTER SCIENCE & ENGINEERING,SC,2022,55.0318
117,"R.N.G. Patel Institute of Technology-RNGPIT , Bardoli",COMPUTER SCIENCE & ENGINEERING,SEBC,2022,61.0867
117,"R.N.G. Patel Institute of Technology-RNGPIT , Bardoli",COMPUTER SCIENCE & ENGINEERING,ST,2022,16.6794
118,"Rai School of Engineering, Dholka, Ahmedabad",COMPUTER SCIENCE & ENGINEERING,OPEN,2022,12.3202
119,"S.P.B. Patel Engg. College, (Saffrony), Linch, Mehsana",COMPUTER ENGINEERING,OPEN,2022,38.4609
119,"S.P.B. Patel Engg. College, (Saffrony), Linch, Mehsana",INFORMATION TECHNOLOGY,OPEN,2022,24.5501
120,S.S.AGRAWAL INSTITUTE OF ENGINEERING & TECHNOLOGY NAVSARI,CIVIL ENGINEERING,OPEN,2022,5.5826
120,S.S.AGRAWAL INSTITUTE OF ENGINEERING & TECHNOLOGY NAVSARI,COMPUTER ENGINEERING,OPEN,2022,37.0135
120,S.S.AGRAWAL INSTITUTE OF ENGINEERING & TECHNOLOGY NAVSARI,COMPUTER ENGINEERING,SEBC,2022,25.708
120,S.S.AGRAWAL INSTITUTE OF ENGINEERING & TECHNOLOGY NAVSARI,COMPUTER ENGINEERING,ST,2022,9.1937
120,S.S.AGRAWAL INSTITUTE OF ENGINEERING & TECHNOLOGY NAVSARI,ELECTRICAL ENGINEERING,OPEN,2022,0.7746
121,"SAL ENGINEERING &TECHNICAL INSTITUTE, SOLA, AHMEDABAD",COMPUTER ENGINEERING,EWS,2022,48.2931
121,"SAL ENGINEERING &TECHNICAL INSTITUTE, SOLA, AHMEDABAD",COMPUTER ENGINEERING,OPEN,2022,51.3928
121,"SAL ENGINEERING &TECHNICAL INSTITUTE, SOLA, AHMEDABAD",COMPUTER SCIENCE & ENGINEERING,EWS,2022,54.9304
121,"SAL ENGINEERING &TECHNICAL INSTITUTE, SOLA, AHMEDABAD",COMPUTER SCIENCE & ENGINEERING,OPEN,2022,57.1653
121,"SAL ENGINEERING &TECHNICAL INSTITUTE, SOLA, AHMEDABAD",INFORMATION & COMMUNICATION TECHNOLOGY,OPEN,2022,10.7765
121,"SAL ENGINEERING &TECHNICAL INSTITUTE, SOLA, AHMEDABAD",INFORMATION TECHNOLOGY,EWS,2022,61.7858
121,"SAL ENGINEERING &TECHNICAL INSTITUTE, SOLA, AHMEDABAD",INFORMATION TECHNOLOGY,OPEN,2022,64.8126
121,"SAL ENGINEERING &TECHNICAL INSTITUTE, SOLA, AHMEDABAD",INFORMATION TECHNOLOGY,SEBC,2022,31.129
122,"SARDAR PATEL COLLEGE OF ENGINEERING, BAKROL ANAND",COMPUTER ENGINEERING,EWS,2022,51.5323
122,"SARDAR PATEL COLLEGE OF ENGINEERING, BAKROL ANAND",COMPUTER ENGINEERING,OPEN,2022,57.7216
122,"SARDAR PATEL COLLEGE OF ENGINEERING, BAKROL ANAND",COMPUTER ENGINEERING,SC,2022,18.8525
122,"SARDAR PATEL COLLEGE OF ENGINEERING, BAKROL ANAND",INFORMATION TECHNOLOGY,OPEN,2022,37.4771
124,"SCHOOL OF SCIENCE & ENGINEERING., Navrachana University, Vadodara",COMPUTER SCIENCE & ENGINEERING,EWS,2022,38.5
124,"SCHOOL OF SCIENCE & ENGINEERING., Navrachana University, Vadodara",COMPUTER SCIENCE & ENGINEERING,OPEN,2022,61.8433
125,"SCHOOL OF TECHNOLOGY, GSFC UNIVERSITY, VADODARA",CHEMICAL ENGINEERING,OPEN,2022,5.5909
125,"SCHOOL OF TECHNOLOGY, GSFC UNIVERSITY, VADODARA",COMPUTER SCIENCE & ENGINEERING,EWS,2022,51.4786
125,"SCHOOL OF TECHNOLOGY, GSFC UNIVERSITY, VADODARA",COMPUTER SCIENCE & ENGINEERING,OPEN,2022,68.9093
125,"SCHOOL OF TECHNOLOGY, GSFC UNIVERSITY, VADODARA",COMPUTER SCIENCE & ENGINEERING,SEBC,2022,30.7992
128,"SHREE SWAMINARAYAN INSTITUTE OF TECHNOLOGY, BHAT, GANDHINAGAR",COMPUTER ENGINEERING,OPEN,2022,35.1213
128,"SHREE SWAMINARAYAN INSTITUTE OF TECHNOLOGY, BHAT, GANDHINAGAR",INFORMATION TECHNOLOGY,EWS,2022,30.4169
128,"SHREE SWAMINARAYAN INSTITUTE OF TECHNOLOGY, BHAT, GANDHINAGAR",INFORMATION TECHNOLOGY,OPEN,2022,34.0984
129,"Sal College Of Engineering , Ahmedabad",COMPUTER ENGINEERING,EWS,2022,42.706
129,"Sal College Of Engineering , Ahmedabad",COMPUTER ENGINEERING,OPEN,2022,51.0184
129,"Sal College Of Engineering , Ahmedabad",COMPUTER ENGINEERING,SC,2022,18.0894
129,"Sal College Of Engineering , Ahmedabad",INFORMATION & COMMUNICATION TECHNOLOGY,OPEN,2022,4.5409
129,"Sal College Of Engineering , Ahmedabad",INFORMATION TECHNOLOGY,EWS,2022,42.3089
129,"Sal College Of Engineering , Ahmedabad",INFORMATION TECHNOLOGY,OPEN,2022,50.1023
129,"Sal College Of Engineering , Ahmedabad",INFORMATION TECHNOLOGY,SC,2022,25.1977
130,"Sal Institute Of Tech. & Engg. Research, Ahmedabad",COMPUTER ENGINEERING,EWS,2022,58.0393
130,"Sal Institute Of Tech. & Engg. Research, Ahmedabad",COMPUTER ENGINEERING,OPEN,2022,63.261
130,"Sal Institute Of Tech. & Engg. Research, Ahmedabad",COMPUTER ENGINEERING,SC,2022,8.5767
130,"Sal Institute Of Tech. & Engg. Research, Ahmedabad",COMPUTER ENGINEERING,SEBC,2022,21.5923
130,"Sal Institute Of Tech. & Engg. Research, Ahmedabad",COMPUTER SCIENCE & ENGINEERING,EWS,2022,62.6341
130,"Sal Institute Of Tech. & Engg. Research, Ahmedabad",COMPUTER SCIENCE & ENGINEERING,OPEN,2022,63.114
130,"Sal Institute Of Tech. & Engg. Research, Ahmedabad",INFORMATION & COMMUNICATION TECHNOLOGY,OPEN,2022,2.338
131,"Sankalchand Patel College Of Engg., Visnagar",COMPUTER ENGINEERING,OPEN,2022,33.0734
131,"Sankalchand Patel College Of Engg., Visnagar",INFORMATION TECHNOLOGY,OPEN,2022,3.4484
132,"Sardar Vallabhbhai Patel Institute Of Tech.,Vasad",AERONAUTICAL ENGINEERING,OPEN,2022,35.9455
132,"Sardar Vallabhbhai Patel Institute Of Tech.,Vasad",COMPUTER ENGINEERING,EWS,2022,84.5301
132,"Sardar Vallabhbhai Patel Institute Of Tech.,Vasad",COMPUTER ENGINEERING,OPEN,2022,86.7708
132,"Sardar Vallabhbhai Patel Institute Of Tech.,Vasad",COMPUTER ENGINEERING,SC,2022,72.6845
132,"Sardar Vallabhbhai Patel Institute Of Tech.,Vasad",COMPUTER ENGINEERING,SEBC,2022,75.9408
132,"Sardar Vallabhbhai Patel Institute Of Tech.,Vasad",INFORMATION TECHNOLOGY,EWS,2022,79.9868
132,"Sardar Vallabhbhai Patel Institute Of Tech.,Vasad",INFORMATION TECHNOLOGY,OPEN,2022,81.5707
132,"Sardar Vallabhbhai Patel Institute Of Tech.,Vasad",INFORMATION TECHNOLOGY,SC,2022,55.8537
132,"Sardar Vallabhbhai Patel Institute Of Tech.,Vasad",INFORMATION TECHNOLOGY,SEBC,2022,70.0154
132,"Sardar Vallabhbhai Patel Institute Of Tech.,Vasad",MECHANICAL ENGINEERING,OPEN,2022,9.3459
133,"Sarvajanik College Of Engg. & Tech. , Surat",ARTIFICIAL INTELLIGENCE AND DATA SCIENCE,EWS,2022,77.2018
133,"Sarvajanik College Of Engg. & Tech. , Surat",ARTIFICIAL INTELLIGENCE AND DATA SCIENCE,OPEN,2022,80.4205
133,"Sarvajanik College Of Engg. & Tech. , Surat",ARTIFICIAL INTELLIGENCE AND DATA SCIENCE,SEBC,2022,62.2392
133,"Sarvajanik College Of Engg. & Tech. , Surat",CHEMICAL ENGINEERING,OPEN,2022,8.1697
133,"Sarvajanik College Of Engg. & Tech. , Surat",CIVIL ENGINEERING,OPEN,2022,16.9609
133,"Sarvajanik College Of Engg. & Tech. , Surat",COMPUTER ENGINEERING,EWS,2022,90.4178
133,"Sarvajanik College Of Engg. & Tech. , Surat",COMPUTER ENGINEERING,OPEN,2022,91.2699
133,"Sarvajanik College Of Engg. & Tech. , Surat",COMPUTER ENGINEERING,SC,2022,57.4987
133,"Sarvajanik College Of Engg. & Tech. , Surat",COMPUTER ENGINEERING,SEBC,2022,83.6162
133,"Sarvajanik College Of Engg. & Tech. , Surat",ELECTRICAL ENGINEERING,OPEN,2022,4.1058
133,"Sarvajanik College Of Engg. & Tech. , Surat",ELECTRONICS & COMMUNICATION ENGINEERING,OPEN,2022,13.1348
133,"Sarvajanik College Of Engg. & Tech. , Surat",INFORMATION TECHNOLOGY,EWS,2022,89.2339
133,"Sarvajanik College Of Engg. & Tech. , Surat",INFORMATION TECHNOLOGY,OPEN,2022,89.6344
133,"Sarvajanik College Of Engg. & Tech. , Surat",INFORMATION TECHNOLOGY,SC,2022,67.6898
133,"Sarvajanik College Of Engg. & Tech. , Surat",INFORMATION TECHNOLOGY,SEBC,2022,80.8153
133,"Sarvajanik College Of Engg. & Tech. , Surat",INSTRUMENTATION & CONTROL ENGINEERING,OPEN,2022,8.7214
133,"Sarvajanik College Of Engg. & Tech. , Surat",MECHANICAL ENGINEERING,OPEN,2022,14.8115
134,"School of Engg. and Applied Science, Ahmedabad University, Ahmedabad",CHEMICAL ENGINEERING,OPEN,2022,46.9253
134,"School of Engg. and Applied Science, Ahmedabad University, Ahmedabad",COMPUTER SCIENCE & ENGINEERING,EWS,2022,95.8486
134,"School of Engg. and Applied Science, Ahmedabad University, Ahmedabad",COMPUTER SCIENCE & ENGINEERING,OPEN,2022,96.1841
134,"School of Engg. and Applied Science, Ahmedabad University, Ahmedabad",COMPUTER SCIENCE & ENGINEERING,SC,2022,78.2282
134,"School of Engg. and Applied Science, Ahmedabad University, Ahmedabad",COMPUTER SCIENCE & ENGINEERING,SEBC,2022,92.5773
134,"School of Engg. and Applied Science, Ahmedabad University, Ahmedabad",MECHANICAL ENGINEERING,OPEN,2022,63.2838
135,"School of Engineering - Indrashil University, Kadi",CHEMICAL & BIOCHEMICAL ENGINEERING,OPEN,2022,11.3279
135,"School of Engineering - Indrashil University, Kadi",COMPUTER SCIENCE & ENGINEERING,OPEN,2022,5.1447
137,"Shankersinh Vaghela Bapu Institute Of Tech., Unava, Gandhinagar",COMPUTER ENGINEERING,OPEN,2022,12.0693
137,"Shankersinh Vaghela Bapu Institute Of Tech., Unava, Gandhinagar",INFORMATION TECHNOLOGY,OPEN,2022,10.3972
138,"Shantilal Shah Engineering College ,Bhavnagar",CIVIL ENGINEERING,OPEN,2022,3.7612
138,"Shantilal Shah Engineering College ,Bhavnagar",ELECTRICAL ENGINEERING,OPEN,2022,1.5567
138,"Shantilal Shah Engineering College ,Bhavnagar",INFORMATION TECHNOLOGY,EWS,2022,72.8747
138,"Shantilal Shah Engineering College ,Bhavnagar",INFORMATION TECHNOLOGY,OPEN,2022,76.1545
138,"Shantilal Shah Engineering College ,Bhavnagar",INFORMATION TECHNOLOGY,SC,2022,28.3947
138,"Shantilal Shah Engineering College ,Bhavnagar",INFORMATION TECHNOLOGY,SEBC,2022,67.3884
140,"Shri Labhubhai Trivedi Institute Of Engineering And Technology, Rajkot",COMPUTER SCIENCE & ENGINEERING,OPEN,2022,9.2806
141,"Shri Sadvidhya Mandal Institute Of Tech., Bharuch",CHEMICAL ENGINEERING,OPEN,2022,4.301
141,"Shri Sadvidhya Mandal Institute Of Tech., Bharuch",COMPUTER SCIENCE & ENGINEERING,OPEN,2022,31.8769
141,"Shri Sadvidhya Mandal Institute Of Tech., Bharuch",COMPUTER SCIENCE & ENGINEERING,SC,2022,12.7079
141,"Shri Sadvidhya Mandal Institute Of Tech., Bharuch",INFORMATION TECHNOLOGY,OPEN,2022,5.5714
142,"Shri Sitaram N Patel Inst. Of Tech. & Res. (Vidhyabharti Trust), Umrakh",CHEMICAL ENGINEERING,OPEN,2022,5.914
142,"Shri Sitaram N Patel Inst. Of Tech. & Res. (Vidhyabharti Trust), Umrakh",CIVIL ENGINEERING,OPEN,2022,1.5749
142,"Shri Sitaram N Patel Inst. Of Tech. & Res. (Vidhyabharti Trust), Umrakh",COMPUTER SCIENCE & ENGINEERING,EWS,2022,44.935
142,"Shri Sitaram N Patel Inst. Of Tech. & Res. (Vidhyabharti Trust), Umrakh",COMPUTER SCIENCE & ENGINEERING,OPEN,2022,51.8874
142,"Shri Sitaram N Patel Inst. Of Tech. & Res. (Vidhyabharti Trust), Umrakh",COMPUTER SCIENCE & ENGINEERING,SEBC,2022,15.7974
142,"Shri Sitaram N Patel Inst. Of Tech. & Res. (Vidhyabharti Trust), Umrakh",COMPUTER SCIENCE & ENGINEERING,ST,2022,13.6055
142,"Shri Sitaram N Patel Inst. Of Tech. & Res. (Vidhyabharti Trust), Umrakh",ELECTRICAL ENGINEERING,OPEN,2022,0.3118
143,"Shri Swami Atmanand Saraswati Institute Of Tech., Surat",COMPUTER ENGINEERING,EWS,2022,80.552
143,"Shri Swami Atmanand Saraswati Institute Of Tech., Surat",COMPUTER ENGINEERING,OPEN,2022,81.5263
143,"Shri Swami Atmanand Saraswati Institute Of Tech., Surat",COMPUTER ENGINEERING,SC,2022,22.0592
143,"Shri Swami Atmanand Saraswati Institute Of Tech., Surat",COMPUTER ENGINEERING,SEBC,2022,54.7362
144,"Shroff S.R.Rotary Inst. Of Chemical Technology, Vatatia,Bharuch",CHEMICAL ENGINEERING,EWS,2022,15.4573
144,"Shroff S.R.Rotary Inst. Of Chemical Technology, Vatatia,Bharuch",CHEMICAL ENGINEERING,OPEN,2022,51.0602
144,"Shroff S.R.Rotary Inst. Of Chemical Technology, Vatatia,Bharuch",CHEMICAL ENGINEERING,SEBC,2022,36.8349
144,"Shroff S.R.Rotary Inst. Of Chemical Technology, Vatatia,Bharuch",CHEMICAL ENGINEERING,ST,2022,20.3389
144,"Shroff S.R.Rotary Inst. Of Chemical Technology, Vatatia,Bharuch",CHEMICAL TECHNOLOGY,OPEN,2022,14.1303
144,"Shroff S.R.Rotary Inst. Of Chemical Technology, Vatatia,Bharuch",COMPUTER ENGINEERING,OPEN,2022,7.0559
144,"Shroff S.R.Rotary Inst. Of Chemical Technology, Vatatia,Bharuch",ELECTRICAL ENGINEERING,OPEN,2022,14.747
145,"Sigma Institute Of Engg., Bakrol",COMPUTER ENGINEERING,OPEN,2022,2.5985
145,"Sigma Institute Of Engg., Bakrol",INFORMATION TECHNOLOGY,OPEN,2022,5.1833
146,"Silver Oak College Of Engg., & Tech. (WITHIN AMHEDABAD MUNICIPAL CORPORATION LIMIT), Ahmedabad",COMPUTER ENGINEERING,OPEN,2022,0.1958
146,"Silver Oak College Of Engg., & Tech. (WITHIN AMHEDABAD MUNICIPAL CORPORATION LIMIT), Ahmedabad",INFORMATION TECHNOLOGY,OPEN,2022,5.8178
147,"Smt. S.R. Patel Engg. College, Dabhi, Unjha",COMPUTER ENGINEERING,OPEN,2022,15.1755
151,"Unitedworld School of Computational Intelligence, Uvarsad, Gandhinagar",COMPUTER SCIENCE & ENGINEERING,EWS,2022,53.8344
151,"Unitedworld School of Computational Intelligence, Uvarsad, Gandhinagar",COMPUTER SCIENCE & ENGINEERING,OPEN,2022,65.9473
151,"Unitedworld School of Computational Intelligence, Uvarsad, Gandhinagar",COMPUTER SCIENCE & ENGINEERING,SC,2022,30.1772
152,"V.V.P. Engineering College, Rajkot",COMPUTER ENGINEERING,EWS,2022,85.7028
152,"V.V.P. Engineering College, Rajkot",COMPUTER ENGINEERING,OPEN,2022,87.6828
152,"V.V.P. Engineering College, Rajkot",COMPUTER ENGINEERING,SC,2022,57.7624
152,"V.V.P. Engineering College, Rajkot",COMPUTER ENGINEERING,SEBC,2022,72.1873
152,"V.V.P. Engineering College, Rajkot",INFORMATION TECHNOLOGY,EWS,2022,79.1138
152,"V.V.P. Engineering College, Rajkot",INFORMATION TECHNOLOGY,OPEN,2022,80.1942
152,"V.V.P. Engineering College, Rajkot",INFORMATION TECHNOLOGY,SC,2022,33.6013
152,"V.V.P. Engineering College, Rajkot",INFORMATION TECHNOLOGY,SEBC,2022,61.4248
155,"Vadodara Institute of Engineering, Kotambi, Waghodiya, Vadodara",COMPUTER ENGINEERING,OPEN,2022,2.7372
155,"Vadodara Institute of Engineering, Kotambi, Waghodiya, Vadodara",INFORMATION TECHNOLOGY,OPEN,2022,3.8068
156,"Vidhyadeep Institute of Engineering & Technology, Anita(Kim), Surat",COMPUTER ENGINEERING,OPEN,2022,3.9978
157,"Vidush Somany Institute Of Tech. & Res., Kadi",COMPUTER ENGINEERING,OPEN,2022,8.3341
157,"Vidush Somany Institute Of Tech. & Res., Kadi",COMPUTER SCIENCE & ENGINEERING,OPEN,2022,10.4158
157,"Vidush Somany Institute Of Tech. & Res., Kadi",INFORMATION TECHNOLOGY,OPEN,2022,11.4156
158,"Vishwakarma Government Engineering College, Chandkheda,Gandhinagar",CHEMICAL ENGINEERING,EWS,2022,75.0501
158,"Vishwakarma Government Engineering College, Chandkheda,Gandhinagar",CHEMICAL ENGINEERING,OPEN,2022,80.2957
158,"Vishwakarma Government Engineering College, Chandkheda,Gandhinagar",CHEMICAL ENGINEERING,SC,2022,54.4299
158,"Vishwakarma Government Engineering College, Chandkheda,Gandhinagar",CHEMICAL ENGINEERING,SEBC,2022,71.3549
158,"Vishwakarma Government Engineering College, Chandkheda,Gandhinagar",CIVIL ENGINEERING,EWS,2022,69.3582
158,"Vishwakarma Government Engineering College, Chandkheda,Gandhinagar",CIVIL ENGINEERING,OPEN,2022,75.3848
158,"Vishwakarma Government Engineering College, Chandkheda,Gandhinagar",CIVIL ENGINEERING,SC,2022,57.6213
158,"Vishwakarma Government Engineering College, Chandkheda,Gandhinagar",CIVIL ENGINEERING,SEBC,2022,66.611
158,"Vishwakarma Government Engineering College, Chandkheda,Gandhinagar",CIVIL ENGINEERING,ST,2022,51.8874
158,"Vishwakarma Government Engineering College, Chandkheda,Gandhinagar",COMPUTER ENGINEERING,EWS,2022,95.9033
158,"Vishwakarma Government Engineering College, Chandkheda,Gandhinagar",COMPUTER ENGINEERING,OPEN,2022,96.2446
158,"Vishwakarma Government Engineering College, Chandkheda,Gandhinagar",COMPUTER ENGINEERING,SC,2022,85.4464
158,"Vishwakarma Government Engineering College, Chandkheda,Gandhinagar",COMPUTER ENGINEERING,SEBC,2022,93.4714
158,"Vishwakarma Government Engineering College, Chandkheda,Gandhinagar",COMPUTER ENGINEERING,ST,2022,33.6956
158,"Vishwakarma Government Engineering College, Chandkheda,Gandhinagar",ELECTRICAL ENGINEERING,EWS,2022,66.4218
158,"Vishwakarma Government Engineering College, Chandkheda,Gandhinagar",ELECTRICAL ENGINEERING,OPEN,2022,70.607
158,"Vishwakarma Government Engineering College, Chandkheda,Gandhinagar",ELECTRICAL ENGINEERING,SC,2022,45.571
158,"Vishwakarma Government Engineering College, Chandkheda,Gandhinagar",ELECTRICAL ENGINEERING,SEBC,2022,58.4139
158,"Vishwakarma Government Engineering College, Chandkheda,Gandhinagar",ELECTRICAL ENGINEERING,ST,2022,30.6559
158,"Vishwakarma Government Engineering College, Chandkheda,Gandhinagar",ELECTRONICS & COMMUNICATION ENGINEERING,EWS,2022,78.4859
158,"Vishwakarma Government Engineering College, Chandkheda,Gandhinagar",ELECTRONICS & COMMUNICATION ENGINEERING,OPEN,2022,80.1041
158,"Vishwakarma Government Engineering College, Chandkheda,Gandhinagar",ELECTRONICS & COMMUNICATION ENGINEERING,SC,2022,40.8374
158,"Vishwakarma Government Engineering College, Chandkheda,Gandhinagar",ELECTRONICS & COMMUNICATION ENGINEERING,SEBC,2022,62.5917
158,"Vishwakarma Government Engineering College, Chandkheda,Gandhinagar",INFORMATION TECHNOLOGY,EWS,2022,95.4707
158,"Vishwakarma Government Engineering College, Chandkheda,Gandhinagar",INFORMATION TECHNOLOGY,OPEN,2022,95.56
158,"Vishwakarma Government Engineering College, Chandkheda,Gandhinagar",INFORMATION TECHNOLOGY,SC,2022,83.7798
158,"Vishwakarma Government Engineering College, Chandkheda,Gandhinagar",INFORMATION TECHNOLOGY,SEBC,2022,92.7866
158,"Vishwakarma Government Engineering College, Chandkheda,Gandhinagar",INFORMATION TECHNOLOGY,ST,2022,38.9543
158,"Vishwakarma Government Engineering College, Chandkheda,Gandhinagar",INSTRUMENTATION & CONTROL ENGINEERING,EWS,2022,43.6573
158,"Vishwakarma Government Engineering College, Chandkheda,Gandhinagar",INSTRUMENTATION & CONTROL ENGINEERING,OPEN,2022,53.2192
158,"Vishwakarma Government Engineering College, Chandkheda,Gandhinagar",INSTRUMENTATION & CONTROL ENGINEERING,SEBC,2022,34.4645
158,"Vishwakarma Government Engineering College, Chandkheda,Gandhinagar",MECHANICAL ENGINEERING,EWS,2022,77.5247
158,"Vishwakarma Government Engineering College, Chandkheda,Gandhinagar",MECHANICAL ENGINEERING,OPEN,2022,79.7134
158,"Vishwakarma Government Engineering College, Chandkheda,Gandhinagar",MECHANICAL ENGINEERING,SC,2022,57.1109
158,"Vishwakarma Government Engineering College, Chandkheda,Gandhinagar",MECHANICAL ENGINEERING,SEBC,2022,65.6233
158,"Vishwakarma Government Engineering College, Chandkheda,Gandhinagar",MECHANICAL ENGINEERING,ST,2022,14.3839
158,"Vishwakarma Government Engineering College, Chandkheda,Gandhinagar",POWER ELECTRONICS,OPEN,2022,16.9513
1,"A.D.Patel Institute Of Tech.,Karamsad",ARTIFICIAL INTELLIGENCE AND DATA SCIENCE,EWS,2024,64.0902
1,"A.D.Patel Institute Of Tech.,Karamsad",ARTIFICIAL INTELLIGENCE AND DATA SCIENCE,OPEN,2024,68.401
1,"A.D.Patel Institute Of Tech.,Karamsad",ARTIFICIAL INTELLIGENCE AND DATA SCIENCE,SC,2024,41.2779
1,"A.D.Patel Institute Of Tech.,Karamsad",ARTIFICIAL INTELLIGENCE AND DATA SCIENCE,SEBC,2024,37.9914
1,"A.D.Patel Institute Of Tech.,Karamsad",AUTOMOBILE ENGINEERING,OPEN,2024,34.7731
1,"A.D.Patel Institute Of Tech.,Karamsad",COMPUTER ENGINEERING,EWS,2024,84.8734
1,"A.D.Patel Institute Of Tech.,Karamsad",COMPUTER ENGINEERING,OPEN,2024,87.2551
1,"A.D.Patel Institute Of Tech.,Karamsad",COMPUTER ENGINEERING,SC,2024,68.5628
1,"A.D.Patel Institute Of Tech.,Karamsad",COMPUTER ENGINEERING,SEBC,2024,81.516
1,"A.D.Patel Institute Of Tech.,Karamsad",COMPUTER ENGINEERING,ST,2024,40.2583
1,"A.D.Patel Institute Of Tech.,Karamsad",COMPUTER SCIENCE & DESIGN,EWS,2024,51.9873
1,"A.D.Patel Institute Of Tech.,Karamsad",COMPUTER SCIENCE & DESIGN,OPEN,2024,57.6496
1,"A.D.Patel Institute Of Tech.,Karamsad",COMPUTER SCIENCE & DESIGN,SEBC,2024,36.8678
1,"A.D.Patel Institute Of Tech.,Karamsad",DAIRY TECHNOLOGY,OPEN,2024,19.2603
1,"A.D.Patel Institute Of Tech.,Karamsad",ELECTRICAL ENGINEERING,OPEN,2024,32.6151
1,"A.D.Patel Institute Of Tech.,Karamsad",ELECTRONICS & COMMUNICATION ENGINEERING,OPEN,2024,34.9663
1,"A.D.Patel Institute Of Tech.,Karamsad",FOOD PROCESSING TECHNOLOGY,OPEN,2024,19.0339
1,"A.D.Patel Institute Of Tech.,Karamsad",INFORMATION TECHNOLOGY,EWS,2024,78.8327
1,"A.D.Patel Institute Of Tech.,Karamsad",INFORMATION TECHNOLOGY,OPEN,2024,80.4536
1,"A.D.Patel Institute Of Tech.,Karamsad",INFORMATION TECHNOLOGY,SC,2024,56.7157
1,"A.D.Patel Institute Of Tech.,Karamsad",INFORMATION TECHNOLOGY,SEBC,2024,61.6764
4,"ADANI UNIVERSITY - FACULTY OF ENGINEERING SCIENCES & TECHNOLOGY (AU-FEST), AHMEDABAD",CIVIL & INFRASTRUCTURE ENGINEERING,OPEN,2024,37.5574
4,"ADANI UNIVERSITY - FACULTY OF ENGINEERING SCIENCES & TECHNOLOGY (AU-FEST), AHMEDABAD",COMPUTER SCIENCE & ENGINEERING (ARTIFICIAL INTELLIGENCE AND MACHINE LEARNING),EWS,2024,83.2134
4,"ADANI UNIVERSITY - FACULTY OF ENGINEERING SCIENCES & TECHNOLOGY (AU-FEST), AHMEDABAD",COMPUTER SCIENCE & ENGINEERING (ARTIFICIAL INTELLIGENCE AND MACHINE LEARNING),OPEN,2024,86.364
4,"ADANI UNIVERSITY - FACULTY OF ENGINEERING SCIENCES & TECHNOLOGY (AU-FEST), AHMEDABAD",COMPUTER SCIENCE & ENGINEERING (ARTIFICIAL INTELLIGENCE AND MACHINE LEARNING),SC,2024,72.6268
4,"ADANI UNIVERSITY - FACULTY OF ENGINEERING SCIENCES & TECHNOLOGY (AU-FEST), AHMEDABAD",COMPUTER SCIENCE & ENGINEERING (ARTIFICIAL INTELLIGENCE AND MACHINE LEARNING),SEBC,2024,72.014
4,"ADANI UNIVERSITY - FACULTY OF ENGINEERING SCIENCES & TECHNOLOGY (AU-FEST), AHMEDABAD",INFORMATION & COMMUNICATION TECHNOLOGY,EWS,2024,84.1044
4,"ADANI UNIVERSITY - FACULTY OF ENGINEERING SCIENCES & TECHNOLOGY (AU-FEST), AHMEDABAD",INFORMATION & COMMUNICATION TECHNOLOGY,OPEN,2024,86.1805
4,"ADANI UNIVERSITY - FACULTY OF ENGINEERING SCIENCES & TECHNOLOGY (AU-FEST), AHMEDABAD",INFORMATION & COMMUNICATION TECHNOLOGY,SC,2024,70.644
4,"ADANI UNIVERSITY - FACULTY OF ENGINEERING SCIENCES & TECHNOLOGY (AU-FEST), AHMEDABAD",INFORMATION & COMMUNICATION TECHNOLOGY,SEBC,2024,74.0541
4,"ADANI UNIVERSITY - FACULTY OF ENGINEERING SCIENCES & TECHNOLOGY (AU-FEST), AHMEDABAD",INFORMATION & COMMUNICATION TECHNOLOGY,ST,2024,36.638
6,ADITYA SILVER OAK INSTITUTE OF TECHNOLOGY (WITHIN LIMITS OF AHMEDABAD MUNICIPAL CORPORATION) AHMEDABAD,AERONAUTICAL ENGINEERING,OPEN,2024,42.4064
6,ADITYA SILVER OAK INSTITUTE OF TECHNOLOGY (WITHIN LIMITS OF AHMEDABAD MUNICIPAL CORPORATION) AHMEDABAD,BIOTECHNOLOGY,OPEN,2024,28.3164
6,ADITYA SILVER OAK INSTITUTE OF TECHNOLOGY (WITHIN LIMITS OF AHMEDABAD MUNICIPAL CORPORATION) AHMEDABAD,CIVIL ENGINEERING,OPEN,2024,26.993
6,ADITYA SILVER OAK INSTITUTE OF TECHNOLOGY (WITHIN LIMITS OF AHMEDABAD MUNICIPAL CORPORATION) AHMEDABAD,COMPUTER ENGINEERING,OPEN,2024,6.3735
6,ADITYA SILVER OAK INSTITUTE OF TECHNOLOGY (WITHIN LIMITS OF AHMEDABAD MUNICIPAL CORPORATION) AHMEDABAD,COMPUTER SCIENCE & ENGINEERING,OPEN,2024,14.7404
6,ADITYA SILVER OAK INSTITUTE OF TECHNOLOGY (WITHIN LIMITS OF AHMEDABAD MUNICIPAL CORPORATION) AHMEDABAD,INFORMATION TECHNOLOGY,OPEN,2024,21.0686
6,ADITYA SILVER OAK INSTITUTE OF TECHNOLOGY (WITHIN LIMITS OF AHMEDABAD MUNICIPAL CORPORATION) AHMEDABAD,MECHANICAL ENGINEERING,OPEN,2024,38.9565
7,APOLLO INSTITUTE OF ENGINEERING & TECHNOLOGY AHMEDABAD,ARTIFICIAL INTELLIGENCE AND DATA SCIENCE,OPEN,2024,18.5704
7,APOLLO INSTITUTE OF ENGINEERING & TECHNOLOGY AHMEDABAD,COMPUTER ENGINEERING,OPEN,2024,15.2563
7,APOLLO INSTITUTE OF ENGINEERING & TECHNOLOGY AHMEDABAD,INFORMATION TECHNOLOGY,OPEN,2024,17.0788
7,APOLLO INSTITUTE OF ENGINEERING & TECHNOLOGY AHMEDABAD,MECHANICAL ENGINEERING,OPEN,2024,39.2286
8,"ASIA School of Engineering, Ahmedabad",COMPUTER SCIENCE & ENGINEERING,OPEN,2024,36.2922
8,"ASIA School of Engineering, Ahmedabad",INFORMATION TECHNOLOGY,OPEN,2024,42.7512
9,"Ahmedabad Institute Of Tech, Ahmedabad",ARTIFICIAL INTELLIGENCE(AI) AND MACHINE LEARNING,EWS,2024,36.6025
9,"Ahmedabad Institute Of Tech, Ahmedabad",ARTIFICIAL INTELLIGENCE(AI) AND MACHINE LEARNING,OPEN,2024,57.8154
9,"Ahmedabad Institute Of Tech, Ahmedabad",ARTIFICIAL INTELLIGENCE(AI) AND MACHINE LEARNING,SC,2024,49.8351
9,"Ahmedabad Institute Of Tech, Ahmedabad",ARTIFICIAL INTELLIGENCE(AI) AND MACHINE LEARNING,SEBC,2024,44.8564
9,"Ahmedabad Institute Of Tech, Ahmedabad",CIVIL ENGINEERING,OPEN,2024,31.1966
9,"Ahmedabad Institute Of Tech, Ahmedabad",COMPUTER ENGINEERING,EWS,2024,29.3434
9,"Ahmedabad Institute Of Tech, Ahmedabad",COMPUTER ENGINEERING,OPEN,2024,53.1803
9,"Ahmedabad Institute Of Tech, Ahmedabad",COMPUTER ENGINEERING,SC,2024,34.5486
9,"Ahmedabad Institute Of Tech, Ahmedabad",COMPUTER ENGINEERING,SEBC,2024,19.3605
9,"Ahmedabad Institute Of Tech, Ahmedabad",COMPUTER ENGINEERING,ST,2024,45.0614
9,"Ahmedabad Institute Of Tech, Ahmedabad",COMPUTER SCIENCE & ENGINEERING (CYBER SECURITY),EWS,2024,42.0643
9,"Ahmedabad Institute Of Tech, Ahmedabad",COMPUTER SCIENCE & ENGINEERING (CYBER SECURITY),OPEN,2024,60.8379
9,"Ahmedabad Institute Of Tech, Ahmedabad",COMPUTER SCIENCE & ENGINEERING (CYBER SECURITY),SEBC,2024,51.0801
9,"Ahmedabad Institute Of Tech, Ahmedabad",COMPUTER SCIENCE & ENGINEERING (DATA SCIENCE),EWS,2024,65.7293
9,"Ahmedabad Institute Of Tech, Ahmedabad",COMPUTER SCIENCE & ENGINEERING (DATA SCIENCE),OPEN,2024,67.1101
9,"Ahmedabad Institute Of Tech, Ahmedabad",COMPUTER SCIENCE & ENGINEERING (DATA SCIENCE),SC,2024,39.8547
9,"Ahmedabad Institute Of Tech, Ahmedabad",COMPUTER SCIENCE & ENGINEERING (DATA SCIENCE),SEBC,2024,34.5059
9,"Ahmedabad Institute Of Tech, Ahmedabad",ELECTRICAL ENGINEERING,OPEN,2024,34.8332
9,"Ahmedabad Institute Of Tech, Ahmedabad",ELECTRONICS & COMMUNICATION ENGINEERING,OPEN,2024,17.6935
9,"Ahmedabad Institute Of Tech, Ahmedabad",INFORMATION TECHNOLOGY,OPEN,2024,30.8207
9,"Ahmedabad Institute Of Tech, Ahmedabad",INFORMATION TECHNOLOGY,SC,2024,7.9985
9,"Ahmedabad Institute Of Tech, Ahmedabad",MECHANICAL ENGINEERING,OPEN,2024,13.8224
11,"Alpha College Of Engg. & Tech., Khatraj, Kalol",COMPUTER ENGINEERING,OPEN,2024,36.4103
13,"Anant School for Climate Action, Ahmedabad",Climate Change,OPEN,2024,64.7906
14,"Arrdekta Inst. Of Technology, Khedbrahma, Sabarkantha",COMPUTER ENGINEERING,OPEN,2024,52.2971
15,Asha M. Tarsadia Institute of Computer Science & Tech. Bardoli,COMPUTER ENGINEERING,OPEN,2024,18.5514
15,Asha M. Tarsadia Institute of Computer Science & Tech. Bardoli,COMPUTER ENGINEERING (SOFTWARE ENGINEERING),OPEN,2024,7.2376
15,Asha M. Tarsadia Institute of Computer Science & Tech. Bardoli,COMPUTER SCIENCE & ENGINEERING,OPEN,2024,11.9653
15,Asha M. Tarsadia Institute of Computer Science & Tech. Bardoli,COMPUTER SCIENCE & ENGINEERING (ARTIFICIAL INTELLIGENCE AND MACHINE LEARNING),OPEN,2024,16.9819
15,Asha M. Tarsadia Institute of Computer Science & Tech. Bardoli,COMPUTER SCIENCE & ENGINEERING (CLOUD COMPUTING),OPEN,2024,33.0981
15,Asha M. Tarsadia Institute of Computer Science & Tech. Bardoli,COMPUTER SCIENCE & ENGINEERING (CYBER SECURITY),OPEN,2024,48.0428
15,Asha M. Tarsadia Institute of Computer Science & Tech. Bardoli,INFORMATION TECHNOLOGY,OPEN,2024,20.6799
16,"Atmiya University, Faculty of Engineering and Technology, Rajkot",COMPUTER ENGINEERING,OPEN,2024,8.8525
16,"Atmiya University, Faculty of Engineering and Technology, Rajkot",COMPUTER SCIENCE & ENGINEERING,OPEN,2024,16.4245
16,"Atmiya University, Faculty of Engineering and Technology, Rajkot",INFORMATION TECHNOLOGY,OPEN,2024,39.3999
16,"Atmiya University, Faculty of Engineering and Technology, Rajkot",MECHANICAL ENGINEERING,OPEN,2024,64.1706
17,"B.H.Gardi College Of Engg. & Technology , Rajkot",COMPUTER ENGINEERING,OPEN,2024,25.4582
17,"B.H.Gardi College Of Engg. & Technology , Rajkot",COMPUTER SCIENCE & ENGINEERING,OPEN,2024,60.5109
17,"B.H.Gardi College Of Engg. & Technology , Rajkot",INFORMATION TECHNOLOGY,OPEN,2024,29.1238
17,"B.H.Gardi College Of Engg. & Technology , Rajkot",MECHANICAL ENGINEERING,OPEN,2024,47.75
18,"Bhagwan Arihant Institute of Tech., Surat",AERONAUTICAL ENGINEERING,OPEN,2024,25.9345
18,"Bhagwan Arihant Institute of Tech., Surat",COMPUTER ENGINEERING,OPEN,2024,1.8851
18,"Bhagwan Arihant Institute of Tech., Surat",INFORMATION TECHNOLOGY,OPEN,2024,40.8647
18,"Bhagwan Arihant Institute of Tech., Surat",PHARMACEUTICAL ENGINEERING,OPEN,2024,18.4994
19,"Bhagwan Mahavir College Of Engg. And Tech., Surat",AUTOMOBILE ENGINEERING,OPEN,2024,49.031
19,"Bhagwan Mahavir College Of Engg. And Tech., Surat",CIVIL ENGINEERING,OPEN,2024,84.4811
19,"Bhagwan Mahavir College Of Engg. And Tech., Surat",COMPUTER ENGINEERING,OPEN,2024,21.2797
20,"Birla Vishvakarma Maha Vidhyalaya(Gia), V.V.Nagar",CIVIL ENGINEERING,OPEN,2024,11.9192
20,"Birla Vishvakarma Maha Vidhyalaya(Gia), V.V.Nagar",COMPUTER ENGINEERING,EWS,2024,97.0274
20,"Birla Vishvakarma Maha Vidhyalaya(Gia), V.V.Nagar",COMPUTER ENGINEERING,OPEN,2024,97.5847
20,"Birla Vishvakarma Maha Vidhyalaya(Gia), V.V.Nagar",COMPUTER ENGINEERING,SC,2024,87.7889
20,"Birla Vishvakarma Maha Vidhyalaya(Gia), V.V.Nagar",COMPUTER ENGINEERING,SEBC,2024,95.6057
20,"Birla Vishvakarma Maha Vidhyalaya(Gia), V.V.Nagar",COMPUTER ENGINEERING,ST,2024,61.0022
20,"Birla Vishvakarma Maha Vidhyalaya(Gia), V.V.Nagar",ELECTRICAL ENGINEERING,EWS,2024,51.436
20,"Birla Vishvakarma Maha Vidhyalaya(Gia), V.V.Nagar",ELECTRICAL ENGINEERING,OPEN,2024,67.0245
20,"Birla Vishvakarma Maha Vidhyalaya(Gia), V.V.Nagar",ELECTRICAL ENGINEERING,SC,2024,35.8502
20,"Birla Vishvakarma Maha Vidhyalaya(Gia), V.V.Nagar",ELECTRICAL ENGINEERING,SEBC,2024,53.132
20,"Birla Vishvakarma Maha Vidhyalaya(Gia), V.V.Nagar",ELECTRICAL ENGINEERING,ST,2024,25.2097
20,"Birla Vishvakarma Maha Vidhyalaya(Gia), V.V.Nagar",ELECTRONICS ENGINEERING,EWS,2024,66.8928
20,"Birla Vishvakarma Maha Vidhyalaya(Gia), V.V.Nagar",ELECTRONICS ENGINEERING,OPEN,2024,76.0915
20,"Birla Vishvakarma Maha Vidhyalaya(Gia), V.V.Nagar",ELECTRONICS ENGINEERING,SC,2024,49.2846
20,"Birla Vishvakarma Maha Vidhyalaya(Gia), V.V.Nagar",ELECTRONICS ENGINEERING,SEBC,2024,56.8937
20,"Birla Vishvakarma Maha Vidhyalaya(Gia), V.V.Nagar",MECHANICAL ENGINEERING,EWS,2024,61.1159
20,"Birla Vishvakarma Maha Vidhyalaya(Gia), V.V.Nagar",MECHANICAL ENGINEERING,OPEN,2024,74.1764
20,"Birla Vishvakarma Maha Vidhyalaya(Gia), V.V.Nagar",MECHANICAL ENGINEERING,SC,2024,22.8303
20,"Birla Vishvakarma Maha Vidhyalaya(Gia), V.V.Nagar",MECHANICAL ENGINEERING,SEBC,2024,58.8046
20,"Birla Vishvakarma Maha Vidhyalaya(Gia), V.V.Nagar",MECHANICAL ENGINEERING,ST,2024,19.1757
20,"Birla Vishvakarma Maha Vidhyalaya(Gia), V.V.Nagar",PRODUCTION ENGINEERING,OPEN,2024,52.5239
21,"Birla Vishvakarma Maha Vidhylaya(Sfi), V.V.Nagar",ELECTRONICS & COMMUNICATION ENGINEERING,EWS,2024,70.212
21,"Birla Vishvakarma Maha Vidhylaya(Sfi), V.V.Nagar",ELECTRONICS & COMMUNICATION ENGINEERING,OPEN,2024,72.3429
21,"Birla Vishvakarma Maha Vidhylaya(Sfi), V.V.Nagar",ELECTRONICS & COMMUNICATION ENGINEERING,SC,2024,27.7772
21,"Birla Vishvakarma Maha Vidhylaya(Sfi), V.V.Nagar",ELECTRONICS & COMMUNICATION ENGINEERING,SEBC,2024,26.4955
21,"Birla Vishvakarma Maha Vidhylaya(Sfi), V.V.Nagar",INFORMATION TECHNOLOGY,EWS,2024,93.8811
21,"Birla Vishvakarma Maha Vidhylaya(Sfi), V.V.Nagar",INFORMATION TECHNOLOGY,OPEN,2024,94.999
21,"Birla Vishvakarma Maha Vidhylaya(Sfi), V.V.Nagar",INFORMATION TECHNOLOGY,SC,2024,82.5855
21,"Birla Vishvakarma Maha Vidhylaya(Sfi), V.V.Nagar",INFORMATION TECHNOLOGY,SEBC,2024,91.2398
21,"Birla Vishvakarma Maha Vidhylaya(Sfi), V.V.Nagar",INFORMATION TECHNOLOGY,ST,2024,29.0513
21,"Birla Vishvakarma Maha Vidhylaya(Sfi), V.V.Nagar",MECHANICAL ENGINEERING,OPEN,2024,42.0861
21,"Birla Vishvakarma Maha Vidhylaya(Sfi), V.V.Nagar",MECHANICAL ENGINEERING,SC,2024,15.6992
21,"Birla Vishvakarma Maha Vidhylaya(Sfi), V.V.Nagar",MECHANICAL ENGINEERING,SEBC,2024,38.4718
22,"C. K. Pithawala College Of Engg. & Tech., Surat",CIVIL ENGINEERING,OPEN,2024,24.1238
22,"C. K. Pithawala College Of Engg. & Tech., Surat",COMPUTER ENGINEERING,EWS,2024,48.5947
22,"C. K. Pithawala College Of Engg. & Tech., Surat",COMPUTER ENGINEERING,OPEN,2024,62.0492
22,"C. K. Pithawala College Of Engg. & Tech., Surat",COMPUTER ENGINEERING,SC,2024,27.5818
22,"C. K. Pithawala College Of Engg. & Tech., Surat",COMPUTER ENGINEERING,SEBC,2024,19.4702
22,"C. K. Pithawala College Of Engg. & Tech., Surat",ELECTRICAL ENGINEERING,OPEN,2024,18.124
22,"C. K. Pithawala College Of Engg. & Tech., Surat",INFORMATION TECHNOLOGY,EWS,2024,49.3836
22,"C. K. Pithawala College Of Engg. & Tech., Surat",INFORMATION TECHNOLOGY,OPEN,2024,58.8687
22,"C. K. Pithawala College Of Engg. & Tech., Surat",INFORMATION TECHNOLOGY,SC,2024,42.7512
22,"C. K. Pithawala College Of Engg. & Tech., Surat",INFORMATION TECHNOLOGY,SEBC,2024,39.3999
22,"C. K. Pithawala College Of Engg. & Tech., Surat",MECHANICAL ENGINEERING,OPEN,2024,24.1444
23,"C.U.Shah College Of Engg.& Tech.,Wadhvan",COMPUTER ENGINEERING,OPEN,2024,58.7292
24,Central Institute of Petrochemicals Engineering & Technology,PLASTIC ENGINEERING,OPEN,2024,67.16
27,"Charotar University of Science & Technology (CHARUSAT) - Chandubhai S Patel Institute Of Technology (CSPIT), Changa",ARTIFICIAL INTELLIGENCE(AI) AND MACHINE LEARNING,EWS,2024,88.1401
27,"Charotar University of Science & Technology (CHARUSAT) - Chandubhai S Patel Institute Of Technology (CSPIT), Changa",ARTIFICIAL INTELLIGENCE(AI) AND MACHINE LEARNING,OPEN,2024,89.7409
27,"Charotar University of Science & Technology (CHARUSAT) - Chandubhai S Patel Institute Of Technology (CSPIT), Changa",ARTIFICIAL INTELLIGENCE(AI) AND MACHINE LEARNING,SC,2024,63.4484
27,"Charotar University of Science & Technology (CHARUSAT) - Chandubhai S Patel Institute Of Technology (CSPIT), Changa",ARTIFICIAL INTELLIGENCE(AI) AND MACHINE LEARNING,SEBC,2024,79.7137
27,"Charotar University of Science & Technology (CHARUSAT) - Chandubhai S Patel Institute Of Technology (CSPIT), Changa",CIVIL ENGINEERING,OPEN,2024,27.9651
27,"Charotar University of Science & Technology (CHARUSAT) - Chandubhai S Patel Institute Of Technology (CSPIT), Changa",COMPUTER ENGINEERING,EWS,2024,93.4085
27,"Charotar University of Science & Technology (CHARUSAT) - Chandubhai S Patel Institute Of Technology (CSPIT), Changa",COMPUTER ENGINEERING,OPEN,2024,94.4105
27,"Charotar University of Science & Technology (CHARUSAT) - Chandubhai S Patel Institute Of Technology (CSPIT), Changa",COMPUTER ENGINEERING,SC,2024,72.0962
27,"Charotar University of Science & Technology (CHARUSAT) - Chandubhai S Patel Institute Of Technology (CSPIT), Changa",COMPUTER ENGINEERING,SEBC,2024,89.2098
27,"Charotar University of Science & Technology (CHARUSAT) - Chandubhai S Patel Institute Of Technology (CSPIT), Changa",COMPUTER ENGINEERING,ST,2024,35.9523
27,"Charotar University of Science & Technology (CHARUSAT) - Chandubhai S Patel Institute Of Technology (CSPIT), Changa",COMPUTER SCIENCE & ENGINEERING,EWS,2024,95.4084
27,"Charotar University of Science & Technology (CHARUSAT) - Chandubhai S Patel Institute Of Technology (CSPIT), Changa",COMPUTER SCIENCE & ENGINEERING,OPEN,2024,95.5695
27,"Charotar University of Science & Technology (CHARUSAT) - Chandubhai S Patel Institute Of Technology (CSPIT), Changa",COMPUTER SCIENCE & ENGINEERING,SC,2024,86.1202
27,"Charotar University of Science & Technology (CHARUSAT) - Chandubhai S Patel Institute Of Technology (CSPIT), Changa",COMPUTER SCIENCE & ENGINEERING,SEBC,2024,91.807
27,"Charotar University of Science & Technology (CHARUSAT) - Chandubhai S Patel Institute Of Technology (CSPIT), Changa",COMPUTER SCIENCE & ENGINEERING,ST,2024,43.3053
27,"Charotar University of Science & Technology (CHARUSAT) - Chandubhai S Patel Institute Of Technology (CSPIT), Changa",ELECTRICAL ENGINEERING,OPEN,2024,17.5806
27,"Charotar University of Science & Technology (CHARUSAT) - Chandubhai S Patel Institute Of Technology (CSPIT), Changa",ELECTRONICS & COMMUNICATION ENGINEERING,EWS,2024,46.1962
27,"Charotar University of Science & Technology (CHARUSAT) - Chandubhai S Patel Institute Of Technology (CSPIT), Changa",ELECTRONICS & COMMUNICATION ENGINEERING,OPEN,2024,58.2574
27,"Charotar University of Science & Technology (CHARUSAT) - Chandubhai S Patel Institute Of Technology (CSPIT), Changa",ELECTRONICS & COMMUNICATION ENGINEERING,SC,2024,25.4621
27,"Charotar University of Science & Technology (CHARUSAT) - Chandubhai S Patel Institute Of Technology (CSPIT), Changa",ELECTRONICS & COMMUNICATION ENGINEERING,SEBC,2024,47.174
27,"Charotar University of Science & Technology (CHARUSAT) - Chandubhai S Patel Institute Of Technology (CSPIT), Changa",INFORMATION TECHNOLOGY,EWS,2024,91.7584
27,"Charotar University of Science & Technology (CHARUSAT) - Chandubhai S Patel Institute Of Technology (CSPIT), Changa",INFORMATION TECHNOLOGY,OPEN,2024,92.0368
27,"Charotar University of Science & Technology (CHARUSAT) - Chandubhai S Patel Institute Of Technology (CSPIT), Changa",INFORMATION TECHNOLOGY,SC,2024,71.4481
27,"Charotar University of Science & Technology (CHARUSAT) - Chandubhai S Patel Institute Of Technology (CSPIT), Changa",INFORMATION TECHNOLOGY,SEBC,2024,86.1208
27,"Charotar University of Science & Technology (CHARUSAT) - Chandubhai S Patel Institute Of Technology (CSPIT), Changa",INFORMATION TECHNOLOGY,ST,2024,54.7043
27,"Charotar University of Science & Technology (CHARUSAT) - Chandubhai S Patel Institute Of Technology (CSPIT), Changa",MECHANICAL ENGINEERING,OPEN,2024,16.7978
29,"Charotar University of Science & Technology (CHARUSAT) - Devang Patel Institute of Advance Technology And Research (DEPSTAR), Changa",COMPUTER ENGINEERING,EWS,2024,90.4767
29,"Charotar University of Science & Technology (CHARUSAT) - Devang Patel Institute of Advance Technology And Research (DEPSTAR), Changa",COMPUTER ENGINEERING,OPEN,2024,91.1774
29,"Charotar University of Science & Technology (CHARUSAT) - Devang Patel Institute of Advance Technology And Research (DEPSTAR), Changa",COMPUTER ENGINEERING,SC,2024,70.457
29,"Charotar University of Science & Technology (CHARUSAT) - Devang Patel Institute of Advance Technology And Research (DEPSTAR), Changa",COMPUTER ENGINEERING,SEBC,2024,84.8493
29,"Charotar University of Science & Technology (CHARUSAT) - Devang Patel Institute of Advance Technology And Research (DEPSTAR), Changa",COMPUTER SCIENCE & ENGINEERING,EWS,2024,92.4307
29,"Charotar University of Science & Technology (CHARUSAT) - Devang Patel Institute of Advance Technology And Research (DEPSTAR), Changa",COMPUTER SCIENCE & ENGINEERING,OPEN,2024,92.6827
29,"Charotar University of Science & Technology (CHARUSAT) - Devang Patel Institute of Advance Technology And Research (DEPSTAR), Changa",COMPUTER SCIENCE & ENGINEERING,SC,2024,76.4943
29,"Charotar University of Science & Technology (CHARUSAT) - Devang Patel Institute of Advance Technology And Research (DEPSTAR), Changa",COMPUTER SCIENCE & ENGINEERING,SEBC,2024,87.4557
29,"Charotar University of Science & Technology (CHARUSAT) - Devang Patel Institute of Advance Technology And Research (DEPSTAR), Changa",COMPUTER SCIENCE & ENGINEERING,ST,2024,42.1565
29,"Charotar University of Science & Technology (CHARUSAT) - Devang Patel Institute of Advance Technology And Research (DEPSTAR), Changa",INFORMATION TECHNOLOGY,EWS,2024,89.9114
29,"Charotar University of Science & Technology (CHARUSAT) - Devang Patel Institute of Advance Technology And Research (DEPSTAR), Changa",INFORMATION TECHNOLOGY,OPEN,2024,90.1352
29,"Charotar University of Science & Technology (CHARUSAT) - Devang Patel Institute of Advance Technology And Research (DEPSTAR), Changa",INFORMATION TECHNOLOGY,SC,2024,69.979
29,"Charotar University of Science & Technology (CHARUSAT) - Devang Patel Institute of Advance Technology And Research (DEPSTAR), Changa",INFORMATION TECHNOLOGY,SEBC,2024,82.8724
30,"Chhotubhai Gopalbhai Patel Institute Of Tech., Tarsadi, Bardoli",ARTIFICIAL INTELLIGENCE AND DATA SCIENCE,OPEN,2024,16.5564
30,"Chhotubhai Gopalbhai Patel Institute Of Tech., Tarsadi, Bardoli",AUTOMOBILE ENGINEERING,OPEN,2024,17.0046
30,"Chhotubhai Gopalbhai Patel Institute Of Tech., Tarsadi, Bardoli",CIVIL ENGINEERING,OPEN,2024,44.1771
30,"Chhotubhai Gopalbhai Patel Institute Of Tech., Tarsadi, Bardoli",COMPUTER ENGINEERING,OPEN,2024,20.563
30,"Chhotubhai Gopalbhai Patel Institute Of Tech., Tarsadi, Bardoli",CYBER SECURITY,OPEN,2024,27.9487
30,"Chhotubhai Gopalbhai Patel Institute Of Tech., Tarsadi, Bardoli",ELECTRICAL ENGINEERING,OPEN,2024,17.3986
30,"Chhotubhai Gopalbhai Patel Institute Of Tech., Tarsadi, Bardoli",ELECTRONICS & COMMUNICATION ENGINEERING,OPEN,2024,20.5177
30,"Chhotubhai Gopalbhai Patel Institute Of Tech., Tarsadi, Bardoli",INFORMATION & COMMUNICATION TECHNOLOGY,OPEN,2024,47.1383
30,"Chhotubhai Gopalbhai Patel Institute Of Tech., Tarsadi, Bardoli",INFORMATION TECHNOLOGY,OPEN,2024,3.9756
30,"Chhotubhai Gopalbhai Patel Institute Of Tech., Tarsadi, Bardoli",MECHANICAL ENGINEERING,OPEN,2024,59.4881
30,"Chhotubhai Gopalbhai Patel Institute Of Tech., Tarsadi, Bardoli",MECHATRONICS ENGINEERING,OPEN,2024,29.1238
31,"D. A. Degree Engineering and Technology, Mahemdabad, Kheda",COMPUTER ENGINEERING,OPEN,2024,75.1374
31,"D. A. Degree Engineering and Technology, Mahemdabad, Kheda",MECHANICAL ENGINEERING,OPEN,2024,40.559
32,DR. S & S.S.Ghandhi Government Engineering College Surat,CIVIL ENGINEERING,OPEN,2024,19.1947
32,DR. S & S.S.Ghandhi Government Engineering College Surat,COMPUTER ENGINEERING,EWS,2024,86.9109
32,DR. S & S.S.Ghandhi Government Engineering College Surat,COMPUTER ENGINEERING,OPEN,2024,89.1329
32,DR. S & S.S.Ghandhi Government Engineering College Surat,COMPUTER ENGINEERING,SC,2024,50.6729
32,DR. S & S.S.Ghandhi Government Engineering College Surat,COMPUTER ENGINEERING,SEBC,2024,80.2616
32,DR. S & S.S.Ghandhi Government Engineering College Surat,COMPUTER ENGINEERING,ST,2024,23.5022
32,DR. S & S.S.Ghandhi Government Engineering College Surat,ELECTRICAL ENGINEERING,OPEN,2024,6.1055
32,DR. S & S.S.Ghandhi Government Engineering College Surat,ELECTRONICS & COMMUNICATION ENGINEERING,EWS,2024,34.5414
32,DR. S & S.S.Ghandhi Government Engineering College Surat,ELECTRONICS & COMMUNICATION ENGINEERING,OPEN,2024,40.1607
32,DR. S & S.S.Ghandhi Government Engineering College Surat,ELECTRONICS & COMMUNICATION ENGINEERING,SEBC,2024,24.8727
32,DR. S & S.S.Ghandhi Government Engineering College Surat,ENVIRONMENTAL ENGINEERING,OPEN,2024,11.3035
32,DR. S & S.S.Ghandhi Government Engineering College Surat,MECHANICAL ENGINEERING,OPEN,2024,26.304
34,"Darshan Institute Of Engg. & Tech., Rajkot-Morbi Highway, Hadala",CIVIL ENGINEERING,OPEN,2024,23.5199
34,"Darshan Institute Of Engg. & Tech., Rajkot-Morbi Highway, Hadala",COMPUTER SCIENCE & ENGINEERING,EWS,2024,80.0927
34,"Darshan Institute Of Engg. & Tech., Rajkot-Morbi Highway, Hadala",COMPUTER SCIENCE & ENGINEERING,OPEN,2024,82.6264
34,"Darshan Institute Of Engg. & Tech., Rajkot-Morbi Highway, Hadala",COMPUTER SCIENCE & ENGINEERING,SC,2024,21.8119
34,"Darshan Institute Of Engg. & Tech., Rajkot-Morbi Highway, Hadala",COMPUTER SCIENCE & ENGINEERING,SEBC,2024,52.9185
34,"Darshan Institute Of Engg. & Tech., Rajkot-Morbi Highway, Hadala",MECHANICAL ENGINEERING,OPEN,2024,56.8558
37,"Dhirubhai Ambani Institute of Info. & Comm. Tech., Gandhinagar",ELECTRONICS ENGINEERING ( VLSI DESIGN AND TECHNOLOGY),EWS,2024,99.4729
37,"Dhirubhai Ambani Institute of Info. & Comm. Tech., Gandhinagar",ELECTRONICS ENGINEERING ( VLSI DESIGN AND TECHNOLOGY),OPEN,2024,99.5705
37,"Dhirubhai Ambani Institute of Info. & Comm. Tech., Gandhinagar",ELECTRONICS ENGINEERING ( VLSI DESIGN AND TECHNOLOGY),SEBC,2024,98.8723
37,"Dhirubhai Ambani Institute of Info. & Comm. Tech., Gandhinagar",ELECTRONICS ENGINEERING ( VLSI DESIGN AND TECHNOLOGY),ST,2024,88.5198
37,"Dhirubhai Ambani Institute of Info. & Comm. Tech., Gandhinagar",HONS. IN ICT WITH MINOR IN COMPUTATIONAL SCIENCE (CS),EWS,2024,99.8134
37,"Dhirubhai Ambani Institute of Info. & Comm. Tech., Gandhinagar",HONS. IN ICT WITH MINOR IN COMPUTATIONAL SCIENCE (CS),OPEN,2024,99.8377
37,"Dhirubhai Ambani Institute of Info. & Comm. Tech., Gandhinagar",HONS. IN ICT WITH MINOR IN COMPUTATIONAL SCIENCE (CS),SC,2024,99.7364
37,"Dhirubhai Ambani Institute of Info. & Comm. Tech., Gandhinagar",HONS. IN ICT WITH MINOR IN COMPUTATIONAL SCIENCE (CS),SEBC,2024,99.6873
37,"Dhirubhai Ambani Institute of Info. & Comm. Tech., Gandhinagar",HONS. IN ICT WITH MINOR IN COMPUTATIONAL SCIENCE (CS),ST,2024,92.1671
37,"Dhirubhai Ambani Institute of Info. & Comm. Tech., Gandhinagar",INFORMATION & COMMUNICATION TECHNOLOGY,EWS,2024,99.7307
37,"Dhirubhai Ambani Institute of Info. & Comm. Tech., Gandhinagar",INFORMATION & COMMUNICATION TECHNOLOGY,OPEN,2024,99.7443
37,"Dhirubhai Ambani Institute of Info. & Comm. Tech., Gandhinagar",INFORMATION & COMMUNICATION TECHNOLOGY,SC,2024,99.3327
37,"Dhirubhai Ambani Institute of Info. & Comm. Tech., Gandhinagar",INFORMATION & COMMUNICATION TECHNOLOGY,SEBC,2024,99.4489
37,"Dhirubhai Ambani Institute of Info. & Comm. Tech., Gandhinagar",INFORMATION & COMMUNICATION TECHNOLOGY,ST,2024,90.6397
37,"Dhirubhai Ambani Institute of Info. & Comm. Tech., Gandhinagar",MATHEMATICS AND COMPUTING,EWS,2024,99.87
37,"Dhirubhai Ambani Institute of Info. & Comm. Tech., Gandhinagar",MATHEMATICS AND COMPUTING,OPEN,2024,99.8793
37,"Dhirubhai Ambani Institute of Info. & Comm. Tech., Gandhinagar",MATHEMATICS AND COMPUTING,SC,2024,99.6471
37,"Dhirubhai Ambani Institute of Info. & Comm. Tech., Gandhinagar",MATHEMATICS AND COMPUTING,SEBC,2024,99.8066
37,"Dhirubhai Ambani Institute of Info. & Comm. Tech., Gandhinagar",MATHEMATICS AND COMPUTING,ST,2024,99.2609
38,"Dr. Jivraj Mehta Institute Of Technology, Anand",COMPUTER ENGINEERING,OPEN,2024,33.5657
38,"Dr. Jivraj Mehta Institute Of Technology, Anand",INFORMATION TECHNOLOGY,OPEN,2024,20.5838
39,"Dr. Subhash University, School of Engineering & Technology, Junagadh",COMPUTER SCIENCE & ENGINEERING,OPEN,2024,39.1969
39,"Dr. Subhash University, School of Engineering & Technology, Junagadh",INFORMATION TECHNOLOGY,OPEN,2024,77.9704
40,"Dr. V.R. Godhania College of Engg. & Tech., Porbandar",COMPUTER ENGINEERING,OPEN,2024,27.6875
41,"Engineering College, Tuwa, Godhara",COMPUTER ENGINEERING,OPEN,2024,64.6373
43,"Faculty Of Technology & Engineering(MSU), Vadodara",CHEMICAL ENGINEERING,EWS,2024,89.5438
43,"Faculty Of Technology & Engineering(MSU), Vadodara",CHEMICAL ENGINEERING,OPEN,2024,92.5846
43,"Faculty Of Technology & Engineering(MSU), Vadodara",CHEMICAL ENGINEERING,SC,2024,87.1228
43,"Faculty Of Technology & Engineering(MSU), Vadodara",CHEMICAL ENGINEERING,SEBC,2024,80.827
43,"Faculty Of Technology & Engineering(MSU), Vadodara",CHEMICAL ENGINEERING,ST,2024,40.7629
43,"Faculty Of Technology & Engineering(MSU), Vadodara",CIVIL ENGINEERING,EWS,2024,60.7962
43,"Faculty Of Technology & Engineering(MSU), Vadodara",CIVIL ENGINEERING,OPEN,2024,69.145
43,"Faculty Of Technology & Engineering(MSU), Vadodara",CIVIL ENGINEERING,SC,2024,41.6156
43,"Faculty Of Technology & Engineering(MSU), Vadodara",CIVIL ENGINEERING,SEBC,2024,57.6168
43,"Faculty Of Technology & Engineering(MSU), Vadodara",CIVIL ENGINEERING,ST,2024,18.8863
43,"Faculty Of Technology & Engineering(MSU), Vadodara",COMPUTER SCIENCE & ENGINEERING,EWS,2024,97.9167
43,"Faculty Of Technology & Engineering(MSU), Vadodara",COMPUTER SCIENCE & ENGINEERING,OPEN,2024,98.1755
43,"Faculty Of Technology & Engineering(MSU), Vadodara",COMPUTER SCIENCE & ENGINEERING,SC,2024,91.5976
43,"Faculty Of Technology & Engineering(MSU), Vadodara",COMPUTER SCIENCE & ENGINEERING,SEBC,2024,96.1076
43,"Faculty Of Technology & Engineering(MSU), Vadodara",COMPUTER SCIENCE & ENGINEERING,ST,2024,72.0742
43,"Faculty Of Technology & Engineering(MSU), Vadodara",ELECTRICAL ENGINEERING,EWS,2024,72.6077
43,"Faculty Of Technology & Engineering(MSU), Vadodara",ELECTRICAL ENGINEERING,OPEN,2024,84.0298
43,"Faculty Of Technology & Engineering(MSU), Vadodara",ELECTRICAL ENGINEERING,SC,2024,43.3537
43,"Faculty Of Technology & Engineering(MSU), Vadodara",ELECTRICAL ENGINEERING,SEBC,2024,60.6701
43,"Faculty Of Technology & Engineering(MSU), Vadodara",ELECTRICAL ENGINEERING,ST,2024,43.7647
43,"Faculty Of Technology & Engineering(MSU), Vadodara",ELECTRONICS ENGINEERING,EWS,2024,85.1273
43,"Faculty Of Technology & Engineering(MSU), Vadodara",ELECTRONICS ENGINEERING,OPEN,2024,88.6888
43,"Faculty Of Technology & Engineering(MSU), Vadodara",ELECTRONICS ENGINEERING,SC,2024,68.0057
43,"Faculty Of Technology & Engineering(MSU), Vadodara",ELECTRONICS ENGINEERING,SEBC,2024,70.7719
43,"Faculty Of Technology & Engineering(MSU), Vadodara",MECHANICAL ENGINEERING,EWS,2024,79.0195
43,"Faculty Of Technology & Engineering(MSU), Vadodara",MECHANICAL ENGINEERING,OPEN,2024,84.0487
43,"Faculty Of Technology & Engineering(MSU), Vadodara",MECHANICAL ENGINEERING,SC,2024,42.2709
43,"Faculty Of Technology & Engineering(MSU), Vadodara",MECHANICAL ENGINEERING,SEBC,2024,69.3258
43,"Faculty Of Technology & Engineering(MSU), Vadodara",MECHANICAL ENGINEERING,ST,2024,24.1898
43,"Faculty Of Technology & Engineering(MSU), Vadodara",METALLURGICAL AND MATERIALS ENGINEERING,OPEN,2024,19.4702
43,"Faculty Of Technology & Engineering(MSU), Vadodara",TEXTILE ENGINEERING,OPEN,2024,34.5438
43,"Faculty Of Technology & Engineering(MSU), Vadodara",TEXTILE TECHNOLOGY,OPEN,2024,22.9418
43,"Faculty Of Technology & Engineering(MSU), Vadodara",WATER MANAGEMENT,OPEN,2024,54.0209
44,"Faculty Of Technology And Engineering(GIA), Dharmsinh Desai University, (DDU), Nadiad",CHEMICAL ENGINEERING,EWS,2024,86.4542
44,"Faculty Of Technology And Engineering(GIA), Dharmsinh Desai University, (DDU), Nadiad",CHEMICAL ENGINEERING,OPEN,2024,87.6649
44,"Faculty Of Technology And Engineering(GIA), Dharmsinh Desai University, (DDU), Nadiad",CHEMICAL ENGINEERING,SC,2024,49.5127
44,"Faculty Of Technology And Engineering(GIA), Dharmsinh Desai University, (DDU), Nadiad",CHEMICAL ENGINEERING,SEBC,2024,80.7126
44,"Faculty Of Technology And Engineering(GIA), Dharmsinh Desai University, (DDU), Nadiad",CHEMICAL ENGINEERING,ST,2024,28.4438
44,"Faculty Of Technology And Engineering(GIA), Dharmsinh Desai University, (DDU), Nadiad",CIVIL ENGINEERING,OPEN,2024,17.9494
44,"Faculty Of Technology And Engineering(GIA), Dharmsinh Desai University, (DDU), Nadiad",COMPUTER ENGINEERING,EWS,2024,99.1339
44,"Faculty Of Technology And Engineering(GIA), Dharmsinh Desai University, (DDU), Nadiad",COMPUTER ENGINEERING,OPEN,2024,99.2404
44,"Faculty Of Technology And Engineering(GIA), Dharmsinh Desai University, (DDU), Nadiad",COMPUTER ENGINEERING,SC,2024,94.1511
44,"Faculty Of Technology And Engineering(GIA), Dharmsinh Desai University, (DDU), Nadiad",COMPUTER ENGINEERING,SEBC,2024,98.74
44,"Faculty Of Technology And Engineering(GIA), Dharmsinh Desai University, (DDU), Nadiad",COMPUTER ENGINEERING,ST,2024,84.8114
44,"Faculty Of Technology And Engineering(GIA), Dharmsinh Desai University, (DDU), Nadiad",ELECTRONICS & COMMUNICATION ENGINEERING,EWS,2024,92.0242
44,"Faculty Of Technology And Engineering(GIA), Dharmsinh Desai University, (DDU), Nadiad",ELECTRONICS & COMMUNICATION ENGINEERING,OPEN,2024,92.5013
44,"Faculty Of Technology And Engineering(GIA), Dharmsinh Desai University, (DDU), Nadiad",ELECTRONICS & COMMUNICATION ENGINEERING,SC,2024,71.4927
44,"Faculty Of Technology And Engineering(GIA), Dharmsinh Desai University, (DDU), Nadiad",ELECTRONICS & COMMUNICATION ENGINEERING,SEBC,2024,87.2174
44,"Faculty Of Technology And Engineering(GIA), Dharmsinh Desai University, (DDU), Nadiad",ELECTRONICS & COMMUNICATION ENGINEERING,ST,2024,48.4008
44,"Faculty Of Technology And Engineering(GIA), Dharmsinh Desai University, (DDU), Nadiad",INSTRUMENTATION & CONTROL ENGINEERING,EWS,2024,51.4927
44,"Faculty Of Technology And Engineering(GIA), Dharmsinh Desai University, (DDU), Nadiad",INSTRUMENTATION & CONTROL ENGINEERING,OPEN,2024,63.4292
44,"Faculty Of Technology And Engineering(GIA), Dharmsinh Desai University, (DDU), Nadiad",INSTRUMENTATION & CONTROL ENGINEERING,SEBC,2024,45.8073
45,"Faculty Of Technology(Sfi), Dharmsinh Desai University, Nadiad",CHEMICAL ENGINEERING,EWS,2024,52.8022
45,"Faculty Of Technology(Sfi), Dharmsinh Desai University, Nadiad",CHEMICAL ENGINEERING,OPEN,2024,59.6627
45,"Faculty Of Technology(Sfi), Dharmsinh Desai University, Nadiad",CHEMICAL ENGINEERING,SC,2024,35.0645
45,"Faculty Of Technology(Sfi), Dharmsinh Desai University, Nadiad",CHEMICAL ENGINEERING,SEBC,2024,20.4825
45,"Faculty Of Technology(Sfi), Dharmsinh Desai University, Nadiad",COMPUTER ENGINEERING,EWS,2024,98.8085
45,"Faculty Of Technology(Sfi), Dharmsinh Desai University, Nadiad",COMPUTER ENGINEERING,OPEN,2024,98.9013
45,"Faculty Of Technology(Sfi), Dharmsinh Desai University, Nadiad",COMPUTER ENGINEERING,SC,2024,92.3985
45,"Faculty Of Technology(Sfi), Dharmsinh Desai University, Nadiad",COMPUTER ENGINEERING,SEBC,2024,97.598
45,"Faculty Of Technology(Sfi), Dharmsinh Desai University, Nadiad",COMPUTER ENGINEERING,ST,2024,58.1892
45,"Faculty Of Technology(Sfi), Dharmsinh Desai University, Nadiad",ELECTRONICS & COMMUNICATION ENGINEERING,EWS,2024,83.314
45,"Faculty Of Technology(Sfi), Dharmsinh Desai University, Nadiad",ELECTRONICS & COMMUNICATION ENGINEERING,OPEN,2024,86.3554
45,"Faculty Of Technology(Sfi), Dharmsinh Desai University, Nadiad",ELECTRONICS & COMMUNICATION ENGINEERING,SC,2024,60.0567
45,"Faculty Of Technology(Sfi), Dharmsinh Desai University, Nadiad",ELECTRONICS & COMMUNICATION ENGINEERING,SEBC,2024,79.3956
45,"Faculty Of Technology(Sfi), Dharmsinh Desai University, Nadiad",INFORMATION TECHNOLOGY,EWS,2024,97.4748
45,"Faculty Of Technology(Sfi), Dharmsinh Desai University, Nadiad",INFORMATION TECHNOLOGY,OPEN,2024,97.9603
45,"Faculty Of Technology(Sfi), Dharmsinh Desai University, Nadiad",INFORMATION TECHNOLOGY,SC,2024,88.7419
45,"Faculty Of Technology(Sfi), Dharmsinh Desai University, Nadiad",INFORMATION TECHNOLOGY,SEBC,2024,96.0249
45,"Faculty Of Technology(Sfi), Dharmsinh Desai University, Nadiad",INFORMATION TECHNOLOGY,ST,2024,38.4084
45,"Faculty Of Technology(Sfi), Dharmsinh Desai University, Nadiad",INSTRUMENTATION & CONTROL ENGINEERING,OPEN,2024,41.6144
45,"Faculty Of Technology(Sfi), Dharmsinh Desai University, Nadiad",INSTRUMENTATION & CONTROL ENGINEERING,SEBC,2024,30.6606
45,"Faculty Of Technology(Sfi), Dharmsinh Desai University, Nadiad",MECHANICAL ENGINEERING,EWS,2024,26.2464
45,"Faculty Of Technology(Sfi), Dharmsinh Desai University, Nadiad",MECHANICAL ENGINEERING,OPEN,2024,36.6952
45,"Faculty Of Technology(Sfi), Dharmsinh Desai University, Nadiad",MECHANICAL ENGINEERING,SEBC,2024,35.4129
46,"Faculty of Engineering & Technology- GLS University, Ahmedabad",COMPUTER SCIENCE & ENGINEERING,EWS,2024,26.6154
46,"Faculty of Engineering & Technology- GLS University, Ahmedabad",COMPUTER SCIENCE & ENGINEERING,OPEN,2024,40.6882
46,"Faculty of Engineering & Technology- GLS University, Ahmedabad",COMPUTER SCIENCE & ENGINEERING,SC,2024,11.5493
46,"Faculty of Engineering & Technology- GLS University, Ahmedabad",COMPUTER SCIENCE & ENGINEERING,SEBC,2024,23.4242
47,"Faculty of Engineering & Technology- Sigma University,Bakrol, Vadodara",ARTIFICIAL INTELLIGENCE AND DATA SCIENCE,OPEN,2024,40.9841
47,"Faculty of Engineering & Technology- Sigma University,Bakrol, Vadodara",COMPUTER SCIENCE & ENGINEERING,OPEN,2024,23.2777
47,"Faculty of Engineering & Technology- Sigma University,Bakrol, Vadodara",CYBER SECURITY,OPEN,2024,38.546
48,"Faculty of Technology, CEPT University, Ahmedabad",Bachelor of Technology (Hons) in Civil Engineering (BCE),OPEN,2024,28.2314
49,"G.H.Patel College Of Engg. & Tech. , V. V. Nagar",CHEMICAL ENGINEERING,OPEN,2024,23.2055
49,"G.H.Patel College Of Engg. & Tech. , V. V. Nagar",COMPUTER ENGINEERING,EWS,2024,92.7179
49,"G.H.Patel College Of Engg. & Tech. , V. V. Nagar",COMPUTER ENGINEERING,OPEN,2024,93.0749
49,"G.H.Patel College Of Engg. & Tech. , V. V. Nagar",COMPUTER ENGINEERING,SC,2024,78.3634
49,"G.H.Patel College Of Engg. & Tech. , V. V. Nagar",COMPUTER ENGINEERING,SEBC,2024,87.6441
49,"G.H.Patel College Of Engg. & Tech. , V. V. Nagar",COMPUTER ENGINEERING,ST,2024,25.3137
49,"G.H.Patel College Of Engg. & Tech. , V. V. Nagar",COMPUTER SCIENCE & DESIGN,EWS,2024,78.0767
49,"G.H.Patel College Of Engg. & Tech. , V. V. Nagar",COMPUTER SCIENCE & DESIGN,OPEN,2024,82.1453
49,"G.H.Patel College Of Engg. & Tech. , V. V. Nagar",COMPUTER SCIENCE & DESIGN,SC,2024,55.9601
49,"G.H.Patel College Of Engg. & Tech. , V. V. Nagar",COMPUTER SCIENCE & DESIGN,SEBC,2024,58.3375
49,"G.H.Patel College Of Engg. & Tech. , V. V. Nagar",COMPUTER SCIENCE & ENGINEERING (IOT),EWS,2024,82.3574
49,"G.H.Patel College Of Engg. & Tech. , V. V. Nagar",COMPUTER SCIENCE & ENGINEERING (IOT),OPEN,2024,83.2636
49,"G.H.Patel College Of Engg. & Tech. , V. V. Nagar",COMPUTER SCIENCE & ENGINEERING (IOT),SC,2024,63.6213
49,"G.H.Patel College Of Engg. & Tech. , V. V. Nagar",COMPUTER SCIENCE & ENGINEERING (IOT),SEBC,2024,66.2555
49,"G.H.Patel College Of Engg. & Tech. , V. V. Nagar",ELECTRICAL ENGINEERING,OPEN,2024,33.5009
49,"G.H.Patel College Of Engg. & Tech. , V. V. Nagar",ELECTRONICS & COMMUNICATION ENGINEERING,OPEN,2024,17.6218
49,"G.H.Patel College Of Engg. & Tech. , V. V. Nagar",INFORMATION TECHNOLOGY,EWS,2024,90.0102
49,"G.H.Patel College Of Engg. & Tech. , V. V. Nagar",INFORMATION TECHNOLOGY,OPEN,2024,91.0416
49,"G.H.Patel College Of Engg. & Tech. , V. V. Nagar",INFORMATION TECHNOLOGY,SC,2024,72.5809
49,"G.H.Patel College Of Engg. & Tech. , V. V. Nagar",INFORMATION TECHNOLOGY,SEBC,2024,84.3619
49,"G.H.Patel College Of Engg. & Tech. , V. V. Nagar",MECHANICAL ENGINEERING,OPEN,2024,19.4104
49,"G.H.Patel College Of Engg. & Tech. , V. V. Nagar",MECHATRONICS,OPEN,2024,28.4004
50,"GIDC Degree Engineering College, Abrama, Navsari",AUTOMOBILE ENGINEERING,OPEN,2024,22.5383
50,"GIDC Degree Engineering College, Abrama, Navsari",CIVIL ENGINEERING,OPEN,2024,42.4048
50,"GIDC Degree Engineering College, Abrama, Navsari",COMPUTER ENGINEERING,EWS,2024,31.0575
50,"GIDC Degree Engineering College, Abrama, Navsari",COMPUTER ENGINEERING,OPEN,2024,61.4468
50,"GIDC Degree Engineering College, Abrama, Navsari",COMPUTER ENGINEERING,SC,2024,33.3561
50,"GIDC Degree Engineering College, Abrama, Navsari",COMPUTER ENGINEERING,SEBC,2024,49.0636
50,"GIDC Degree Engineering College, Abrama, Navsari",COMPUTER ENGINEERING,ST,2024,20.0032
50,"GIDC Degree Engineering College, Abrama, Navsari",ELECTRICAL ENGINEERING,OPEN,2024,18.3919
50,"GIDC Degree Engineering College, Abrama, Navsari",MECHANICAL ENGINEERING,OPEN,2024,23.6213
51,GYANMANJARI INSTITUTE OF TECHNOLOGY Bhavnagar,COMPUTER ENGINEERING,OPEN,2024,31.9673
51,GYANMANJARI INSTITUTE OF TECHNOLOGY Bhavnagar,COMPUTER SCIENCE & ENGINEERING,OPEN,2024,33.0674
51,GYANMANJARI INSTITUTE OF TECHNOLOGY Bhavnagar,INFORMATION & COMMUNICATION TECHNOLOGY,OPEN,2024,27.0934
51,GYANMANJARI INSTITUTE OF TECHNOLOGY Bhavnagar,INFORMATION TECHNOLOGY,OPEN,2024,25.4022
52,"Gandhinagar Institute Of Technology, Moti Bhoyan, Kalol, Gandhinagar",ARTIFICIAL INTELLIGENCE,OPEN,2024,27.3469
52,"Gandhinagar Institute Of Technology, Moti Bhoyan, Kalol, Gandhinagar",CIVIL ENGINEERING,OPEN,2024,45.6273
52,"Gandhinagar Institute Of Technology, Moti Bhoyan, Kalol, Gandhinagar",COMPUTER ENGINEERING,OPEN,2024,39.0665
52,"Gandhinagar Institute Of Technology, Moti Bhoyan, Kalol, Gandhinagar",COMPUTER SCIENCE & ENGINEERING,EWS,2024,26.8124
52,"Gandhinagar Institute Of Technology, Moti Bhoyan, Kalol, Gandhinagar",COMPUTER SCIENCE & ENGINEERING,OPEN,2024,37.923
52,"Gandhinagar Institute Of Technology, Moti Bhoyan, Kalol, Gandhinagar",COMPUTER SCIENCE & ENGINEERING,SEBC,2024,37.7354
52,"Gandhinagar Institute Of Technology, Moti Bhoyan, Kalol, Gandhinagar",CYBER SECURITY,OPEN,2024,37.7496
52,"Gandhinagar Institute Of Technology, Moti Bhoyan, Kalol, Gandhinagar",ELECTRONICS & COMMUNICATION ENGINEERING,OPEN,2024,30.0719
52,"Gandhinagar Institute Of Technology, Moti Bhoyan, Kalol, Gandhinagar",INFORMATION & COMMUNICATION TECHNOLOGY,OPEN,2024,35.7838
52,"Gandhinagar Institute Of Technology, Moti Bhoyan, Kalol, Gandhinagar",INFORMATION TECHNOLOGY,OPEN,2024,18.8504
52,"Gandhinagar Institute Of Technology, Moti Bhoyan, Kalol, Gandhinagar",MECHANICAL ENGINEERING,OPEN,2024,36.1092
53,"Ganpat University, Institute of Computer Tech., Kherva, Mehsana",COMPUTER SCIENCE & ENGINEERING,OPEN,2024,8.8121
53,"Ganpat University, Institute of Computer Tech., Kherva, Mehsana",COMPUTER SCIENCE & ENGINEERING (BIG DATA ANALYTICS),OPEN,2024,25.0822
53,"Ganpat University, Institute of Computer Tech., Kherva, Mehsana",COMPUTER SCIENCE & ENGINEERING (CLOUD BASED APPLICATIONS),OPEN,2024,25.4947
53,"Ganpat University, Institute of Computer Tech., Kherva, Mehsana",COMPUTER SCIENCE & ENGINEERING (CYBER SECURITY),OPEN,2024,10.9676
54,"Ganpat University, U.V.Patel College of Engineering, Kherva, Mehsana",AUTOMOBILE ENGINEERING,OPEN,2024,33.9181
54,"Ganpat University, U.V.Patel College of Engineering, Kherva, Mehsana",BIOTECHNOLOGY,OPEN,2024,21.7344
54,"Ganpat University, U.V.Patel College of Engineering, Kherva, Mehsana",CIVIL ENGINEERING,OPEN,2024,26.5906
54,"Ganpat University, U.V.Patel College of Engineering, Kherva, Mehsana",COMPUTER ENGINEERING,OPEN,2024,9.9886
54,"Ganpat University, U.V.Patel College of Engineering, Kherva, Mehsana",COMPUTER ENGINEERING (ARTIFICIAL INTELLIGENCE),OPEN,2024,15.6936
54,"Ganpat University, U.V.Patel College of Engineering, Kherva, Mehsana",COMPUTER SCIENCE & BUSINESS SYSTEMS,OPEN,2024,27.1801
54,"Ganpat University, U.V.Patel College of Engineering, Kherva, Mehsana",ELECTRICAL ENGINEERING,OPEN,2024,17.7927
54,"Ganpat University, U.V.Patel College of Engineering, Kherva, Mehsana",ELECTRONICS & COMMUNICATION ENGINEERING,OPEN,2024,27.2679
54,"Ganpat University, U.V.Patel College of Engineering, Kherva, Mehsana",INFORMATION TECHNOLOGY,OPEN,2024,23.9667
54,"Ganpat University, U.V.Patel College of Engineering, Kherva, Mehsana",MARINE ENGINEERING,OPEN,2024,76.9034
54,"Ganpat University, U.V.Patel College of Engineering, Kherva, Mehsana",MECHANICAL ENGINEERING,OPEN,2024,15.208
54,"Ganpat University, U.V.Patel College of Engineering, Kherva, Mehsana",MECHATRONICS,OPEN,2024,30.4638
55,"Government Engineering College, Bharuch",CHEMICAL ENGINEERING,EWS,2024,63.2477
55,"Government Engineering College, Bharuch",CHEMICAL ENGINEERING,OPEN,2024,70.6218
55,"Government Engineering College, Bharuch",CHEMICAL ENGINEERING,SC,2024,27.8566
55,"Government Engineering College, Bharuch",CHEMICAL ENGINEERING,SEBC,2024,62.2452
55,"Government Engineering College, Bharuch",CHEMICAL ENGINEERING,ST,2024,47.4383
55,"Government Engineering College, Bharuch",CIVIL ENGINEERING,OPEN,2024,12.3996
55,"Government Engineering College, Bharuch",COMPUTER ENGINEERING,EWS,2024,79.9591
55,"Government Engineering College, Bharuch",COMPUTER ENGINEERING,OPEN,2024,84.0794
55,"Government Engineering College, Bharuch",COMPUTER ENGINEERING,SC,2024,49.4424
55,"Government Engineering College, Bharuch",COMPUTER ENGINEERING,SEBC,2024,75.5512
55,"Government Engineering College, Bharuch",COMPUTER ENGINEERING,ST,2024,12.1235
55,"Government Engineering College, Bharuch",ELECTRICAL ENGINEERING,OPEN,2024,19.4637
55,"Government Engineering College, Bharuch",ELECTRONICS & COMMUNICATION ENGINEERING,OPEN,2024,7.3461
55,"Government Engineering College, Bharuch",MECHANICAL ENGINEERING,OPEN,2024,23.9575
56,"Government Engineering College, Bhavnagar",CIVIL ENGINEERING,OPEN,2024,24.8115
56,"Government Engineering College, Bhavnagar",COMPUTER ENGINEERING,EWS,2024,88.3933
56,"Government Engineering College, Bhavnagar",COMPUTER ENGINEERING,OPEN,2024,89.901
56,"Government Engineering College, Bhavnagar",COMPUTER ENGINEERING,SC,2024,62.3132
56,"Government Engineering College, Bhavnagar",COMPUTER ENGINEERING,SEBC,2024,82.8962
56,"Government Engineering College, Bhavnagar",COMPUTER ENGINEERING,ST,2024,14.3583
56,"Government Engineering College, Bhavnagar",ELECTRONICS & COMMUNICATION ENGINEERING,OPEN,2024,24.6737
56,"Government Engineering College, Bhavnagar",INFORMATION & COMMUNICATION TECHNOLOGY,EWS,2024,63.7056
56,"Government Engineering College, Bhavnagar",INFORMATION & COMMUNICATION TECHNOLOGY,OPEN,2024,68.8339
56,"Government Engineering College, Bhavnagar",INFORMATION & COMMUNICATION TECHNOLOGY,SC,2024,24.5426
56,"Government Engineering College, Bhavnagar",INFORMATION & COMMUNICATION TECHNOLOGY,SEBC,2024,58.3535
56,"Government Engineering College, Bhavnagar",INFORMATION TECHNOLOGY,EWS,2024,82.5988
56,"Government Engineering College, Bhavnagar",INFORMATION TECHNOLOGY,OPEN,2024,84.1849
56,"Government Engineering College, Bhavnagar",INFORMATION TECHNOLOGY,SC,2024,58.9815
56,"Government Engineering College, Bhavnagar",INFORMATION TECHNOLOGY,SEBC,2024,79.4731
56,"Government Engineering College, Bhavnagar",INFORMATION TECHNOLOGY,ST,2024,37.7462
56,"Government Engineering College, Bhavnagar",MECHANICAL ENGINEERING,OPEN,2024,26.6891
57,"Government Engineering College, Bhuj",CHEMICAL ENGINEERING,OPEN,2024,41.2608
57,"Government Engineering College, Bhuj",CIVIL ENGINEERING,OPEN,2024,16.9295
57,"Government Engineering College, Bhuj",ELECTRICAL ENGINEERING,OPEN,2024,61.938
57,"Government Engineering College, Bhuj",MECHANICAL ENGINEERING,OPEN,2024,52.3037
58,"Government Engineering College, Dahod",CIVIL ENGINEERING,OPEN,2024,60.7098
58,"Government Engineering College, Dahod",COMPUTER ENGINEERING,EWS,2024,59.2402
58,"Government Engineering College, Dahod",COMPUTER ENGINEERING,OPEN,2024,66.0215
58,"Government Engineering College, Dahod",COMPUTER ENGINEERING,SC,2024,32.2422
58,"Government Engineering College, Dahod",COMPUTER ENGINEERING,SEBC,2024,55.138
58,"Government Engineering College, Dahod",COMPUTER ENGINEERING,ST,2024,26.6791
58,"Government Engineering College, Dahod",ELECTRICAL ENGINEERING,OPEN,2024,25.7081
58,"Government Engineering College, Dahod",ELECTRONICS & COMMUNICATION ENGINEERING,OPEN,2024,15.7773
58,"Government Engineering College, Dahod",MECHANICAL ENGINEERING,OPEN,2024,31.2232
59,"Government Engineering College, Godhra",CIVIL ENGINEERING,OPEN,2024,33.6882
59,"Government Engineering College, Godhra",ELECTRICAL ENGINEERING,OPEN,2024,29.6808
59,"Government Engineering College, Godhra",MECHANICAL ENGINEERING,OPEN,2024,34.3116
60,"Government Engineering College, Modasa",CIVIL ENGINEERING,OPEN,2024,22.7517
60,"Government Engineering College, Modasa",COMPUTER ENGINEERING,EWS,2024,68.6699
60,"Government Engineering College, Modasa",COMPUTER ENGINEERING,OPEN,2024,74.0699
60,"Government Engineering College, Modasa",COMPUTER ENGINEERING,SC,2024,32.8972
60,"Government Engineering College, Modasa",COMPUTER ENGINEERING,SEBC,2024,62.5981
60,"Government Engineering College, Modasa",COMPUTER ENGINEERING,ST,2024,8.528
60,"Government Engineering College, Modasa",ELECTRICAL ENGINEERING,OPEN,2024,30.3695
60,"Government Engineering College, Modasa",ELECTRONICS & COMMUNICATION ENGINEERING,OPEN,2024,7.5493
60,"Government Engineering College, Modasa",INFORMATION TECHNOLOGY,EWS,2024,65.0398
60,"Government Engineering College, Modasa",INFORMATION TECHNOLOGY,OPEN,2024,72.4791
60,"Government Engineering College, Modasa",INFORMATION TECHNOLOGY,SC,2024,51.5618
60,"Government Engineering College, Modasa",INFORMATION TECHNOLOGY,SEBC,2024,58.8145
60,"Government Engineering College, Modasa",INFORMATION TECHNOLOGY,ST,2024,22.6581
60,"Government Engineering College, Modasa",MECHANICAL ENGINEERING,OPEN,2024,39.7012
61,"Government Engineering College, Palanpur",CIVIL ENGINEERING,OPEN,2024,22.3858
61,"Government Engineering College, Palanpur",COMPUTER ENGINEERING,EWS,2024,61.8303
61,"Government Engineering College, Palanpur",COMPUTER ENGINEERING,OPEN,2024,64.9586
61,"Government Engineering College, Palanpur",COMPUTER ENGINEERING,SC,2024,39.8926
61,"Government Engineering College, Palanpur",COMPUTER ENGINEERING,SEBC,2024,56.6346
61,"Government Engineering College, Palanpur",ELECTRICAL ENGINEERING,OPEN,2024,23.0477
61,"Government Engineering College, Palanpur",MECHANICAL ENGINEERING,OPEN,2024,29.4078
62,"Government Engineering College, Patan",CIVIL ENGINEERING,OPEN,2024,29.2694
62,"Government Engineering College, Patan",COMPUTER SCIENCE & ENGINEERING,EWS,2024,67.7427
62,"Government Engineering College, Patan",COMPUTER SCIENCE & ENGINEERING,OPEN,2024,73.8604
62,"Government Engineering College, Patan",COMPUTER SCIENCE & ENGINEERING,SC,2024,46.3815
62,"Government Engineering College, Patan",COMPUTER SCIENCE & ENGINEERING,SEBC,2024,61.4196
62,"Government Engineering College, Patan",COMPUTER SCIENCE & ENGINEERING,ST,2024,31.0741
62,"Government Engineering College, Patan",ELECTRICAL ENGINEERING,OPEN,2024,26.9216
62,"Government Engineering College, Patan",ELECTRONICS & COMMUNICATION ENGINEERING,OPEN,2024,32.1773
62,"Government Engineering College, Patan",MECHANICAL ENGINEERING,OPEN,2024,28.2848
63,"Government Engineering College, Rajkot",ARTIFICIAL INTELLIGENCE AND DATA SCIENCE,EWS,2024,72.741
63,"Government Engineering College, Rajkot",ARTIFICIAL INTELLIGENCE AND DATA SCIENCE,OPEN,2024,75.6
63,"Government Engineering College, Rajkot",ARTIFICIAL INTELLIGENCE AND DATA SCIENCE,SC,2024,50.4039
63,"Government Engineering College, Rajkot",ARTIFICIAL INTELLIGENCE AND DATA SCIENCE,SEBC,2024,64.7634
63,"Government Engineering College, Rajkot",CIVIL ENGINEERING,OPEN,2024,8.8735
63,"Government Engineering College, Rajkot",COMPUTER ENGINEERING,EWS,2024,82.6635
63,"Government Engineering College, Rajkot",COMPUTER ENGINEERING,OPEN,2024,86.0893
63,"Government Engineering College, Rajkot",COMPUTER ENGINEERING,SC,2024,63.0516
63,"Government Engineering College, Rajkot",COMPUTER ENGINEERING,SEBC,2024,80.6989
63,"Government Engineering College, Rajkot",COMPUTER ENGINEERING,ST,2024,13.3772
63,"Government Engineering College, Rajkot",ELECTRICAL ENGINEERING,OPEN,2024,16.6251
63,"Government Engineering College, Rajkot",ELECTRONICS & COMMUNICATION ENGINEERING,OPEN,2024,26.6086
63,"Government Engineering College, Rajkot",INSTRUMENTATION & CONTROL ENGINEERING,OPEN,2024,41.0367
63,"Government Engineering College, Rajkot",MECHANICAL ENGINEERING,OPEN,2024,24.3752
63,"Government Engineering College, Rajkot",ROBOTICS AND AUTOMATION,OPEN,2024,24.1317
64,"Government Engineering College, Sector 28 Gandhinagar",CIVIL ENGINEERING,OPEN,2024,15.7444
64,"Government Engineering College, Sector 28 Gandhinagar",COMPUTER ENGINEERING,EWS,2024,93.1884
64,"Government Engineering College, Sector 28 Gandhinagar",COMPUTER ENGINEERING,OPEN,2024,93.9907
64,"Government Engineering College, Sector 28 Gandhinagar",COMPUTER ENGINEERING,SC,2024,80.9016
64,"Government Engineering College, Sector 28 Gandhinagar",COMPUTER ENGINEERING,SEBC,2024,92.0568
64,"Government Engineering College, Sector 28 Gandhinagar",COMPUTER ENGINEERING,ST,2024,43.4779
64,"Government Engineering College, Sector 28 Gandhinagar",ELECTRICAL ENGINEERING,OPEN,2024,16.5262
64,"Government Engineering College, Sector 28 Gandhinagar",ELECTRONICS & COMMUNICATION ENGINEERING,EWS,2024,59.8057
64,"Government Engineering College, Sector 28 Gandhinagar",ELECTRONICS & COMMUNICATION ENGINEERING,OPEN,2024,67.4404
64,"Government Engineering College, Sector 28 Gandhinagar",ELECTRONICS & COMMUNICATION ENGINEERING,SC,2024,14.6382
64,"Government Engineering College, Sector 28 Gandhinagar",ELECTRONICS & COMMUNICATION ENGINEERING,SEBC,2024,50.6873
64,"Government Engineering College, Sector 28 Gandhinagar",INFORMATION TECHNOLOGY,EWS,2024,92.3582
64,"Government Engineering College, Sector 28 Gandhinagar",INFORMATION TECHNOLOGY,OPEN,2024,92.6699
64,"Government Engineering College, Sector 28 Gandhinagar",INFORMATION TECHNOLOGY,SC,2024,77.1897
64,"Government Engineering College, Sector 28 Gandhinagar",INFORMATION TECHNOLOGY,SEBC,2024,90.4021
64,"Government Engineering College, Sector 28 Gandhinagar",INFORMATION TECHNOLOGY,ST,2024,40.7866
64,"Government Engineering College, Sector 28 Gandhinagar",INSTRUMENTATION & CONTROL ENGINEERING,OPEN,2024,23.1283
64,"Government Engineering College, Sector 28 Gandhinagar",METALLURGY,OPEN,2024,49.3688
64,"Government Engineering College, Sector 28 Gandhinagar",Mechanical Engineering,EWS,2024,49.1627
64,"Government Engineering College, Sector 28 Gandhinagar",Mechanical Engineering,OPEN,2024,55.2279
64,"Government Engineering College, Sector 28 Gandhinagar",Mechanical Engineering,SC,2024,28.0057
64,"Government Engineering College, Sector 28 Gandhinagar",Mechanical Engineering,SEBC,2024,28.9381
64,"Government Engineering College, Sector 28 Gandhinagar",ROBOTICS AND AUTOMATION,EWS,2024,34.6028
64,"Government Engineering College, Sector 28 Gandhinagar",ROBOTICS AND AUTOMATION,OPEN,2024,55.2821
64,"Government Engineering College, Sector 28 Gandhinagar",ROBOTICS AND AUTOMATION,SC,2024,23.3323
64,"Government Engineering College, Sector 28 Gandhinagar",ROBOTICS AND AUTOMATION,SEBC,2024,22.1154
65,"Government Engineering College, Valsad",CHEMICAL ENGINEERING,OPEN,2024,10.0777
65,"Government Engineering College, Valsad",CIVIL ENGINEERING,OPEN,2024,22.9735
65,"Government Engineering College, Valsad",ELECTRICAL ENGINEERING,OPEN,2024,34.3116
65,"Government Engineering College, Valsad",ELECTRICAL ENGINEERING,SEBC,2024,15.0327
65,"Government Engineering College, Valsad",ELECTRICAL ENGINEERING,ST,2024,29.3389
65,"Government Engineering College, Valsad",Mechanical Engineering,OPEN,2024,15.4118
66,"Graduate School of Engineering and Technology, Chandkheda Ahmedabad",COMPUTER ENGINEERING,EWS,2024,70.3206
66,"Graduate School of Engineering and Technology, Chandkheda Ahmedabad",COMPUTER ENGINEERING,OPEN,2024,76.2372
66,"Graduate School of Engineering and Technology, Chandkheda Ahmedabad",COMPUTER ENGINEERING,SC,2024,64.1997
66,"Graduate School of Engineering and Technology, Chandkheda Ahmedabad",COMPUTER ENGINEERING,SEBC,2024,55.1036
67,"Grow More Faculty of Engineering, Berna, Himmatnagar",COMPUTER ENGINEERING,OPEN,2024,36.6865
67,"Grow More Faculty of Engineering, Berna, Himmatnagar",INFORMATION TECHNOLOGY,OPEN,2024,21.4019
68,"Gujarat Power Engg. And Res. Inst. (Gperi) (Ppp), Mevad, Mehsana",CIVIL ENGINEERING,OPEN,2024,28.799
68,"Gujarat Power Engg. And Res. Inst. (Gperi) (Ppp), Mevad, Mehsana",COMPUTER ENGINEERING,OPEN,2024,5.5835
68,"Gujarat Power Engg. And Res. Inst. (Gperi) (Ppp), Mevad, Mehsana",COMPUTER ENGINEERING- GUJARATI,OPEN,2024,43.4609
68,"Gujarat Power Engg. And Res. Inst. (Gperi) (Ppp), Mevad, Mehsana",ELECTRICAL ENGINEERING,OPEN,2024,34.3301
68,"Gujarat Power Engg. And Res. Inst. (Gperi) (Ppp), Mevad, Mehsana",MECHANICAL ENGINEERING,OPEN,2024,41.6767
70,"Hansaba College Of Engieering And Technology, Siddhpur",COMPUTER ENGINEERING,OPEN,2024,48.6837
70,"Hansaba College Of Engieering And Technology, Siddhpur",INFORMATION TECHNOLOGY,OPEN,2024,48.5094
71,"Hasmukh Goswami College Of Engg, Vahelal",COMPUTER ENGINEERING,OPEN,2024,35.5416
72,"Hjd Institute Of Technical Education And Reserch, Kera",COMPUTER SCIENCE & ENGINEERING,OPEN,2024,41.49
73,"ITM (SLS) Baroda University (Formerly Known as ITM Universe), Vadodara",COMPUTER SCIENCE & ENGINEERING,OPEN,2024,6.0639
73,"ITM (SLS) Baroda University (Formerly Known as ITM Universe), Vadodara",COMPUTER SCIENCE & ENGINEERING (ARTIFICIAL INTELLIGENCE),OPEN,2024,28.6527
73,"ITM (SLS) Baroda University (Formerly Known as ITM Universe), Vadodara",COMPUTER SCIENCE & ENGINEERING (CYBER SECURITY),OPEN,2024,52.6292
73,"ITM (SLS) Baroda University (Formerly Known as ITM Universe), Vadodara",INFORMATION TECHNOLOGY,OPEN,2024,26.6086
74,"ITM Vocational University, Waghodia, Dist: Vadodara",COMPUTER ENGINEERING (Data Science),OPEN,2024,21.066
74,"ITM Vocational University, Waghodia, Dist: Vadodara",MECHANICAL ENGINEERING (CAD & ADV. CNC.),OPEN,2024,62.0418
75,"Indus Institute Of Tech. & Engg., Racharda, Ahmedabad",AUTOMOBILE ENGINEERING,OPEN,2024,7.4683
75,"Indus Institute Of Tech. & Engg., Racharda, Ahmedabad",COMPUTER ENGINEERING,OPEN,2024,9.4047
75,"Indus Institute Of Tech. & Engg., Racharda, Ahmedabad",COMPUTER SCIENCE & ENGINEERING,OPEN,2024,9.2278
75,"Indus Institute Of Tech. & Engg., Racharda, Ahmedabad",CYBER SECURITY,OPEN,2024,16.7072
75,"Indus Institute Of Tech. & Engg., Racharda, Ahmedabad",ELECTRICAL ENGINEERING,OPEN,2024,64.3125
75,"Indus Institute Of Tech. & Engg., Racharda, Ahmedabad",ELECTRONICS & COMMUNICATION ENGINEERING,OPEN,2024,38.4951
75,"Indus Institute Of Tech. & Engg., Racharda, Ahmedabad",INFORMATION & COMMUNICATION TECHNOLOGY,OPEN,2024,36.092
75,"Indus Institute Of Tech. & Engg., Racharda, Ahmedabad",INFORMATION TECHNOLOGY,OPEN,2024,14.068
75,"Indus Institute Of Tech. & Engg., Racharda, Ahmedabad",MECHANICAL ENGINEERING,OPEN,2024,54.305
76,"Institute Of Technology, Nirma University Of Science & Technology, Ahmedabad",CHEMICAL ENGINEERING,EWS,2024,80.8033
76,"Institute Of Technology, Nirma University Of Science & Technology, Ahmedabad",CHEMICAL ENGINEERING,OPEN,2024,84.077
76,"Institute Of Technology, Nirma University Of Science & Technology, Ahmedabad",CHEMICAL ENGINEERING,SC,2024,58.6151
76,"Institute Of Technology, Nirma University Of Science & Technology, Ahmedabad",CHEMICAL ENGINEERING,SEBC,2024,68.1283
76,"Institute Of Technology, Nirma University Of Science & Technology, Ahmedabad",CIVIL ENGINEERING,EWS,2024,35.2649
76,"Institute Of Technology, Nirma University Of Science & Technology, Ahmedabad",CIVIL ENGINEERING,OPEN,2024,62.6288
76,"Institute Of Technology, Nirma University Of Science & Technology, Ahmedabad",CIVIL ENGINEERING,SC,2024,38.5201
76,"Institute Of Technology, Nirma University Of Science & Technology, Ahmedabad",CIVIL ENGINEERING,SEBC,2024,23.7612
76,"Institute Of Technology, Nirma University Of Science & Technology, Ahmedabad",CIVIL ENGINEERING,ST,2024,33.0167
76,"Institute Of Technology, Nirma University Of Science & Technology, Ahmedabad",COMPUTER SCIENCE & ENGINEERING,EWS,2024,99.0858
76,"Institute Of Technology, Nirma University Of Science & Technology, Ahmedabad",COMPUTER SCIENCE & ENGINEERING,OPEN,2024,99.3561
76,"Institute Of Technology, Nirma University Of Science & Technology, Ahmedabad",COMPUTER SCIENCE & ENGINEERING,SC,2024,96.8449
76,"Institute Of Technology, Nirma University Of Science & Technology, Ahmedabad",COMPUTER SCIENCE & ENGINEERING,SEBC,2024,97.8389
76,"Institute Of Technology, Nirma University Of Science & Technology, Ahmedabad",COMPUTER SCIENCE & ENGINEERING,ST,2024,60.2629
76,"Institute Of Technology, Nirma University Of Science & Technology, Ahmedabad",ELECTRICAL ENGINEERING,EWS,2024,76.2998
76,"Institute Of Technology, Nirma University Of Science & Technology, Ahmedabad",ELECTRICAL ENGINEERING,OPEN,2024,81.5184
76,"Institute Of Technology, Nirma University Of Science & Technology, Ahmedabad",ELECTRICAL ENGINEERING,SC,2024,50.2154
76,"Institute Of Technology, Nirma University Of Science & Technology, Ahmedabad",ELECTRICAL ENGINEERING,SEBC,2024,35.1155
76,"Institute Of Technology, Nirma University Of Science & Technology, Ahmedabad",ELECTRICAL ENGINEERING,ST,2024,64.0393
76,"Institute Of Technology, Nirma University Of Science & Technology, Ahmedabad",ELECTRONICS & COMMUNICATION ENGINEERING,EWS,2024,94.0646
76,"Institute Of Technology, Nirma University Of Science & Technology, Ahmedabad",ELECTRONICS & COMMUNICATION ENGINEERING,OPEN,2024,95.3083
76,"Institute Of Technology, Nirma University Of Science & Technology, Ahmedabad",ELECTRONICS & COMMUNICATION ENGINEERING,SC,2024,89.508
76,"Institute Of Technology, Nirma University Of Science & Technology, Ahmedabad",ELECTRONICS & COMMUNICATION ENGINEERING,SEBC,2024,87.9549
76,"Institute Of Technology, Nirma University Of Science & Technology, Ahmedabad",ELECTRONICS & COMMUNICATION ENGINEERING,ST,2024,45.2347
76,"Institute Of Technology, Nirma University Of Science & Technology, Ahmedabad",ELECTRONICS & INSTRUMENTATION ENGINEERING,EWS,2024,87.2638
76,"Institute Of Technology, Nirma University Of Science & Technology, Ahmedabad",ELECTRONICS & INSTRUMENTATION ENGINEERING,OPEN,2024,89.73
76,"Institute Of Technology, Nirma University Of Science & Technology, Ahmedabad",ELECTRONICS & INSTRUMENTATION ENGINEERING,SC,2024,69.0638
76,"Institute Of Technology, Nirma University Of Science & Technology, Ahmedabad",ELECTRONICS & INSTRUMENTATION ENGINEERING,SEBC,2024,63.8625
76,"Institute Of Technology, Nirma University Of Science & Technology, Ahmedabad",MECHANICAL ENGINEERING,EWS,2024,80.5452
76,"Institute Of Technology, Nirma University Of Science & Technology, Ahmedabad",MECHANICAL ENGINEERING,OPEN,2024,86.1319
76,"Institute Of Technology, Nirma University Of Science & Technology, Ahmedabad",MECHANICAL ENGINEERING,SC,2024,54.5559
76,"Institute Of Technology, Nirma University Of Science & Technology, Ahmedabad",MECHANICAL ENGINEERING,SEBC,2024,58.4763
76,"Institute Of Technology, Nirma University Of Science & Technology, Ahmedabad",MECHANICAL ENGINEERING,ST,2024,19.833
77,"Institute of Advanced Research, Gandhinagar",BIOTECHNOLOGY,OPEN,2024,24.0175
77,"Institute of Advanced Research, Gandhinagar",CHEMICAL ENGINEERING,OPEN,2024,34.902
77,"Institute of Advanced Research, Gandhinagar",COMPUTER ENGINEERING,EWS,2024,27.3521
77,"Institute of Advanced Research, Gandhinagar",COMPUTER ENGINEERING,OPEN,2024,30.1072
77,"Institute of Advanced Research, Gandhinagar",COMPUTER ENGINEERING,SEBC,2024,12.3819
77,"Institute of Advanced Research, Gandhinagar",INFORMATION TECHNOLOGY,OPEN,2024,26.5469
78,"Institute of Infrastructure, Tech., Research & Management (IITRAM), Maninagar, Ahmedabad",CIVIL ENGINEERING,OPEN,2024,19.666
78,"Institute of Infrastructure, Tech., Research & Management (IITRAM), Maninagar, Ahmedabad",COMPUTER ENGINEERING,EWS,2024,93.3699
78,"Institute of Infrastructure, Tech., Research & Management (IITRAM), Maninagar, Ahmedabad",COMPUTER ENGINEERING,OPEN,2024,94.3045
78,"Institute of Infrastructure, Tech., Research & Management (IITRAM), Maninagar, Ahmedabad",COMPUTER ENGINEERING,SC,2024,77.9698
78,"Institute of Infrastructure, Tech., Research & Management (IITRAM), Maninagar, Ahmedabad",COMPUTER ENGINEERING,SEBC,2024,90.7576
78,"Institute of Infrastructure, Tech., Research & Management (IITRAM), Maninagar, Ahmedabad",COMPUTER ENGINEERING,ST,2024,51.0528
78,"Institute of Infrastructure, Tech., Research & Management (IITRAM), Maninagar, Ahmedabad",ELECTRICAL ENGINEERING,OPEN,2024,17.5115
78,"Institute of Infrastructure, Tech., Research & Management (IITRAM), Maninagar, Ahmedabad",MECHANICAL ENGINEERING,OPEN,2024,11.649
79,Ipcowala Institute Of Engineering And Technology Dharmaj,COMPUTER ENGINEERING,OPEN,2024,20.038
81,"K.J. Institute Of Engg. And Tech., Savali",COMPUTER ENGINEERING,OPEN,2024,24.8443
81,"K.J. Institute Of Engg. And Tech., Savali",INFORMATION TECHNOLOGY,OPEN,2024,45.8444
83,"Kalol Institute Of Tech. & Research Center ,Kalol",COMPUTER ENGINEERING,OPEN,2024,26.3432
83,"Kalol Institute Of Tech. & Research Center ,Kalol",ELECTRONICS & COMMUNICATION (Communication system engg.),OPEN,2024,42.6194
83,"Kalol Institute Of Tech. & Research Center ,Kalol",INFORMATION TECHNOLOGY,OPEN,2024,5.1934
86,"Krishna School of Emerging Technology & Applied Research (Formerly Known as Babaria Institute Of Technology) , Varnama, Vadodara",CIVIL ENGINEERING,OPEN,2024,31.1945
86,"Krishna School of Emerging Technology & Applied Research (Formerly Known as Babaria Institute Of Technology) , Varnama, Vadodara",COMPUTER SCIENCE & ENGINEERING,OPEN,2024,7.4466
86,"Krishna School of Emerging Technology & Applied Research (Formerly Known as Babaria Institute Of Technology) , Varnama, Vadodara",INFORMATION TECHNOLOGY,OPEN,2024,30.982
86,"Krishna School of Emerging Technology & Applied Research (Formerly Known as Babaria Institute Of Technology) , Varnama, Vadodara",MECHANICAL ENGINEERING,OPEN,2024,38.4172
87,"Krishna School of Technology, Varnama, Vadodara",COMPUTER ENGINEERING,OPEN,2024,22.5656
87,"Krishna School of Technology, Varnama, Vadodara",FOOD TECHNOLOGY,OPEN,2024,24.0177
88,"L.D.College Of Engineering, Ahmedabad",ARTIFICIAL INTELLIGENCE(AI) AND MACHINE LEARNING,EWS,2024,95.5389
88,"L.D.College Of Engineering, Ahmedabad",ARTIFICIAL INTELLIGENCE(AI) AND MACHINE LEARNING,OPEN,2024,96.1841
88,"L.D.College Of Engineering, Ahmedabad",ARTIFICIAL INTELLIGENCE(AI) AND MACHINE LEARNING,SC,2024,87.0455
88,"L.D.College Of Engineering, Ahmedabad",ARTIFICIAL INTELLIGENCE(AI) AND MACHINE LEARNING,SEBC,2024,93.5166
88,"L.D.College Of Engineering, Ahmedabad",ARTIFICIAL INTELLIGENCE(AI) AND MACHINE LEARNING,ST,2024,55.654
88,"L.D.College Of Engineering, Ahmedabad",AUTOMOBILE ENGINEERING,OPEN,2024,10.545
88,"L.D.College Of Engineering, Ahmedabad",BIOMEDICAL ENGINEERING,OPEN,2024,22.2762
88,"L.D.College Of Engineering, Ahmedabad",CHEMICAL ENGINEERING,EWS,2024,86.8048
88,"L.D.College Of Engineering, Ahmedabad",CHEMICAL ENGINEERING,OPEN,2024,89.2698
88,"L.D.College Of Engineering, Ahmedabad",CHEMICAL ENGINEERING,SC,2024,63.253
88,"L.D.College Of Engineering, Ahmedabad",CHEMICAL ENGINEERING,SEBC,2024,76.2079
88,"L.D.College Of Engineering, Ahmedabad",CHEMICAL ENGINEERING,ST,2024,49.0608
88,"L.D.College Of Engineering, Ahmedabad",CIVIL ENGINEERING,EWS,2024,75.7946
88,"L.D.College Of Engineering, Ahmedabad",CIVIL ENGINEERING,OPEN,2024,83.0735
88,"L.D.College Of Engineering, Ahmedabad",CIVIL ENGINEERING,SC,2024,72.7536
88,"L.D.College Of Engineering, Ahmedabad",CIVIL ENGINEERING,SEBC,2024,74.2818
88,"L.D.College Of Engineering, Ahmedabad",CIVIL ENGINEERING,ST,2024,61.7541
88,"L.D.College Of Engineering, Ahmedabad",COMPUTER ENGINEERING,EWS,2024,98.2155
88,"L.D.College Of Engineering, Ahmedabad",COMPUTER ENGINEERING,OPEN,2024,98.4473
88,"L.D.College Of Engineering, Ahmedabad",COMPUTER ENGINEERING,SC,2024,93.7164
88,"L.D.College Of Engineering, Ahmedabad",COMPUTER ENGINEERING,SEBC,2024,97.445
88,"L.D.College Of Engineering, Ahmedabad",COMPUTER ENGINEERING,ST,2024,71.448
88,"L.D.College Of Engineering, Ahmedabad",ELECTRICAL ENGINEERING,EWS,2024,77.6679
88,"L.D.College Of Engineering, Ahmedabad",ELECTRICAL ENGINEERING,OPEN,2024,82.2898
88,"L.D.College Of Engineering, Ahmedabad",ELECTRICAL ENGINEERING,SC,2024,64.2674
88,"L.D.College Of Engineering, Ahmedabad",ELECTRICAL ENGINEERING,SEBC,2024,68.4425
88,"L.D.College Of Engineering, Ahmedabad",ELECTRICAL ENGINEERING,ST,2024,44.1572
88,"L.D.College Of Engineering, Ahmedabad",ELECTRONICS & COMMUNICATION ENGINEERING,EWS,2024,89.8849
88,"L.D.College Of Engineering, Ahmedabad",ELECTRONICS & COMMUNICATION ENGINEERING,OPEN,2024,90.845
88,"L.D.College Of Engineering, Ahmedabad",ELECTRONICS & COMMUNICATION ENGINEERING,SC,2024,69.8673
88,"L.D.College Of Engineering, Ahmedabad",ELECTRONICS & COMMUNICATION ENGINEERING,SEBC,2024,84.5246
88,"L.D.College Of Engineering, Ahmedabad",ELECTRONICS & COMMUNICATION ENGINEERING,ST,2024,26.1228
88,"L.D.College Of Engineering, Ahmedabad",ENVIRONMENTAL ENGINEERING,EWS,2024,40.7137
88,"L.D.College Of Engineering, Ahmedabad",ENVIRONMENTAL ENGINEERING,OPEN,2024,52.8087
88,"L.D.College Of Engineering, Ahmedabad",ENVIRONMENTAL ENGINEERING,SC,2024,32.4042
88,"L.D.College Of Engineering, Ahmedabad",ENVIRONMENTAL ENGINEERING,SEBC,2024,19.338
88,"L.D.College Of Engineering, Ahmedabad",INFORMATION TECHNOLOGY,EWS,2024,97.2681
88,"L.D.College Of Engineering, Ahmedabad",INFORMATION TECHNOLOGY,OPEN,2024,97.4717
88,"L.D.College Of Engineering, Ahmedabad",INFORMATION TECHNOLOGY,SC,2024,91.986
88,"L.D.College Of Engineering, Ahmedabad",INFORMATION TECHNOLOGY,SEBC,2024,96.1382
88,"L.D.College Of Engineering, Ahmedabad",INFORMATION TECHNOLOGY,ST,2024,67.7753
88,"L.D.College Of Engineering, Ahmedabad",INSTRUMENTATION & CONTROL ENGINEERING,EWS,2024,55.2394
88,"L.D.College Of Engineering, Ahmedabad",INSTRUMENTATION & CONTROL ENGINEERING,OPEN,2024,66.4274
88,"L.D.College Of Engineering, Ahmedabad",INSTRUMENTATION & CONTROL ENGINEERING,SC,2024,9.2299
88,"L.D.College Of Engineering, Ahmedabad",INSTRUMENTATION & CONTROL ENGINEERING,SEBC,2024,43.8188
88,"L.D.College Of Engineering, Ahmedabad",INSTRUMENTATION & CONTROL ENGINEERING,ST,2024,28.4771
88,"L.D.College Of Engineering, Ahmedabad",MECHANICAL ENGINEERING,EWS,2024,82.8283
88,"L.D.College Of Engineering, Ahmedabad",MECHANICAL ENGINEERING,OPEN,2024,86.7813
88,"L.D.College Of Engineering, Ahmedabad",MECHANICAL ENGINEERING,SC,2024,63.8782
88,"L.D.College Of Engineering, Ahmedabad",MECHANICAL ENGINEERING,SEBC,2024,76.8884
88,"L.D.College Of Engineering, Ahmedabad",MECHANICAL ENGINEERING,ST,2024,23.3574
88,"L.D.College Of Engineering, Ahmedabad",PLASTIC TECHNOLOGY,OPEN,2024,52.2122
88,"L.D.College Of Engineering, Ahmedabad",ROBOTICS AND AUTOMATION,EWS,2024,78.5798
88,"L.D.College Of Engineering, Ahmedabad",ROBOTICS AND AUTOMATION,OPEN,2024,83.6665
88,"L.D.College Of Engineering, Ahmedabad",ROBOTICS AND AUTOMATION,SC,2024,63.9142
88,"L.D.College Of Engineering, Ahmedabad",ROBOTICS AND AUTOMATION,SEBC,2024,64.2988
88,"L.D.College Of Engineering, Ahmedabad",ROBOTICS AND AUTOMATION,ST,2024,29.9993
88,"L.D.College Of Engineering, Ahmedabad",RUBBER TECHNOLOGY,OPEN,2024,29.9849
88,"L.D.College Of Engineering, Ahmedabad",TEXTILE TECHNOLOGY,OPEN,2024,62.48
89,"L.D.R.P. Institute Of Tech. & Research., Gandhinagar",CIVIL ENGINEERING,OPEN,2024,31.1323
89,"L.D.R.P. Institute Of Tech. & Research., Gandhinagar",COMPUTER ENGINEERING,EWS,2024,6.6372
89,"L.D.R.P. Institute Of Tech. & Research., Gandhinagar",COMPUTER ENGINEERING,OPEN,2024,39.5772
89,"L.D.R.P. Institute Of Tech. & Research., Gandhinagar",COMPUTER ENGINEERING,SC,2024,24.3124
89,"L.D.R.P. Institute Of Tech. & Research., Gandhinagar",COMPUTER ENGINEERING,SEBC,2024,13.7607
89,"L.D.R.P. Institute Of Tech. & Research., Gandhinagar",ELECTRICAL ENGINEERING,OPEN,2024,24.467
89,"L.D.R.P. Institute Of Tech. & Research., Gandhinagar",ELECTRONICS & COMMUNICATION ENGINEERING,OPEN,2024,10.8017
89,"L.D.R.P. Institute Of Tech. & Research., Gandhinagar",INFORMATION TECHNOLOGY,EWS,2024,41.3349
89,"L.D.R.P. Institute Of Tech. & Research., Gandhinagar",INFORMATION TECHNOLOGY,OPEN,2024,55.8718
89,"L.D.R.P. Institute Of Tech. & Research., Gandhinagar",INFORMATION TECHNOLOGY,SC,2024,20.8403
89,"L.D.R.P. Institute Of Tech. & Research., Gandhinagar",INFORMATION TECHNOLOGY,SEBC,2024,10.772
89,"L.D.R.P. Institute Of Tech. & Research., Gandhinagar",INFORMATION TECHNOLOGY,ST,2024,28.2984
89,"L.D.R.P. Institute Of Tech. & Research., Gandhinagar",MECHANICAL ENGINEERING,OPEN,2024,58.2531
90,"L.E.College ,Morbi",CHEMICAL ENGINEERING,OPEN,2024,21.0567
90,"L.E.College ,Morbi",CIVIL ENGINEERING,OPEN,2024,38.3808
90,"L.E.College ,Morbi",ELECTRICAL ENGINEERING,OPEN,2024,50.7451
90,"L.E.College ,Morbi",INFORMATION TECHNOLOGY,EWS,2024,73.4118
90,"L.E.College ,Morbi",INFORMATION TECHNOLOGY,OPEN,2024,75.568
90,"L.E.College ,Morbi",INFORMATION TECHNOLOGY,SC,2024,32.9329
90,"L.E.College ,Morbi",INFORMATION TECHNOLOGY,SEBC,2024,69.7576
90,"L.E.College ,Morbi",MECHANICAL ENGINEERING,OPEN,2024,26.4499
91,"L.J. Institute Of Engg And Tech., Ahmedabad",ARTIFICIAL INTELLIGENCE AND DATA SCIENCE,EWS,2024,32.5573
91,"L.J. Institute Of Engg And Tech., Ahmedabad",ARTIFICIAL INTELLIGENCE AND DATA SCIENCE,OPEN,2024,51.4099
91,"L.J. Institute Of Engg And Tech., Ahmedabad",ARTIFICIAL INTELLIGENCE AND DATA SCIENCE,SC,2024,34.3841
91,"L.J. Institute Of Engg And Tech., Ahmedabad",ARTIFICIAL INTELLIGENCE AND DATA SCIENCE,SEBC,2024,23.7681
91,"L.J. Institute Of Engg And Tech., Ahmedabad",ARTIFICIAL INTELLIGENCE(AI) AND MACHINE LEARNING,EWS,2024,44.8636
91,"L.J. Institute Of Engg And Tech., Ahmedabad",ARTIFICIAL INTELLIGENCE(AI) AND MACHINE LEARNING,OPEN,2024,51.6046
91,"L.J. Institute Of Engg And Tech., Ahmedabad",ARTIFICIAL INTELLIGENCE(AI) AND MACHINE LEARNING,SC,2024,20.073
91,"L.J. Institute Of Engg And Tech., Ahmedabad",ARTIFICIAL INTELLIGENCE(AI) AND MACHINE LEARNING,SEBC,2024,19.9597
91,"L.J. Institute Of Engg And Tech., Ahmedabad",CHEMICAL ENGINEERING,OPEN,2024,33.4117
91,"L.J. Institute Of Engg And Tech., Ahmedabad",CIVIL ENGINEERING,OPEN,2024,18.2337
91,"L.J. Institute Of Engg And Tech., Ahmedabad",COMPUTER ENGINEERING,EWS,2024,82.4418
91,"L.J. Institute Of Engg And Tech., Ahmedabad",COMPUTER ENGINEERING,OPEN,2024,85.8957
91,"L.J. Institute Of Engg And Tech., Ahmedabad",COMPUTER ENGINEERING,SC,2024,58.6013
91,"L.J. Institute Of Engg And Tech., Ahmedabad",COMPUTER ENGINEERING,SEBC,2024,73.0569
91,"L.J. Institute Of Engg And Tech., Ahmedabad",COMPUTER ENGINEERING & APPLICATION,OPEN,2024,9.6573
91,"L.J. Institute Of Engg And Tech., Ahmedabad",COMPUTER SCIENCE & DESIGN,OPEN,2024,5.4926
91,"L.J. Institute Of Engg And Tech., Ahmedabad",COMPUTER SCIENCE & ENGINEERING,EWS,2024,79.7791
91,"L.J. Institute Of Engg And Tech., Ahmedabad",COMPUTER SCIENCE & ENGINEERING,OPEN,2024,82.5161
91,"L.J. Institute Of Engg And Tech., Ahmedabad",COMPUTER SCIENCE & ENGINEERING,SC,2024,67.8042
91,"L.J. Institute Of Engg And Tech., Ahmedabad",COMPUTER SCIENCE & ENGINEERING,SEBC,2024,67.4454
91,"L.J. Institute Of Engg And Tech., Ahmedabad",COMPUTER SCIENCE & ENGINEERING,ST,2024,25.6875
91,"L.J. Institute Of Engg And Tech., Ahmedabad",COMPUTER SCIENCE & INFORMATION TECHNOLOGY,EWS,2024,70.9968
91,"L.J. Institute Of Engg And Tech., Ahmedabad",COMPUTER SCIENCE & INFORMATION TECHNOLOGY,OPEN,2024,74.4589
91,"L.J. Institute Of Engg And Tech., Ahmedabad",COMPUTER SCIENCE & INFORMATION TECHNOLOGY,SC,2024,59.9003
91,"L.J. Institute Of Engg And Tech., Ahmedabad",COMPUTER SCIENCE & INFORMATION TECHNOLOGY,SEBC,2024,58.649
91,"L.J. Institute Of Engg And Tech., Ahmedabad",COMPUTER SCIENCE & TECHNOLOGY,EWS,2024,49.3896
91,"L.J. Institute Of Engg And Tech., Ahmedabad",COMPUTER SCIENCE & TECHNOLOGY,OPEN,2024,58.0413
91,"L.J. Institute Of Engg And Tech., Ahmedabad",COMPUTER SCIENCE & TECHNOLOGY,SC,2024,29.4555
91,"L.J. Institute Of Engg And Tech., Ahmedabad",COMPUTER SCIENCE & TECHNOLOGY,SEBC,2024,22.9784
91,"L.J. Institute Of Engg And Tech., Ahmedabad",ELECTRONICS & COMMUNICATION ENGINEERING,OPEN,2024,18.6152
91,"L.J. Institute Of Engg And Tech., Ahmedabad",INFORMATION TECHNOLOGY,EWS,2024,77.9609
91,"L.J. Institute Of Engg And Tech., Ahmedabad",INFORMATION TECHNOLOGY,OPEN,2024,80.4712
91,"L.J. Institute Of Engg And Tech., Ahmedabad",INFORMATION TECHNOLOGY,SC,2024,63.042
91,"L.J. Institute Of Engg And Tech., Ahmedabad",INFORMATION TECHNOLOGY,SEBC,2024,61.8487
91,"L.J. Institute Of Engg And Tech., Ahmedabad",INFORMATION TECHNOLOGY,ST,2024,49.6569
91,"L.J. Institute Of Engg And Tech., Ahmedabad",MECHANICAL ENGINEERING,OPEN,2024,17.2934
91,"L.J. Institute Of Engg And Tech., Ahmedabad",ROBOTICS & ARTIFICIAL INTELLIGENCE,OPEN,2024,10.4234
92,"Laljibhai Chaturbhai Institute Of Tech., Bhandu, Mahesana",COMPUTER SCIENCE & ENGINEERING,OPEN,2024,46.3657
93,"Laxmi Institute Of Technology, Sarigam, Valsad",COMPUTER SCIENCE & ENGINEERING,OPEN,2024,16.5205
93,"Laxmi Institute Of Technology, Sarigam, Valsad",INFORMATION TECHNOLOGY,OPEN,2024,26.6997
94,"Madhuben & Bhanubhai Patel Institute of Technology, New V.V.Nagar",COMPUTER ENGINEERING,OPEN,2024,10.551
94,"Madhuben & Bhanubhai Patel Institute of Technology, New V.V.Nagar",INFORMATION TECHNOLOGY,OPEN,2024,14.3812
96,"Mahatma Gandhi Inst.Of Technical Edu. And Research Center,Navsari",COMPUTER ENGINEERING,OPEN,2024,19.7302
98,"Mahavir Swami College Of Engineering & Technology, Bharthana-Vesu, Surat",COMPUTER ENGINEERING,OPEN,2024,26.924
101,"Marwadi Education Foundation's Group of Institutions - Faculty of Engineering & Technology, Rajkot",BIOINFORMATICS,OPEN,2024,41.8723
101,"Marwadi Education Foundation's Group of Institutions - Faculty of Engineering & Technology, Rajkot",CIVIL ENGINEERING,OPEN,2024,7.4712
101,"Marwadi Education Foundation's Group of Institutions - Faculty of Engineering & Technology, Rajkot",COMPUTER ENGINEERING,OPEN,2024,14.2637
101,"Marwadi Education Foundation's Group of Institutions - Faculty of Engineering & Technology, Rajkot",Computer Engineering (Artificial Intelligence),OPEN,2024,32.5653
101,"Marwadi Education Foundation's Group of Institutions - Faculty of Engineering & Technology, Rajkot",INFORMATION & COMMUNICATION TECHNOLOGY,OPEN,2024,26.037
101,"Marwadi Education Foundation's Group of Institutions - Faculty of Engineering & Technology, Rajkot",INFORMATION TECHNOLOGY,OPEN,2024,21.6813
101,"Marwadi Education Foundation's Group of Institutions - Faculty of Engineering & Technology, Rajkot",MECHANICAL ENGINEERING,OPEN,2024,25.9217
102,"Merchant Engg. College, Basna. Visnagar",COMPUTER ENGINEERING,OPEN,2024,68.8162
103,"Narnarayan Shastri Institute of Technology, Jetalpur, Ahmedabad",COMPUTER SCIENCE & ENGINEERING,OPEN,2024,23.7681
104,"Neotech Institute of Technology, Virod, Vadodara",COMPUTER ENGINEERING,OPEN,2024,35.2063
105,New L.J. Institute of Engineering & Technology,COMPUTER SCIENCE & ENGINEERING,EWS,2024,69.0261
105,New L.J. Institute of Engineering & Technology,COMPUTER SCIENCE & ENGINEERING,OPEN,2024,73.4303
105,New L.J. Institute of Engineering & Technology,COMPUTER SCIENCE & ENGINEERING,SC,2024,49.2024
105,New L.J. Institute of Engineering & Technology,COMPUTER SCIENCE & ENGINEERING,SEBC,2024,29.1569
105,New L.J. Institute of Engineering & Technology,COMPUTER SCIENCE & ENGINEERING (ARTIFICIAL INTELLIGENCE AND MACHINE LEARNING),EWS,2024,60.9341
105,New L.J. Institute of Engineering & Technology,COMPUTER SCIENCE & ENGINEERING (ARTIFICIAL INTELLIGENCE AND MACHINE LEARNING),OPEN,2024,68.196
105,New L.J. Institute of Engineering & Technology,COMPUTER SCIENCE & ENGINEERING (ARTIFICIAL INTELLIGENCE AND MACHINE LEARNING),SC,2024,39.3847
105,New L.J. Institute of Engineering & Technology,COMPUTER SCIENCE & ENGINEERING (ARTIFICIAL INTELLIGENCE AND MACHINE LEARNING),SEBC,2024,39.214
105,New L.J. Institute of Engineering & Technology,COMPUTER SCIENCE & ENGINEERING (ARTIFICIAL INTELLIGENCE AND MACHINE LEARNING),ST,2024,37.1729
106,"Noble Engineering College, Junagadh",COMPUTER SCIENCE & ENGINEERING,OPEN,2024,25.9702
107,"Noble Star Engineering College, Makhiyala, Junagadh",COMPUTER ENGINEERING,OPEN,2024,47.7292
108,Om Engineering College Junagadh,COMPUTER ENGINEERING,OPEN,2024,45.665
108,Om Engineering College Junagadh,ELECTRICAL ENGINEERING,OPEN,2024,28.2848
109,"P.P. Savani School of Engineering, P.P. Savani University, Kosamba",COMPUTER ENGINEERING,EWS,2024,22.436
109,"P.P. Savani School of Engineering, P.P. Savani University, Kosamba",COMPUTER ENGINEERING,OPEN,2024,33.3177
109,"P.P. Savani School of Engineering, P.P. Savani University, Kosamba",COMPUTER ENGINEERING (MACHINE LEARNING & ARTIFICIAL INTELLIGENCE),OPEN,2024,14.9192
109,"P.P. Savani School of Engineering, P.P. Savani University, Kosamba",COMPUTER SCIENCE & ENGINEERING,EWS,2024,52.6371
109,"P.P. Savani School of Engineering, P.P. Savani University, Kosamba",COMPUTER SCIENCE & ENGINEERING,OPEN,2024,56.8152
109,"P.P. Savani School of Engineering, P.P. Savani University, Kosamba",COMPUTER SCIENCE & ENGINEERING,SEBC,2024,23.0861
109,"P.P. Savani School of Engineering, P.P. Savani University, Kosamba",COMPUTER SCIENCE & ENGINEERING (CYBER SECURITY),OPEN,2024,28.6118
109,"P.P. Savani School of Engineering, P.P. Savani University, Kosamba",INFORMATION TECHNOLOGY,OPEN,2024,20.2028
109,"P.P. Savani School of Engineering, P.P. Savani University, Kosamba",INFORMATION TECHNOLOGY & ENGINEERING,OPEN,2024,20.2388
109,"P.P. Savani School of Engineering, P.P. Savani University, Kosamba",MECHANICAL ENGINEERING,OPEN,2024,46.4132
109,"P.P. Savani School of Engineering, P.P. Savani University, Kosamba",PHARMACEUTICAL ENGINEERING,OPEN,2024,27.9487
110,"Pacific School Of Engineering, Surat",COMPUTER ENGINEERING,OPEN,2024,17.2938
111,"Pandit Deendayal Energy University ,Gandhinagar",Biotechnology,EWS,2024,75.8548
111,"Pandit Deendayal Energy University ,Gandhinagar",Biotechnology,OPEN,2024,88.7169
111,"Pandit Deendayal Energy University ,Gandhinagar",Biotechnology,SC,2024,79.7624
111,"Pandit Deendayal Energy University ,Gandhinagar",Biotechnology,SEBC,2024,50.2314
111,"Pandit Deendayal Energy University ,Gandhinagar",Biotechnology,ST,2024,40.5845
111,"Pandit Deendayal Energy University ,Gandhinagar",CHEMICAL ENGINEERING,EWS,2024,33.6644
111,"Pandit Deendayal Energy University ,Gandhinagar",CHEMICAL ENGINEERING,OPEN,2024,53.9977
111,"Pandit Deendayal Energy University ,Gandhinagar",CHEMICAL ENGINEERING,SEBC,2024,44.3394
111,"Pandit Deendayal Energy University ,Gandhinagar",CIVIL ENGINEERING,OPEN,2024,10.4322
111,"Pandit Deendayal Energy University ,Gandhinagar",COMPUTER ENGINEERING,EWS,2024,95.6247
111,"Pandit Deendayal Energy University ,Gandhinagar",COMPUTER ENGINEERING,OPEN,2024,96.4997
111,"Pandit Deendayal Energy University ,Gandhinagar",COMPUTER ENGINEERING,SC,2024,89.6189
111,"Pandit Deendayal Energy University ,Gandhinagar",COMPUTER ENGINEERING,SEBC,2024,92.6951
111,"Pandit Deendayal Energy University ,Gandhinagar",COMPUTER ENGINEERING,ST,2024,37.1227
111,"Pandit Deendayal Energy University ,Gandhinagar",ELECTRICAL ENGINEERING,EWS,2024,31.3533
111,"Pandit Deendayal Energy University ,Gandhinagar",ELECTRICAL ENGINEERING,OPEN,2024,43.9233
111,"Pandit Deendayal Energy University ,Gandhinagar",ELECTRICAL ENGINEERING,SC,2024,38.4362
111,"Pandit Deendayal Energy University ,Gandhinagar",ELECTRONICS & COMMUNICATION ENGINEERING,EWS,2024,84.5149
111,"Pandit Deendayal Energy University ,Gandhinagar",ELECTRONICS & COMMUNICATION ENGINEERING,OPEN,2024,86.6818
111,"Pandit Deendayal Energy University ,Gandhinagar",ELECTRONICS & COMMUNICATION ENGINEERING,SC,2024,82.1012
111,"Pandit Deendayal Energy University ,Gandhinagar",ELECTRONICS & COMMUNICATION ENGINEERING,SEBC,2024,69.1284
111,"Pandit Deendayal Energy University ,Gandhinagar",INFORMATION & COMMUNICATION TECHNOLOGY,EWS,2024,93.1626
111,"Pandit Deendayal Energy University ,Gandhinagar",INFORMATION & COMMUNICATION TECHNOLOGY,OPEN,2024,94.0264
111,"Pandit Deendayal Energy University ,Gandhinagar",INFORMATION & COMMUNICATION TECHNOLOGY,SC,2024,84.6598
111,"Pandit Deendayal Energy University ,Gandhinagar",INFORMATION & COMMUNICATION TECHNOLOGY,SEBC,2024,88.3158
111,"Pandit Deendayal Energy University ,Gandhinagar",INFORMATION & COMMUNICATION TECHNOLOGY,ST,2024,44.9544
111,"Pandit Deendayal Energy University ,Gandhinagar",MECHANICAL ENGINEERING,EWS,2024,51.8608
111,"Pandit Deendayal Energy University ,Gandhinagar",MECHANICAL ENGINEERING,OPEN,2024,65.6714
111,"Pandit Deendayal Energy University ,Gandhinagar",MECHANICAL ENGINEERING,SC,2024,51.8624
111,"Pandit Deendayal Energy University ,Gandhinagar",MECHANICAL ENGINEERING,SEBC,2024,19.1844
111,"Pandit Deendayal Energy University ,Gandhinagar",PETROLEUM ENGINEERING,OPEN,2024,40.8717
112,"Parul Institute of Engineering & Technology, Waghodia, Vadodara",AERONAUTICAL ENGINEERING,OPEN,2024,21.5764
112,"Parul Institute of Engineering & Technology, Waghodia, Vadodara",CIVIL ENGINEERING,OPEN,2024,30.7421
112,"Parul Institute of Engineering & Technology, Waghodia, Vadodara",COMPUTER SCIENCE & ENGINEERING,OPEN,2024,10.3722
112,"Parul Institute of Engineering & Technology, Waghodia, Vadodara",COMPUTER SCIENCE & ENGINEERING (ARTIFICIAL INTELLIGENCE),OPEN,2024,12.0151
112,"Parul Institute of Engineering & Technology, Waghodia, Vadodara",COMPUTER SCIENCE & ENGINEERING (Big Data Analytics),OPEN,2024,24.0798
112,"Parul Institute of Engineering & Technology, Waghodia, Vadodara",COMPUTER SCIENCE & ENGINEERING (Block Chain Technology),OPEN,2024,96.5495
112,"Parul Institute of Engineering & Technology, Waghodia, Vadodara",COMPUTER SCIENCE & ENGINEERING (Cloud Computing),OPEN,2024,16.5564
112,"Parul Institute of Engineering & Technology, Waghodia, Vadodara",COMPUTER SCIENCE & ENGINEERING (Cyber Security),OPEN,2024,30.9025
112,"Parul Institute of Engineering & Technology, Waghodia, Vadodara",Electronics & Communication Engineering,OPEN,2024,21.0217
112,"Parul Institute of Engineering & Technology, Waghodia, Vadodara",Information Technology,OPEN,2024,13.8987
112,"Parul Institute of Engineering & Technology, Waghodia, Vadodara",Mechanical Engineering,OPEN,2024,49.5057
113,"Parul Institute of Technology, Waghodia, Vadodara",AGRICULTURAL ENGINEERING,OPEN,2024,45.9218
113,"Parul Institute of Technology, Waghodia, Vadodara",BIOTECHNOLOGY,OPEN,2024,40.6091
113,"Parul Institute of Technology, Waghodia, Vadodara",CHEMICAL ENGINEERING,OPEN,2024,42.2883
113,"Parul Institute of Technology, Waghodia, Vadodara",COMPUTER ENGINEERING,OPEN,2024,11.3497
113,"Parul Institute of Technology, Waghodia, Vadodara",COMPUTER SCIENCE & ENGINEERING,OPEN,2024,32.7619
113,"Parul Institute of Technology, Waghodia, Vadodara",COMPUTER SCIENCE & ENGINEERING (ARTIFICIAL INTELLIGENCE),OPEN,2024,41.4085
113,"Parul Institute of Technology, Waghodia, Vadodara",COMPUTER SCIENCE & ENGINEERING (BIG DATA ANALYTICS),OPEN,2024,46.5931
113,"Parul Institute of Technology, Waghodia, Vadodara",COMPUTER SCIENCE & ENGINEERING (CYBER SECURITY),OPEN,2024,44.0227
113,"Parul Institute of Technology, Waghodia, Vadodara",DAIRY TECHNOLOGY,OPEN,2024,55.5331
113,"Parul Institute of Technology, Waghodia, Vadodara",FOOD TECHNOLOGY,OPEN,2024,42.8253
113,"Parul Institute of Technology, Waghodia, Vadodara",MECHATRONICS ENGINEERING,OPEN,2024,57.9891
113,"Parul Institute of Technology, Waghodia, Vadodara",ROBOTICS AND AUTOMATION,OPEN,2024,46.6822
114,"Prime Institute of Engineering and Technology, Jalalpore, Navsari",COMPUTER ENGINEERING,OPEN,2024,17.5803
115,"R.K. University - School of Engineering, Rajkot",COMPUTER ENGINEERING,OPEN,2024,19.8037
115,"R.K. University - School of Engineering, Rajkot",INFORMATION TECHNOLOGY,OPEN,2024,40.874
117,"R.N.G. Patel Institute of Technology-RNGPIT , Bardoli",CHEMICAL ENGINEERING,OPEN,2024,21.3872
117,"R.N.G. Patel Institute of Technology-RNGPIT , Bardoli",CIVIL ENGINEERING,OPEN,2024,19.6443
117,"R.N.G. Patel Institute of Technology-RNGPIT , Bardoli",COMPUTER SCIENCE & ENGINEERING,EWS,2024,29.1152
117,"R.N.G. Patel Institute of Technology-RNGPIT , Bardoli",COMPUTER SCIENCE & ENGINEERING,OPEN,2024,30.9703
117,"R.N.G. Patel Institute of Technology-RNGPIT , Bardoli",COMPUTER SCIENCE & ENGINEERING,SC,2024,23.5656
117,"R.N.G. Patel Institute of Technology-RNGPIT , Bardoli",COMPUTER SCIENCE & ENGINEERING,SEBC,2024,15.7521
117,"R.N.G. Patel Institute of Technology-RNGPIT , Bardoli",COMPUTER SCIENCE & ENGINEERING,ST,2024,14.7873
117,"R.N.G. Patel Institute of Technology-RNGPIT , Bardoli",ELECTRICAL ENGINEERING,OPEN,2024,18.0548
117,"R.N.G. Patel Institute of Technology-RNGPIT , Bardoli",INFORMATION TECHNOLOGY,OPEN,2024,23.5987
117,"R.N.G. Patel Institute of Technology-RNGPIT , Bardoli",INFORMATION TECHNOLOGY,SEBC,2024,21.1196
117,"R.N.G. Patel Institute of Technology-RNGPIT , Bardoli",INFORMATION TECHNOLOGY,ST,2024,20.0297
117,"R.N.G. Patel Institute of Technology-RNGPIT , Bardoli",MECHANICAL ENGINEERING,OPEN,2024,14.4083
118,"Rai School of Engineering, Dholka, Ahmedabad",INFORMATION TECHNOLOGY,OPEN,2024,44.1935
119,"S.P.B. Patel Engg. College, (Saffrony), Linch, Mehsana",COMPUTER ENGINEERING,OPEN,2024,26.1552
119,"S.P.B. Patel Engg. College, (Saffrony), Linch, Mehsana",INFORMATION TECHNOLOGY,OPEN,2024,9.847
120,S.S.AGRAWAL INSTITUTE OF ENGINEERING & TECHNOLOGY NAVSARI,CHEMICAL ENGINEERING,OPEN,2024,29.8785
120,S.S.AGRAWAL INSTITUTE OF ENGINEERING & TECHNOLOGY NAVSARI,CIVIL ENGINEERING,OPEN,2024,19.4631
120,S.S.AGRAWAL INSTITUTE OF ENGINEERING & TECHNOLOGY NAVSARI,COMPUTER ENGINEERING,OPEN,2024,52.9845
120,S.S.AGRAWAL INSTITUTE OF ENGINEERING & TECHNOLOGY NAVSARI,COMPUTER ENGINEERING,SEBC,2024,30.6094
120,S.S.AGRAWAL INSTITUTE OF ENGINEERING & TECHNOLOGY NAVSARI,COMPUTER ENGINEERING,ST,2024,15.922
120,S.S.AGRAWAL INSTITUTE OF ENGINEERING & TECHNOLOGY NAVSARI,ELECTRICAL ENGINEERING,OPEN,2024,17.1092
120,S.S.AGRAWAL INSTITUTE OF ENGINEERING & TECHNOLOGY NAVSARI,MECHANICAL ENGINEERING,OPEN,2024,22.1045
121,"SAL ENGINEERING &TECHNICAL INSTITUTE, SOLA, AHMEDABAD",COMPUTER ENGINEERING,OPEN,2024,27.4932
121,"SAL ENGINEERING &TECHNICAL INSTITUTE, SOLA, AHMEDABAD",COMPUTER SCIENCE & ENGINEERING,OPEN,2024,16.7799
121,"SAL ENGINEERING &TECHNICAL INSTITUTE, SOLA, AHMEDABAD",INFORMATION TECHNOLOGY,OPEN,2024,25.8287
122,"SARDAR PATEL COLLEGE OF ENGINEERING, BAKROL ANAND",CIVIL ENGINEERING,OPEN,2024,40.9462
122,"SARDAR PATEL COLLEGE OF ENGINEERING, BAKROL ANAND",COMPUTER ENGINEERING,OPEN,2024,20.1326
122,"SARDAR PATEL COLLEGE OF ENGINEERING, BAKROL ANAND",COMPUTER SCIENCE & ENGINEERING,OPEN,2024,13.0478
122,"SARDAR PATEL COLLEGE OF ENGINEERING, BAKROL ANAND",INFORMATION TECHNOLOGY,OPEN,2024,15.8351
122,"SARDAR PATEL COLLEGE OF ENGINEERING, BAKROL ANAND",MECHANICAL ENGINEERING,OPEN,2024,44.4892
125,"SCHOOL OF TECHNOLOGY, GSFC UNIVERSITY, VADODARA",CHEMICAL ENGINEERING,OPEN,2024,23.5199
125,"SCHOOL OF TECHNOLOGY, GSFC UNIVERSITY, VADODARA",COMPUTER SCIENCE & ENGINEERING,OPEN,2024,14.8511
125,"SCHOOL OF TECHNOLOGY, GSFC UNIVERSITY, VADODARA",FIRE AND ENVIRONMENT HEALTH SAFETY ENGINEERING,OPEN,2024,69.4205
125,"SCHOOL OF TECHNOLOGY, GSFC UNIVERSITY, VADODARA",MECHANICAL ENGINEERING,OPEN,2024,38.9628
126,"SHREE DHANVANTARY COLLEGE OF ENGINEERING & TECHNOLOGY, KIM",COMPUTER SCIENCE & ENGINEERING (ARTIFICIAL INTELLIGENCE AND MACHINE LEARNING),OPEN,2024,3.5334
126,"SHREE DHANVANTARY COLLEGE OF ENGINEERING & TECHNOLOGY, KIM",COMPUTER SCIENCE & ENGINEERING (INTERNET OF THINGS & CYBER SECURITY INCLUDING BLOCK CHAIN TECHNOLOGY),OPEN,2024,19.7807
127,"SHREE PAREKH ENGINEEIRNG College, MAHUVA",COMPUTER ENGINEERING,OPEN,2024,42.7728
127,"SHREE PAREKH ENGINEEIRNG College, MAHUVA",FOOD ENGINEERING & TECHNOLOGY,OPEN,2024,50.525
127,"SHREE PAREKH ENGINEEIRNG College, MAHUVA",INFORMATION TECHNOLOGY,OPEN,2024,40.5265
128,"SHREE SWAMINARAYAN INSTITUTE OF TECHNOLOGY, BHAT, GANDHINAGAR",COMPUTER ENGINEERING,OPEN,2024,17.5379
128,"SHREE SWAMINARAYAN INSTITUTE OF TECHNOLOGY, BHAT, GANDHINAGAR",COMPUTER SCIENCE & ENGINEERING,OPEN,2024,28.457
128,"SHREE SWAMINARAYAN INSTITUTE OF TECHNOLOGY, BHAT, GANDHINAGAR",COMPUTER SCIENCE & ENGINEERING,SEBC,2024,21.8507
128,"SHREE SWAMINARAYAN INSTITUTE OF TECHNOLOGY, BHAT, GANDHINAGAR",INFORMATION TECHNOLOGY,OPEN,2024,16.2055
129,"Sal College Of Engineering , Ahmedabad",COMPUTER ENGINEERING,OPEN,2024,23.2605
129,"Sal College Of Engineering , Ahmedabad",COMPUTER SCIENCE & ENGINEERING (DATA SCIENCE),OPEN,2024,38.7088
129,"Sal College Of Engineering , Ahmedabad",INFORMATION & COMMUNICATION TECHNOLOGY,OPEN,2024,44.3103
129,"Sal College Of Engineering , Ahmedabad",INFORMATION TECHNOLOGY,OPEN,2024,20.5591
130,"Sal Institute Of Tech. & Engg. Research, Ahmedabad",CIVIL ENGINEERING,OPEN,2024,50.9453
130,"Sal Institute Of Tech. & Engg. Research, Ahmedabad",COMPUTER ENGINEERING,OPEN,2024,28.9872
130,"Sal Institute Of Tech. & Engg. Research, Ahmedabad",COMPUTER SCIENCE & ENGINEERING,OPEN,2024,17.934
130,"Sal Institute Of Tech. & Engg. Research, Ahmedabad",COMPUTER SCIENCE & ENGINEERING (ARTIFICIAL INTELLIGENCE AND MACHINE LEARNING),OPEN,2024,17.8365
130,"Sal Institute Of Tech. & Engg. Research, Ahmedabad",ELECTRONICS & COMMUNICATION ENGINEERING,OPEN,2024,49.8501
130,"Sal Institute Of Tech. & Engg. Research, Ahmedabad",INFORMATION & COMMUNICATION TECHNOLOGY,OPEN,2024,56.3192
130,"Sal Institute Of Tech. & Engg. Research, Ahmedabad",MECHANICAL ENGINEERING,OPEN,2024,26.8366
131,"Sankalchand Patel College Of Engg., Visnagar",ARTIFICIAL INTELLIGENCE AND DATA SCIENCE,OPEN,2024,35.0382
131,"Sankalchand Patel College Of Engg., Visnagar",CIVIL ENGINEERING,OPEN,2024,10.0706
131,"Sankalchand Patel College Of Engg., Visnagar",COMPUTER ENGINEERING,OPEN,2024,17.659
131,"Sankalchand Patel College Of Engg., Visnagar",INFORMATION & COMMUNICATION TECHNOLOGY,OPEN,2024,29.5529
131,"Sankalchand Patel College Of Engg., Visnagar",INFORMATION TECHNOLOGY,OPEN,2024,19.9087
131,"Sankalchand Patel College Of Engg., Visnagar",MECHANICAL ENGINEERING,OPEN,2024,45.6576
132,"Sardar Vallabhbhai Patel Institute Of Tech.,Vasad",AERONAUTICAL ENGINEERING,OPEN,2024,14.0759
132,"Sardar Vallabhbhai Patel Institute Of Tech.,Vasad",CIVIL ENGINEERING,OPEN,2024,28.174
132,"Sardar Vallabhbhai Patel Institute Of Tech.,Vasad",COMPUTER ENGINEERING,EWS,2024,81.219
132,"Sardar Vallabhbhai Patel Institute Of Tech.,Vasad",COMPUTER ENGINEERING,OPEN,2024,84.8822
132,"Sardar Vallabhbhai Patel Institute Of Tech.,Vasad",COMPUTER ENGINEERING,SC,2024,65.2805
132,"Sardar Vallabhbhai Patel Institute Of Tech.,Vasad",COMPUTER ENGINEERING,SEBC,2024,76.0372
132,"Sardar Vallabhbhai Patel Institute Of Tech.,Vasad",COMPUTER ENGINEERING,ST,2024,41.119
132,"Sardar Vallabhbhai Patel Institute Of Tech.,Vasad",COMPUTER SCIENCE & DESIGN,EWS,2024,71.0224
132,"Sardar Vallabhbhai Patel Institute Of Tech.,Vasad",COMPUTER SCIENCE & DESIGN,OPEN,2024,80.518
132,"Sardar Vallabhbhai Patel Institute Of Tech.,Vasad",COMPUTER SCIENCE & DESIGN,SC,2024,70.7091
132,"Sardar Vallabhbhai Patel Institute Of Tech.,Vasad",COMPUTER SCIENCE & DESIGN,SEBC,2024,62.4664
132,"Sardar Vallabhbhai Patel Institute Of Tech.,Vasad",ELECTRICAL ENGINEERING,OPEN,2024,26.169
132,"Sardar Vallabhbhai Patel Institute Of Tech.,Vasad",ELECTRONICS & COMMUNICATION ENGINEERING,OPEN,2024,18.5438
132,"Sardar Vallabhbhai Patel Institute Of Tech.,Vasad",INFORMATION TECHNOLOGY,EWS,2024,74.1157
132,"Sardar Vallabhbhai Patel Institute Of Tech.,Vasad",INFORMATION TECHNOLOGY,OPEN,2024,77.1877
132,"Sardar Vallabhbhai Patel Institute Of Tech.,Vasad",INFORMATION TECHNOLOGY,SC,2024,55.714
132,"Sardar Vallabhbhai Patel Institute Of Tech.,Vasad",INFORMATION TECHNOLOGY,SEBC,2024,54.948
132,"Sardar Vallabhbhai Patel Institute Of Tech.,Vasad",MECHANICAL ENGINEERING,OPEN,2024,7.1476
133,"Sarvajanik College Of Engg. & Tech. , Surat",ARTIFICIAL INTELLIGENCE AND DATA SCIENCE,EWS,2024,82.1636
133,"Sarvajanik College Of Engg. & Tech. , Surat",ARTIFICIAL INTELLIGENCE AND DATA SCIENCE,OPEN,2024,82.7021
133,"Sarvajanik College Of Engg. & Tech. , Surat",ARTIFICIAL INTELLIGENCE AND DATA SCIENCE,SC,2024,40.4291
133,"Sarvajanik College Of Engg. & Tech. , Surat",ARTIFICIAL INTELLIGENCE AND DATA SCIENCE,SEBC,2024,71.3717
133,"Sarvajanik College Of Engg. & Tech. , Surat",CHEMICAL ENGINEERING,OPEN,2024,13.8114
133,"Sarvajanik College Of Engg. & Tech. , Surat",CIVIL ENGINEERING,OPEN,2024,30.2609
133,"Sarvajanik College Of Engg. & Tech. , Surat",COMPUTER ENGINEERING,EWS,2024,89.6349
133,"Sarvajanik College Of Engg. & Tech. , Surat",COMPUTER ENGINEERING,OPEN,2024,91.5196
133,"Sarvajanik College Of Engg. & Tech. , Surat",COMPUTER ENGINEERING,SC,2024,63.1861
133,"Sarvajanik College Of Engg. & Tech. , Surat",COMPUTER ENGINEERING,SEBC,2024,83.4122
133,"Sarvajanik College Of Engg. & Tech. , Surat",COMPUTER ENGINEERING,ST,2024,24.7022
133,"Sarvajanik College Of Engg. & Tech. , Surat",ELECTRICAL ENGINEERING,OPEN,2024,6.9148
133,"Sarvajanik College Of Engg. & Tech. , Surat",ELECTRONICS & COMMUNICATION ENGINEERING,EWS,2024,38.8591
133,"Sarvajanik College Of Engg. & Tech. , Surat",ELECTRONICS & COMMUNICATION ENGINEERING,OPEN,2024,48.8021
133,"Sarvajanik College Of Engg. & Tech. , Surat",ELECTRONICS & COMMUNICATION ENGINEERING,SEBC,2024,30.3083
133,"Sarvajanik College Of Engg. & Tech. , Surat",INFORMATION TECHNOLOGY,EWS,2024,84.8378
133,"Sarvajanik College Of Engg. & Tech. , Surat",INFORMATION TECHNOLOGY,OPEN,2024,86.3158
133,"Sarvajanik College Of Engg. & Tech. , Surat",INFORMATION TECHNOLOGY,SC,2024,54.1844
133,"Sarvajanik College Of Engg. & Tech. , Surat",INFORMATION TECHNOLOGY,SEBC,2024,79.1532
133,"Sarvajanik College Of Engg. & Tech. , Surat",INFORMATION TECHNOLOGY,ST,2024,52.0385
133,"Sarvajanik College Of Engg. & Tech. , Surat",INSTRUMENTATION & CONTROL ENGINEERING,OPEN,2024,17.9752
133,"Sarvajanik College Of Engg. & Tech. , Surat",MECHANICAL ENGINEERING,OPEN,2024,28.8207
134,"School of Engg. and Applied Science, Ahmedabad University, Ahmedabad",CHEMICAL ENGINEERING,OPEN,2024,2.8549
134,"School of Engg. and Applied Science, Ahmedabad University, Ahmedabad",COMPUTER SCIENCE & ENGINEERING,EWS,2024,94.1742
134,"School of Engg. and Applied Science, Ahmedabad University, Ahmedabad",COMPUTER SCIENCE & ENGINEERING,OPEN,2024,95.9691
134,"School of Engg. and Applied Science, Ahmedabad University, Ahmedabad",COMPUTER SCIENCE & ENGINEERING,SC,2024,91.7172
134,"School of Engg. and Applied Science, Ahmedabad University, Ahmedabad",COMPUTER SCIENCE & ENGINEERING,SEBC,2024,89.2541
134,"School of Engg. and Applied Science, Ahmedabad University, Ahmedabad",COMPUTER SCIENCE & ENGINEERING,ST,2024,24.82
134,"School of Engg. and Applied Science, Ahmedabad University, Ahmedabad",MECHANICAL ENGINEERING,EWS,2024,60.1495
134,"School of Engg. and Applied Science, Ahmedabad University, Ahmedabad",MECHANICAL ENGINEERING,OPEN,2024,70.8368
134,"School of Engg. and Applied Science, Ahmedabad University, Ahmedabad",MECHANICAL ENGINEERING,SC,2024,47.3498
135,"School of Engineering - Indrashil University, Kadi",COMPUTER SCIENCE & ENGINEERING,OPEN,2024,41.4795
135,"School of Engineering - Indrashil University, Kadi",Information Technology,OPEN,2024,62.7701
136,"School of Engineering and Technology, Navrachana University, Vadodara",CIVIL ENGINEERING,OPEN,2024,62.397
136,"School of Engineering and Technology, Navrachana University, Vadodara",COMPUTER SCIENCE & ENGINEERING,OPEN,2024,42.9431
136,"School of Engineering and Technology, Navrachana University, Vadodara",COMPUTER SCIENCE & ENGINEERING,SC,2024,22.7016
136,"School of Engineering and Technology, Navrachana University, Vadodara",COMPUTER SCIENCE & ENGINEERING,SEBC,2024,26.4293
136,"School of Engineering and Technology, Navrachana University, Vadodara",MECHANICAL ENGINEERING,OPEN,2024,45.3805
137,"Shankersinh Vaghela Bapu Institute Of Tech., Unava, Gandhinagar",COMPUTER ENGINEERING,OPEN,2024,29.5661
137,"Shankersinh Vaghela Bapu Institute Of Tech., Unava, Gandhinagar",INFORMATION TECHNOLOGY,OPEN,2024,24.6444
138,"Shantilal Shah Engineering College ,Bhavnagar",CIVIL ENGINEERING,OPEN,2024,29.0513
138,"Shantilal Shah Engineering College ,Bhavnagar",ELECTRICAL ENGINEERING,OPEN,2024,19.8668
138,"Shantilal Shah Engineering College ,Bhavnagar",INFORMATION TECHNOLOGY,EWS,2024,68.4521
138,"Shantilal Shah Engineering College ,Bhavnagar",INFORMATION TECHNOLOGY,OPEN,2024,74.3246
138,"Shantilal Shah Engineering College ,Bhavnagar",INFORMATION TECHNOLOGY,SC,2024,23.3402
138,"Shantilal Shah Engineering College ,Bhavnagar",INFORMATION TECHNOLOGY,SEBC,2024,63.8527
138,"Shantilal Shah Engineering College ,Bhavnagar",MECHANICAL ENGINEERING,OPEN,2024,24.2931
139,"Shree Pandit Nathulalji Vyas Technical Campus, Wadhawan",COMPUTER ENGINEERING,OPEN,2024,50.5292
140,"Shri Labhubhai Trivedi Institute Of Engineering And Technology, Rajkot",COMPUTER SCIENCE & ENGINEERING,OPEN,2024,25.3296
141,"Shri Sadvidhya Mandal Institute Of Tech., Bharuch",CHEMICAL ENGINEERING,OPEN,2024,20.0672
141,"Shri Sadvidhya Mandal Institute Of Tech., Bharuch",COMPUTER SCIENCE & ENGINEERING,OPEN,2024,19.9018
141,"Shri Sadvidhya Mandal Institute Of Tech., Bharuch",INFORMATION TECHNOLOGY,OPEN,2024,5.0674
141,"Shri Sadvidhya Mandal Institute Of Tech., Bharuch",MECHANICAL ENGINEERING,OPEN,2024,31.3889
142,"Shri Sitaram N Patel Inst. Of Tech. & Res. (Vidhyabharti Trust), Umrakh",CHEMICAL ENGINEERING,OPEN,2024,19.4772
142,"Shri Sitaram N Patel Inst. Of Tech. & Res. (Vidhyabharti Trust), Umrakh",CIVIL ENGINEERING,OPEN,2024,21.448
142,"Shri Sitaram N Patel Inst. Of Tech. & Res. (Vidhyabharti Trust), Umrakh",COMPUTER SCIENCE & ENGINEERING,OPEN,2024,10.0641
142,"Shri Sitaram N Patel Inst. Of Tech. & Res. (Vidhyabharti Trust), Umrakh",ELECTRICAL ENGINEERING,OPEN,2024,17.3257
142,"Shri Sitaram N Patel Inst. Of Tech. & Res. (Vidhyabharti Trust), Umrakh",INFORMATION TECHNOLOGY,OPEN,2024,16.3919
142,"Shri Sitaram N Patel Inst. Of Tech. & Res. (Vidhyabharti Trust), Umrakh",MECHANICAL ENGINEERING,OPEN,2024,26.037
143,"Shri Swami Atmanand Saraswati Institute Of Tech., Surat",CIVIL ENGINEERING,OPEN,2024,44.0807
143,"Shri Swami Atmanand Saraswati Institute Of Tech., Surat",COMPUTER ENGINEERING,EWS,2024,75.318
143,"Shri Swami Atmanand Saraswati Institute Of Tech., Surat",COMPUTER ENGINEERING,OPEN,2024,76.9843
143,"Shri Swami Atmanand Saraswati Institute Of Tech., Surat",COMPUTER ENGINEERING,SC,2024,34.7307
143,"Shri Swami Atmanand Saraswati Institute Of Tech., Surat",COMPUTER ENGINEERING,SEBC,2024,55.7075
143,"Shri Swami Atmanand Saraswati Institute Of Tech., Surat",ELECTRONICS & COMMUNICATION ENGINEERING,OPEN,2024,24.0734
143,"Shri Swami Atmanand Saraswati Institute Of Tech., Surat",INFORMATION TECHNOLOGY,EWS,2024,71.3717
143,"Shri Swami Atmanand Saraswati Institute Of Tech., Surat",INFORMATION TECHNOLOGY,OPEN,2024,72.6534
143,"Shri Swami Atmanand Saraswati Institute Of Tech., Surat",INFORMATION TECHNOLOGY,SEBC,2024,39.9106
143,"Shri Swami Atmanand Saraswati Institute Of Tech., Surat",MECHANICAL ENGINEERING,OPEN,2024,58.5391
144,"Shroff S.R.Rotary Inst. Of Chemical Technology, Vatatia,Bharuch",CHEMICAL ENGINEERING,OPEN,2024,27.7976
144,"Shroff S.R.Rotary Inst. Of Chemical Technology, Vatatia,Bharuch",CHEMICAL TECHNOLOGY,OPEN,2024,8.3959
144,"Shroff S.R.Rotary Inst. Of Chemical Technology, Vatatia,Bharuch",COMPUTER ENGINEERING,OPEN,2024,17.0728
144,"Shroff S.R.Rotary Inst. Of Chemical Technology, Vatatia,Bharuch",ENVIRONMENTAL SCIENCE & TECHNOLOGY,OPEN,2024,25.1438
145,"Sigma Institute Of Engg., Bakrol",CHEMICAL ENGINEERING,OPEN,2024,21.0217
145,"Sigma Institute Of Engg., Bakrol",COMPUTER ENGINEERING,OPEN,2024,36.6427
145,"Sigma Institute Of Engg., Bakrol",INFORMATION TECHNOLOGY,OPEN,2024,46.0085
146,"Silver Oak College Of Engg., & Tech. (WITHIN AMHEDABAD MUNICIPAL CORPORATION LIMIT), Ahmedabad",AERONAUTICAL ENGINEERING,OPEN,2024,87.397
146,"Silver Oak College Of Engg., & Tech. (WITHIN AMHEDABAD MUNICIPAL CORPORATION LIMIT), Ahmedabad",BIOTECHNOLOGY,OPEN,2024,51.0719
146,"Silver Oak College Of Engg., & Tech. (WITHIN AMHEDABAD MUNICIPAL CORPORATION LIMIT), Ahmedabad",CIVIL ENGINEERING,OPEN,2024,79.8763
146,"Silver Oak College Of Engg., & Tech. (WITHIN AMHEDABAD MUNICIPAL CORPORATION LIMIT), Ahmedabad",COMPUTER ENGINEERING,OPEN,2024,19.7329
146,"Silver Oak College Of Engg., & Tech. (WITHIN AMHEDABAD MUNICIPAL CORPORATION LIMIT), Ahmedabad",COMPUTER ENGINEERING (ARTIFICIAL INTELLIGENCE AND MACHINE LEARNING),OPEN,2024,17.5245
146,"Silver Oak College Of Engg., & Tech. (WITHIN AMHEDABAD MUNICIPAL CORPORATION LIMIT), Ahmedabad",COMPUTER SCIENCE & ENGINEERING,OPEN,2024,9.1656
146,"Silver Oak College Of Engg., & Tech. (WITHIN AMHEDABAD MUNICIPAL CORPORATION LIMIT), Ahmedabad",COMPUTER SCIENCE & ENGINEERING (CYBER SECURITY),OPEN,2024,26.0003
146,"Silver Oak College Of Engg., & Tech. (WITHIN AMHEDABAD MUNICIPAL CORPORATION LIMIT), Ahmedabad",INFORMATION TECHNOLOGY,OPEN,2024,19.3701
147,"Smt. S.R. Patel Engg. College, Dabhi, Unjha",CIVIL ENGINEERING,OPEN,2024,44.8067
147,"Smt. S.R. Patel Engg. College, Dabhi, Unjha",COMPUTER ENGINEERING,OPEN,2024,25.6135
148,"Swaminarayan College Of Engg. & Tech., Kalol",COMPUTER ENGINEERING,OPEN,2024,24.9362
149,Swarrnim Institute of Technology,COMPUTER ENGINEERING,OPEN,2024,26.254
149,Swarrnim Institute of Technology,CYBER SECURITY,OPEN,2024,46.6847
149,Swarrnim Institute of Technology,INFORMATION TECHNOLOGY,OPEN,2024,14.0125
151,"Unitedworld School of Computational Intelligence, Uvarsad, Gandhinagar",COMPUTER SCIENCE & ENGINEERING,EWS,2024,59.3566
151,"Unitedworld School of Computational Intelligence, Uvarsad, Gandhinagar",COMPUTER SCIENCE & ENGINEERING,OPEN,2024,70.4815
151,"Unitedworld School of Computational Intelligence, Uvarsad, Gandhinagar",COMPUTER SCIENCE & ENGINEERING,SC,2024,61.6727
151,"Unitedworld School of Computational Intelligence, Uvarsad, Gandhinagar",COMPUTER SCIENCE & ENGINEERING,SEBC,2024,22.6318
151,"Unitedworld School of Computational Intelligence, Uvarsad, Gandhinagar",COMPUTER SCIENCE & ENGINEERING (ARTIFICIAL INTELLIGENCE AND MACHINE LEARNING),EWS,2024,45.6197
151,"Unitedworld School of Computational Intelligence, Uvarsad, Gandhinagar",COMPUTER SCIENCE & ENGINEERING (ARTIFICIAL INTELLIGENCE AND MACHINE LEARNING),OPEN,2024,54.7889
151,"Unitedworld School of Computational Intelligence, Uvarsad, Gandhinagar",COMPUTER SCIENCE & ENGINEERING (ARTIFICIAL INTELLIGENCE AND MACHINE LEARNING),SC,2024,44.4729
151,"Unitedworld School of Computational Intelligence, Uvarsad, Gandhinagar",COMPUTER SCIENCE & ENGINEERING (ARTIFICIAL INTELLIGENCE AND MACHINE LEARNING),SEBC,2024,20.8403
152,"V.V.P. Engineering College, Rajkot",BIOTECHNOLOGY,OPEN,2024,36.8853
152,"V.V.P. Engineering College, Rajkot",CHEMICAL ENGINEERING,OPEN,2024,45.6625
152,"V.V.P. Engineering College, Rajkot",CIVIL ENGINEERING,OPEN,2024,21.7247
152,"V.V.P. Engineering College, Rajkot",COMPUTER ENGINEERING,EWS,2024,59.1314
152,"V.V.P. Engineering College, Rajkot",COMPUTER ENGINEERING,OPEN,2024,69.249
152,"V.V.P. Engineering College, Rajkot",COMPUTER ENGINEERING,SC,2024,31.2078
152,"V.V.P. Engineering College, Rajkot",COMPUTER ENGINEERING,SEBC,2024,37.1457
152,"V.V.P. Engineering College, Rajkot",COMPUTER ENGINEERING,ST,2024,66.9798
152,"V.V.P. Engineering College, Rajkot",ELECTRICAL ENGINEERING,OPEN,2024,33.2976
152,"V.V.P. Engineering College, Rajkot",ELECTRONICS & COMMUNICATION ENGINEERING,OPEN,2024,40.64
152,"V.V.P. Engineering College, Rajkot",INFORMATION TECHNOLOGY,EWS,2024,33.3791
152,"V.V.P. Engineering College, Rajkot",INFORMATION TECHNOLOGY,OPEN,2024,47.2372
152,"V.V.P. Engineering College, Rajkot",INFORMATION TECHNOLOGY,SC,2024,27.5833
152,"V.V.P. Engineering College, Rajkot",INFORMATION TECHNOLOGY,SEBC,2024,24.8063
152,"V.V.P. Engineering College, Rajkot",MECHANICAL ENGINEERING,OPEN,2024,60.3547
153,"VEERAYATAN INSTITUTE OF ENGINEERING TECHNOLOGY & RESEARCH., Mandvi",COMPUTER ENGINEERING,OPEN,2024,37.5104
153,"VEERAYATAN INSTITUTE OF ENGINEERING TECHNOLOGY & RESEARCH., Mandvi",MECHANICAL ENGINEERING,OPEN,2024,55.5291
155,"Vadodara Institute of Engineering, Kotambi, Waghodiya, Vadodara",CIVIL ENGINEERING,OPEN,2024,40.0619
155,"Vadodara Institute of Engineering, Kotambi, Waghodiya, Vadodara",COMPUTER ENGINEERING,OPEN,2024,40.0325
155,"Vadodara Institute of Engineering, Kotambi, Waghodiya, Vadodara",INFORMATION TECHNOLOGY,OPEN,2024,48.9969
156,"Vidhyadeep Institute of Engineering & Technology, Anita(Kim), Surat",COMPUTER ENGINEERING,OPEN,2024,34.1261
156,"Vidhyadeep Institute of Engineering & Technology, Anita(Kim), Surat",COMPUTER ENGINEERING (ARTIFICIAL INTELLIGENCE AND MACHINE LEARNING),OPEN,2024,50.706
156,"Vidhyadeep Institute of Engineering & Technology, Anita(Kim), Surat",INFORMATION TECHNOLOGY,OPEN,2024,17.8093
156,"Vidhyadeep Institute of Engineering & Technology, Anita(Kim), Surat",MECHANICAL ENGINEERING,OPEN,2024,46.7378
157,"Vidush Somany Institute Of Tech. & Res., Kadi",COMPUTER ENGINEERING,OPEN,2024,27.2554
157,"Vidush Somany Institute Of Tech. & Res., Kadi",COMPUTER SCIENCE & ENGINEERING,OPEN,2024,33.6128
157,"Vidush Somany Institute Of Tech. & Res., Kadi",INFORMATION TECHNOLOGY,OPEN,2024,4.9682
158,"Vishwakarma Government Engineering College, Chandkheda,Gandhinagar",CHEMICAL ENGINEERING,EWS,2024,74.9258
158,"Vishwakarma Government Engineering College, Chandkheda,Gandhinagar",CHEMICAL ENGINEERING,OPEN,2024,78.5763
158,"Vishwakarma Government Engineering College, Chandkheda,Gandhinagar",CHEMICAL ENGINEERING,SC,2024,19.6925
158,"Vishwakarma Government Engineering College, Chandkheda,Gandhinagar",CHEMICAL ENGINEERING,SEBC,2024,70.457
158,"Vishwakarma Government Engineering College, Chandkheda,Gandhinagar",CHEMICAL ENGINEERING,ST,2024,17.9811
158,"Vishwakarma Government Engineering College, Chandkheda,Gandhinagar",CIVIL ENGINEERING,EWS,2024,61.2732
158,"Vishwakarma Government Engineering College, Chandkheda,Gandhinagar",CIVIL ENGINEERING,OPEN,2024,71.9337
158,"Vishwakarma Government Engineering College, Chandkheda,Gandhinagar",CIVIL ENGINEERING,SC,2024,56.4708
158,"Vishwakarma Government Engineering College, Chandkheda,Gandhinagar",CIVIL ENGINEERING,SEBC,2024,66.3041
158,"Vishwakarma Government Engineering College, Chandkheda,Gandhinagar",CIVIL ENGINEERING,ST,2024,44.3467
158,"Vishwakarma Government Engineering College, Chandkheda,Gandhinagar",COMPUTER ENGINEERING,EWS,2024,96.2292
158,"Vishwakarma Government Engineering College, Chandkheda,Gandhinagar",COMPUTER ENGINEERING,OPEN,2024,96.6083
158,"Vishwakarma Government Engineering College, Chandkheda,Gandhinagar",COMPUTER ENGINEERING,SC,2024,88.9447
158,"Vishwakarma Government Engineering College, Chandkheda,Gandhinagar",COMPUTER ENGINEERING,SEBC,2024,95.2525
158,"Vishwakarma Government Engineering College, Chandkheda,Gandhinagar",COMPUTER ENGINEERING,ST,2024,56.5381
158,"Vishwakarma Government Engineering College, Chandkheda,Gandhinagar",COMPUTER SCIENCE & ENGINEERING (DATA SCIENCE),EWS,2024,94.0941
158,"Vishwakarma Government Engineering College, Chandkheda,Gandhinagar",COMPUTER SCIENCE & ENGINEERING (DATA SCIENCE),OPEN,2024,94.9472
158,"Vishwakarma Government Engineering College, Chandkheda,Gandhinagar",COMPUTER SCIENCE & ENGINEERING (DATA SCIENCE),SC,2024,85.964
158,"Vishwakarma Government Engineering College, Chandkheda,Gandhinagar",COMPUTER SCIENCE & ENGINEERING (DATA SCIENCE),SEBC,2024,93.1476
158,"Vishwakarma Government Engineering College, Chandkheda,Gandhinagar",COMPUTER SCIENCE & ENGINEERING (DATA SCIENCE),ST,2024,42.1363
158,"Vishwakarma Government Engineering College, Chandkheda,Gandhinagar",ELECTRICAL ENGINEERING,EWS,2024,58.5139
158,"Vishwakarma Government Engineering College, Chandkheda,Gandhinagar",ELECTRICAL ENGINEERING,OPEN,2024,66.256
158,"Vishwakarma Government Engineering College, Chandkheda,Gandhinagar",ELECTRICAL ENGINEERING,SC,2024,39.5234
158,"Vishwakarma Government Engineering College, Chandkheda,Gandhinagar",ELECTRICAL ENGINEERING,SEBC,2024,51.2424
158,"Vishwakarma Government Engineering College, Chandkheda,Gandhinagar",ELECTRICAL ENGINEERING,ST,2024,14.7796
158,"Vishwakarma Government Engineering College, Chandkheda,Gandhinagar",ELECTRONICS & COMMUNICATION ENGINEERING,EWS,2024,81.5082
158,"Vishwakarma Government Engineering College, Chandkheda,Gandhinagar",ELECTRONICS & COMMUNICATION ENGINEERING,OPEN,2024,84.0937
158,"Vishwakarma Government Engineering College, Chandkheda,Gandhinagar",ELECTRONICS & COMMUNICATION ENGINEERING,SC,2024,66.0116
158,"Vishwakarma Government Engineering College, Chandkheda,Gandhinagar",ELECTRONICS & COMMUNICATION ENGINEERING,SEBC,2024,75.0591
158,"Vishwakarma Government Engineering College, Chandkheda,Gandhinagar",ELECTRONICS & INSTRUMENTATION ENGINEERING,EWS,2024,51.8624
158,"Vishwakarma Government Engineering College, Chandkheda,Gandhinagar",ELECTRONICS & INSTRUMENTATION ENGINEERING,OPEN,2024,54.8655
158,"Vishwakarma Government Engineering College, Chandkheda,Gandhinagar",ELECTRONICS & INSTRUMENTATION ENGINEERING,SC,2024,16.6956
158,"Vishwakarma Government Engineering College, Chandkheda,Gandhinagar",ELECTRONICS & INSTRUMENTATION ENGINEERING,SEBC,2024,15.4676
158,"Vishwakarma Government Engineering College, Chandkheda,Gandhinagar",INFORMATION & COMMUNICATION TECHNOLOGY,EWS,2024,92.1746
158,"Vishwakarma Government Engineering College, Chandkheda,Gandhinagar",INFORMATION & COMMUNICATION TECHNOLOGY,OPEN,2024,92.955
158,"Vishwakarma Government Engineering College, Chandkheda,Gandhinagar",INFORMATION & COMMUNICATION TECHNOLOGY,SC,2024,81.6891
158,"Vishwakarma Government Engineering College, Chandkheda,Gandhinagar",INFORMATION & COMMUNICATION TECHNOLOGY,SEBC,2024,87.8306
158,"Vishwakarma Government Engineering College, Chandkheda,Gandhinagar",INFORMATION & COMMUNICATION TECHNOLOGY,ST,2024,48.4881
158,"Vishwakarma Government Engineering College, Chandkheda,Gandhinagar",INFORMATION TECHNOLOGY,EWS,2024,95.6417
158,"Vishwakarma Government Engineering College, Chandkheda,Gandhinagar",INFORMATION TECHNOLOGY,OPEN,2024,95.8844
158,"Vishwakarma Government Engineering College, Chandkheda,Gandhinagar",INFORMATION TECHNOLOGY,SC,2024,88.4008
158,"Vishwakarma Government Engineering College, Chandkheda,Gandhinagar",INFORMATION TECHNOLOGY,SEBC,2024,94.5305
158,"Vishwakarma Government Engineering College, Chandkheda,Gandhinagar",INFORMATION TECHNOLOGY,ST,2024,54.9724
158,"Vishwakarma Government Engineering College, Chandkheda,Gandhinagar",INSTRUMENTATION & CONTROL ENGINEERING,EWS,2024,39.9246
158,"Vishwakarma Government Engineering College, Chandkheda,Gandhinagar",INSTRUMENTATION & CONTROL ENGINEERING,OPEN,2024,46.6847
158,"Vishwakarma Government Engineering College, Chandkheda,Gandhinagar",INSTRUMENTATION & CONTROL ENGINEERING,SEBC,2024,21.2024
158,"Vishwakarma Government Engineering College, Chandkheda,Gandhinagar",MECHANICAL ENGINEERING,EWS,2024,65.9257
158,"Vishwakarma Government Engineering College, Chandkheda,Gandhinagar",MECHANICAL ENGINEERING,OPEN,2024,69.813
158,"Vishwakarma Government Engineering College, Chandkheda,Gandhinagar",MECHANICAL ENGINEERING,SC,2024,22.4257
158,"Vishwakarma Government Engineering College, Chandkheda,Gandhinagar",MECHANICAL ENGINEERING,SEBC,2024,55.9413
158,"Vishwakarma Government Engineering College, Chandkheda,Gandhinagar",POWER ELECTRONICS,OPEN,2024,16.9144
1,"A.D.Patel Institute Of Tech.,Karamsad",ARTIFICIAL INTELLIGENCE AND DATA SCIENCE,EWS,2025,53.2843
1,"A.D.Patel Institute Of Tech.,Karamsad",ARTIFICIAL INTELLIGENCE AND DATA SCIENCE,OPEN,2025,59.4048
1,"A.D.Patel Institute Of Tech.,Karamsad",ARTIFICIAL INTELLIGENCE AND DATA SCIENCE,SC,2025,51.8302
1,"A.D.Patel Institute Of Tech.,Karamsad",ARTIFICIAL INTELLIGENCE AND DATA SCIENCE,SEBC,2025,17.5627
1,"A.D.Patel Institute Of Tech.,Karamsad",ARTIFICIAL INTELLIGENCE AND DATA SCIENCE,TFWS,2025,88.5864
1,"A.D.Patel Institute Of Tech.,Karamsad",AUTOMOBILE ENGINEERING,OPEN,2025,36.6113
1,"A.D.Patel Institute Of Tech.,Karamsad",CIVIL ENGINEERING,OPEN,2025,37.0573
1,"A.D.Patel Institute Of Tech.,Karamsad",COMPUTER ENGINEERING,ESM,2025,48.9488
1,"A.D.Patel Institute Of Tech.,Karamsad",COMPUTER ENGINEERING,EWS,2025,78.4555
1,"A.D.Patel Institute Of Tech.,Karamsad",COMPUTER ENGINEERING,OPEN,2025,80.9035
1,"A.D.Patel Institute Of Tech.,Karamsad",COMPUTER ENGINEERING,SC,2025,51.8945
1,"A.D.Patel Institute Of Tech.,Karamsad",COMPUTER ENGINEERING,SEBC,2025,60.6144
1,"A.D.Patel Institute Of Tech.,Karamsad",COMPUTER ENGINEERING,TFWS,2025,92.4627
1,"A.D.Patel Institute Of Tech.,Karamsad",COMPUTER SCIENCE & DESIGN,EWS,2025,35.5892
1,"A.D.Patel Institute Of Tech.,Karamsad",COMPUTER SCIENCE & DESIGN,OPEN,2025,45.1278
1,"A.D.Patel Institute Of Tech.,Karamsad",COMPUTER SCIENCE & DESIGN,SC,2025,28.8741
1,"A.D.Patel Institute Of Tech.,Karamsad",COMPUTER SCIENCE & DESIGN,TFWS,2025,81.6052
1,"A.D.Patel Institute Of Tech.,Karamsad",DAIRY TECHNOLOGY,OPEN,2025,11.6307
1,"A.D.Patel Institute Of Tech.,Karamsad",ELECTRICAL ENGINEERING,OPEN,2025,28.7426
1,"A.D.Patel Institute Of Tech.,Karamsad",ELECTRONICS & COMMUNICATION ENGINEERING,OPEN,2025,27.0132
1,"A.D.Patel Institute Of Tech.,Karamsad",FOOD PROCESSING TECHNOLOGY,OPEN,2025,10.195
1,"A.D.Patel Institute Of Tech.,Karamsad",FOOD PROCESSING TECHNOLOGY,TFWS,2025,82.0245
1,"A.D.Patel Institute Of Tech.,Karamsad",INFORMATION TECHNOLOGY,ESM,2025,39.4165
1,"A.D.Patel Institute Of Tech.,Karamsad",INFORMATION TECHNOLOGY,EWS,2025,64.4274
1,"A.D.Patel Institute Of Tech.,Karamsad",INFORMATION TECHNOLOGY,OPEN,2025,67.8844
1,"A.D.Patel Institute Of Tech.,Karamsad",INFORMATION TECHNOLOGY,SC,2025,37.0423
1,"A.D.Patel Institute Of Tech.,Karamsad",INFORMATION TECHNOLOGY,SEBC,2025,26.7884
1,"A.D.Patel Institute Of Tech.,Karamsad",INFORMATION TECHNOLOGY,TFWS,2025,84.6421
1,"A.D.Patel Institute Of Tech.,Karamsad",MECHANICAL ENGINEERING,OPEN,2025,19.2466
3,"ADANI UNIVERSITY - FACULTY OF ENGINEERING SCIENCES & TECHNOLOGY (AU-FEST),",COMPUTER SCIENCE & ENGINEERING (ARTIFICIAL INTELLIGENCE AND MACHINE,ESM,2025,43.9941
3,"ADANI UNIVERSITY - FACULTY OF ENGINEERING SCIENCES & TECHNOLOGY (AU-FEST),",COMPUTER SCIENCE & ENGINEERING (ARTIFICIAL INTELLIGENCE AND MACHINE,EWS,2025,84.5231
3,"ADANI UNIVERSITY - FACULTY OF ENGINEERING SCIENCES & TECHNOLOGY (AU-FEST),",COMPUTER SCIENCE & ENGINEERING (ARTIFICIAL INTELLIGENCE AND MACHINE,OPEN,2025,87.8065
3,"ADANI UNIVERSITY - FACULTY OF ENGINEERING SCIENCES & TECHNOLOGY (AU-FEST),",COMPUTER SCIENCE & ENGINEERING (ARTIFICIAL INTELLIGENCE AND MACHINE,SC,2025,70.7336
3,"ADANI UNIVERSITY - FACULTY OF ENGINEERING SCIENCES & TECHNOLOGY (AU-FEST),",COMPUTER SCIENCE & ENGINEERING (ARTIFICIAL INTELLIGENCE AND MACHINE,SEBC,2025,71.138
3,"ADANI UNIVERSITY - FACULTY OF ENGINEERING SCIENCES & TECHNOLOGY (AU-FEST),",COMPUTER SCIENCE & ENGINEERING (ARTIFICIAL INTELLIGENCE AND MACHINE,ST,2025,30.4568
3,"ADANI UNIVERSITY - FACULTY OF ENGINEERING SCIENCES & TECHNOLOGY (AU-FEST),",COMPUTER SCIENCE & ENGINEERING (ARTIFICIAL INTELLIGENCE AND MACHINE,TFWS,2025,95.7111
3,"ADANI UNIVERSITY - FACULTY OF ENGINEERING SCIENCES & TECHNOLOGY (AU-FEST),",INFORMATION & COMMUNICATION TECHNOLOGY,EWS,2025,79.4247
3,"ADANI UNIVERSITY - FACULTY OF ENGINEERING SCIENCES & TECHNOLOGY (AU-FEST),",INFORMATION & COMMUNICATION TECHNOLOGY,OPEN,2025,81.1843
3,"ADANI UNIVERSITY - FACULTY OF ENGINEERING SCIENCES & TECHNOLOGY (AU-FEST),",INFORMATION & COMMUNICATION TECHNOLOGY,SC,2025,63.1079
3,"ADANI UNIVERSITY - FACULTY OF ENGINEERING SCIENCES & TECHNOLOGY (AU-FEST),",INFORMATION & COMMUNICATION TECHNOLOGY,SEBC,2025,55.1377
3,"ADANI UNIVERSITY - FACULTY OF ENGINEERING SCIENCES & TECHNOLOGY (AU-FEST),",INFORMATION & COMMUNICATION TECHNOLOGY,TFWS,2025,94.0723
5,ADITYA SILVER OAK INSTITUTE OF TECHNOLOGY (WITHIN LIMITS OF AHMEDABAD MUNICIPAL,BIOTECHNOLOGY,OPEN,2025,22.4652
5,ADITYA SILVER OAK INSTITUTE OF TECHNOLOGY (WITHIN LIMITS OF AHMEDABAD MUNICIPAL,CHEMICAL ENGINEERING,OPEN,2025,52.2996
5,ADITYA SILVER OAK INSTITUTE OF TECHNOLOGY (WITHIN LIMITS OF AHMEDABAD MUNICIPAL,CIVIL ENGINEERING,OPEN,2025,21.8789
5,ADITYA SILVER OAK INSTITUTE OF TECHNOLOGY (WITHIN LIMITS OF AHMEDABAD MUNICIPAL,COMPUTER ENGINEERING,OPEN,2025,7.3893
5,ADITYA SILVER OAK INSTITUTE OF TECHNOLOGY (WITHIN LIMITS OF AHMEDABAD MUNICIPAL,COMPUTER SCIENCE & BIOSCIENCES,OPEN,2025,88.2731
5,ADITYA SILVER OAK INSTITUTE OF TECHNOLOGY (WITHIN LIMITS OF AHMEDABAD MUNICIPAL,COMPUTER SCIENCE & ENGINEERING,OPEN,2025,10.4876
5,ADITYA SILVER OAK INSTITUTE OF TECHNOLOGY (WITHIN LIMITS OF AHMEDABAD MUNICIPAL,COMPUTER SCIENCE & ENGINEERING,TFWS,2025,62.5206
5,ADITYA SILVER OAK INSTITUTE OF TECHNOLOGY (WITHIN LIMITS OF AHMEDABAD MUNICIPAL,ELECTRICAL ENGINEERING,OPEN,2025,15.2653
5,ADITYA SILVER OAK INSTITUTE OF TECHNOLOGY (WITHIN LIMITS OF AHMEDABAD MUNICIPAL,INFORMATION TECHNOLOGY,OPEN,2025,12.2541
7,APOLLO INSTITUTE OF ENGINEERING & TECHNOLOGY AHMEDABAD,ARTIFICIAL INTELLIGENCE AND DATA SCIENCE,OPEN,2025,16.664
7,APOLLO INSTITUTE OF ENGINEERING & TECHNOLOGY AHMEDABAD,COMPUTER ENGINEERING,OPEN,2025,10.4219
7,APOLLO INSTITUTE OF ENGINEERING & TECHNOLOGY AHMEDABAD,INFORMATION TECHNOLOGY,OPEN,2025,17.3893
7,APOLLO INSTITUTE OF ENGINEERING & TECHNOLOGY AHMEDABAD,MECHANICAL ENGINEERING,OPEN,2025,25.4288
9,"Ahmedabad Institute Of Tech, Ahmedabad",ARTIFICIAL INTELLIGENCE(AI) AND MACHINE LEARNING,EWS,2025,30.3832
9,"Ahmedabad Institute Of Tech, Ahmedabad",ARTIFICIAL INTELLIGENCE(AI) AND MACHINE LEARNING,OPEN,2025,33.9827
9,"Ahmedabad Institute Of Tech, Ahmedabad",ARTIFICIAL INTELLIGENCE(AI) AND MACHINE LEARNING,SC,2025,12.5557
9,"Ahmedabad Institute Of Tech, Ahmedabad",ARTIFICIAL INTELLIGENCE(AI) AND MACHINE LEARNING,SEBC,2025,11.6152
9,"Ahmedabad Institute Of Tech, Ahmedabad",ARTIFICIAL INTELLIGENCE(AI) AND MACHINE LEARNING,TFWS,2025,73.9601
9,"Ahmedabad Institute Of Tech, Ahmedabad",AUTOMOBILE ENGINEERING,OPEN,2025,32.154
9,"Ahmedabad Institute Of Tech, Ahmedabad",CIVIL ENGINEERING,OPEN,2025,30.0787
9,"Ahmedabad Institute Of Tech, Ahmedabad",COMPUTER ENGINEERING,OPEN,2025,17.449
9,"Ahmedabad Institute Of Tech, Ahmedabad",COMPUTER SCIENCE & ENGINEERING (CYBER SECURITY),OPEN,2025,10.0531
9,"Ahmedabad Institute Of Tech, Ahmedabad",COMPUTER SCIENCE & ENGINEERING (DATA SCIENCE),OPEN,2025,22.1023
9,"Ahmedabad Institute Of Tech, Ahmedabad",ELECTRICAL ENGINEERING,OPEN,2025,5.206
9,"Ahmedabad Institute Of Tech, Ahmedabad",ELECTRONICS & COMMUNICATION ENGINEERING,OPEN,2025,13.7537
9,"Ahmedabad Institute Of Tech, Ahmedabad",INFORMATION TECHNOLOGY,OPEN,2025,23.3144
9,"Ahmedabad Institute Of Tech, Ahmedabad",INFORMATION TECHNOLOGY,TFWS,2025,78.5732
9,"Ahmedabad Institute Of Tech, Ahmedabad",MECHANICAL ENGINEERING,OPEN,2025,16.705
10,"Ahmedabad University, Ahmedabad",CHEMICAL & ENVIRONMENTAL ENGINEERING,EWS,2025,53.6232
10,"Ahmedabad University, Ahmedabad",CHEMICAL & ENVIRONMENTAL ENGINEERING,OPEN,2025,64.2999
10,"Ahmedabad University, Ahmedabad",COMPUTER SCIENCE & ENGINEERING,ESM,2025,57.5969
10,"Ahmedabad University, Ahmedabad",COMPUTER SCIENCE & ENGINEERING,EWS,2025,85.4439
10,"Ahmedabad University, Ahmedabad",COMPUTER SCIENCE & ENGINEERING,OPEN,2025,89.6309
10,"Ahmedabad University, Ahmedabad",COMPUTER SCIENCE & ENGINEERING,SC,2025,81.2631
10,"Ahmedabad University, Ahmedabad",COMPUTER SCIENCE & ENGINEERING,SEBC,2025,63.012
10,"Ahmedabad University, Ahmedabad",COMPUTER SCIENCE & ENGINEERING,ST,2025,16.6899
10,"Ahmedabad University, Ahmedabad",COMPUTER SCIENCE & ENGINEERING,TFWS,2025,97.6344
10,"Ahmedabad University, Ahmedabad",ELECTRICAL AND ELECTRONICS ENGINEERING,OPEN,2025,80.4848
10,"Ahmedabad University, Ahmedabad",ELECTRICAL AND ELECTRONICS ENGINEERING,SEBC,2025,41.7603
10,"Ahmedabad University, Ahmedabad",ELECTRICAL AND ELECTRONICS ENGINEERING,TFWS,2025,93.3634
10,"Ahmedabad University, Ahmedabad",MECHANICAL ENGINEERING,EWS,2025,52.6471
10,"Ahmedabad University, Ahmedabad",MECHANICAL ENGINEERING,OPEN,2025,73.7072
10,"Ahmedabad University, Ahmedabad",MECHANICAL ENGINEERING,SC,2025,12.5455
10,"Ahmedabad University, Ahmedabad",MECHANICAL ENGINEERING,SEBC,2025,19.7603
10,"Ahmedabad University, Ahmedabad",MECHANICAL ENGINEERING,TFWS,2025,84.2006
13,"Anant School for Climate Action, Ahmedabad",Climate Change,OPEN,2025,34.5011
14,"Arrdekta Inst. Of Technology, Khedbrahma, Sabarkantha",COMPUTER ENGINEERING,OPEN,2025,27.9622
15,Asha M. Tarsadia Institute of Computer Science & Tech. Bardoli,COMPUTER ENGINEERING,OPEN,2025,12.0726
15,Asha M. Tarsadia Institute of Computer Science & Tech. Bardoli,COMPUTER ENGINEERING (SOFTWARE ENGINEERING),OPEN,2025,24.1109
15,Asha M. Tarsadia Institute of Computer Science & Tech. Bardoli,COMPUTER SCIENCE & ENGINEERING,OPEN,2025,5.1838
15,Asha M. Tarsadia Institute of Computer Science & Tech. Bardoli,COMPUTER SCIENCE & ENGINEERING,TFWS,2025,76.9806
15,Asha M. Tarsadia Institute of Computer Science & Tech. Bardoli,COMPUTER SCIENCE & ENGINEERING (ARTIFICIAL INTELLIGENCE AND MACHINE,OPEN,2025,20.2176
15,Asha M. Tarsadia Institute of Computer Science & Tech. Bardoli,COMPUTER SCIENCE & ENGINEERING (ARTIFICIAL INTELLIGENCE AND MACHINE,TFWS,2025,87.7827
15,Asha M. Tarsadia Institute of Computer Science & Tech. Bardoli,COMPUTER SCIENCE & ENGINEERING (CLOUD COMPUTING),OPEN,2025,12.5316
15,Asha M. Tarsadia Institute of Computer Science & Tech. Bardoli,COMPUTER SCIENCE & ENGINEERING (CYBER SECURITY),OPEN,2025,14.9844
15,Asha M. Tarsadia Institute of Computer Science & Tech. Bardoli,COMPUTER SCIENCE & ENGINEERING (CYBER SECURITY),TFWS,2025,75.9673
15,Asha M. Tarsadia Institute of Computer Science & Tech. Bardoli,COMPUTER SCIENCE & ENGINEERING - M.TECH INTEGRATED,OPEN,2025,14.4716
15,Asha M. Tarsadia Institute of Computer Science & Tech. Bardoli,COMPUTER SCIENCE & ENGINEERING - M.TECH INTEGRATED,TFWS,2025,56.9669
15,Asha M. Tarsadia Institute of Computer Science & Tech. Bardoli,INFORMATION TECHNOLOGY,OPEN,2025,10.2855
16,"Atmiya University, Faculty of Engineering and Technology, Rajkot",CIVIL ENGINEERING,OPEN,2025,39.8423
16,"Atmiya University, Faculty of Engineering and Technology, Rajkot",COMPUTER ENGINEERING,OPEN,2025,11.9023
16,"Atmiya University, Faculty of Engineering and Technology, Rajkot",COMPUTER ENGINEERING,TFWS,2025,83.0415
16,"Atmiya University, Faculty of Engineering and Technology, Rajkot",COMPUTER SCIENCE & ENGINEERING,OPEN,2025,14.6011
16,"Atmiya University, Faculty of Engineering and Technology, Rajkot",COMPUTER SCIENCE & ENGINEERING,TFWS,2025,83.3023
16,"Atmiya University, Faculty of Engineering and Technology, Rajkot",INFORMATION TECHNOLOGY,OPEN,2025,29.6516
16,"Atmiya University, Faculty of Engineering and Technology, Rajkot",INFORMATION TECHNOLOGY,TFWS,2025,81.6518
17,"B.H.Gardi College Of Engg. & Technology , Rajkot",COMPUTER ENGINEERING,OPEN,2025,41.3879
17,"B.H.Gardi College Of Engg. & Technology , Rajkot",COMPUTER SCIENCE & ENGINEERING,OPEN,2025,40.6938
18,"Bhagwan Arihant Institute of Tech., Surat",CHEMICAL ENGINEERING,OPEN,2025,33.8685
18,"Bhagwan Arihant Institute of Tech., Surat",COMPUTER ENGINEERING,OPEN,2025,11.8209
18,"Bhagwan Arihant Institute of Tech., Surat",INFORMATION TECHNOLOGY,OPEN,2025,36.2068
18,"Bhagwan Arihant Institute of Tech., Surat",PHARMACEUTICAL ENGINEERING,OPEN,2025,22.6493
19,"Bhagwan Mahavir College Of Engg. And Tech., Surat",CIVIL ENGINEERING,OPEN,2025,16.5228
19,"Bhagwan Mahavir College Of Engg. And Tech., Surat",COMPUTER ENGINEERING,OPEN,2025,10.4434
19,"Bhagwan Mahavir College Of Engg. And Tech., Surat",COMPUTER ENGINEERING,TFWS,2025,59.6209
19,"Bhagwan Mahavir College Of Engg. And Tech., Surat",COMPUTER ENGINEERING (ARTIFICIAL INTELLIGENCE AND MACHINE LEARNING),OPEN,2025,10.3486
19,"Bhagwan Mahavir College Of Engg. And Tech., Surat",COMPUTER ENGINEERING (ARTIFICIAL INTELLIGENCE AND MACHINE LEARNING),TFWS,2025,43.6661
19,"Bhagwan Mahavir College Of Engg. And Tech., Surat",COMPUTER ENGINEERING (Data Science),OPEN,2025,29.6516
19,"Bhagwan Mahavir College Of Engg. And Tech., Surat",COMPUTER ENGINEERING (Data Science),TFWS,2025,41.5495
19,"Bhagwan Mahavir College Of Engg. And Tech., Surat",MECHANICAL ENGINEERING,OPEN,2025,18.3451
20,"Birla Vishvakarma Maha Vidhyalaya(Gia), V.V.Nagar",CIVIL ENGINEERING,ESM,2025,20.5057
20,"Birla Vishvakarma Maha Vidhyalaya(Gia), V.V.Nagar",CIVIL ENGINEERING,EWS,2025,47.0174
20,"Birla Vishvakarma Maha Vidhyalaya(Gia), V.V.Nagar",CIVIL ENGINEERING,OPEN,2025,58.1511
20,"Birla Vishvakarma Maha Vidhyalaya(Gia), V.V.Nagar",CIVIL ENGINEERING,SC,2025,22.092
20,"Birla Vishvakarma Maha Vidhyalaya(Gia), V.V.Nagar",CIVIL ENGINEERING,SEBC,2025,47.1847
20,"Birla Vishvakarma Maha Vidhyalaya(Gia), V.V.Nagar",CIVIL ENGINEERING,ST,2025,20.2356
20,"Birla Vishvakarma Maha Vidhyalaya(Gia), V.V.Nagar",CIVIL ENGINEERING,TFWS,2025,78.2328
20,"Birla Vishvakarma Maha Vidhyalaya(Gia), V.V.Nagar",COMPUTER ENGINEERING,ESM,2025,79.6561
20,"Birla Vishvakarma Maha Vidhyalaya(Gia), V.V.Nagar",COMPUTER ENGINEERING,EWS,2025,96.2214
20,"Birla Vishvakarma Maha Vidhyalaya(Gia), V.V.Nagar",COMPUTER ENGINEERING,OPEN,2025,96.8655
20,"Birla Vishvakarma Maha Vidhyalaya(Gia), V.V.Nagar",COMPUTER ENGINEERING,SC,2025,84.5574
20,"Birla Vishvakarma Maha Vidhyalaya(Gia), V.V.Nagar",COMPUTER ENGINEERING,SEBC,2025,95.4764
20,"Birla Vishvakarma Maha Vidhyalaya(Gia), V.V.Nagar",COMPUTER ENGINEERING,ST,2025,40.6583
20,"Birla Vishvakarma Maha Vidhyalaya(Gia), V.V.Nagar",COMPUTER ENGINEERING,TFWS,2025,98.6414
20,"Birla Vishvakarma Maha Vidhyalaya(Gia), V.V.Nagar",ELECTRICAL ENGINEERING,EWS,2025,65.0315
20,"Birla Vishvakarma Maha Vidhyalaya(Gia), V.V.Nagar",ELECTRICAL ENGINEERING,OPEN,2025,74.5436
20,"Birla Vishvakarma Maha Vidhyalaya(Gia), V.V.Nagar",ELECTRICAL ENGINEERING,SC,2025,40.8838
20,"Birla Vishvakarma Maha Vidhyalaya(Gia), V.V.Nagar",ELECTRICAL ENGINEERING,SEBC,2025,66.7117
20,"Birla Vishvakarma Maha Vidhyalaya(Gia), V.V.Nagar",ELECTRICAL ENGINEERING,ST,2025,13.6913
20,"Birla Vishvakarma Maha Vidhyalaya(Gia), V.V.Nagar",ELECTRICAL ENGINEERING,TFWS,2025,83.6825
20,"Birla Vishvakarma Maha Vidhyalaya(Gia), V.V.Nagar",ELECTRONICS ENGINEERING,EWS,2025,80.5452
20,"Birla Vishvakarma Maha Vidhyalaya(Gia), V.V.Nagar",ELECTRONICS ENGINEERING,OPEN,2025,82.2488
20,"Birla Vishvakarma Maha Vidhyalaya(Gia), V.V.Nagar",ELECTRONICS ENGINEERING,SC,2025,14.0834
20,"Birla Vishvakarma Maha Vidhyalaya(Gia), V.V.Nagar",ELECTRONICS ENGINEERING,SEBC,2025,69.5872
20,"Birla Vishvakarma Maha Vidhyalaya(Gia), V.V.Nagar",ELECTRONICS ENGINEERING,ST,2025,10.2103
20,"Birla Vishvakarma Maha Vidhyalaya(Gia), V.V.Nagar",ELECTRONICS ENGINEERING,TFWS,2025,91.9095
20,"Birla Vishvakarma Maha Vidhyalaya(Gia), V.V.Nagar",MECHANICAL ENGINEERING,ESM,2025,29.7134
20,"Birla Vishvakarma Maha Vidhyalaya(Gia), V.V.Nagar",MECHANICAL ENGINEERING,EWS,2025,73.2743
20,"Birla Vishvakarma Maha Vidhyalaya(Gia), V.V.Nagar",MECHANICAL ENGINEERING,OPEN,2025,76.8881
20,"Birla Vishvakarma Maha Vidhyalaya(Gia), V.V.Nagar",MECHANICAL ENGINEERING,SC,2025,42.7207
20,"Birla Vishvakarma Maha Vidhyalaya(Gia), V.V.Nagar",MECHANICAL ENGINEERING,SEBC,2025,66.7773
20,"Birla Vishvakarma Maha Vidhyalaya(Gia), V.V.Nagar",MECHANICAL ENGINEERING,ST,2025,16.8039
20,"Birla Vishvakarma Maha Vidhyalaya(Gia), V.V.Nagar",MECHANICAL ENGINEERING,TFWS,2025,85.8412
20,"Birla Vishvakarma Maha Vidhyalaya(Gia), V.V.Nagar",PRODUCTION ENGINEERING,OPEN,2025,10.9237
21,"Birla Vishvakarma Maha Vidhylaya(Sfi), V.V.Nagar",COMPUTER ENGINEERING,ESM,2025,63.7393
21,"Birla Vishvakarma Maha Vidhylaya(Sfi), V.V.Nagar",COMPUTER ENGINEERING,EWS,2025,93.156
21,"Birla Vishvakarma Maha Vidhylaya(Sfi), V.V.Nagar",COMPUTER ENGINEERING,OPEN,2025,94.2315
21,"Birla Vishvakarma Maha Vidhylaya(Sfi), V.V.Nagar",COMPUTER ENGINEERING,SC,2025,81.2892
21,"Birla Vishvakarma Maha Vidhylaya(Sfi), V.V.Nagar",COMPUTER ENGINEERING,SEBC,2025,89.8859
21,"Birla Vishvakarma Maha Vidhylaya(Sfi), V.V.Nagar",COMPUTER ENGINEERING,ST,2025,11.6742
21,"Birla Vishvakarma Maha Vidhylaya(Sfi), V.V.Nagar",COMPUTER ENGINEERING,TFWS,2025,96.6339
21,"Birla Vishvakarma Maha Vidhylaya(Sfi), V.V.Nagar",ELECTRONICS & COMMUNICATION ENGINEERING,EWS,2025,75.115
21,"Birla Vishvakarma Maha Vidhylaya(Sfi), V.V.Nagar",ELECTRONICS & COMMUNICATION ENGINEERING,OPEN,2025,76.3936
21,"Birla Vishvakarma Maha Vidhylaya(Sfi), V.V.Nagar",ELECTRONICS & COMMUNICATION ENGINEERING,SC,2025,34.765
21,"Birla Vishvakarma Maha Vidhylaya(Sfi), V.V.Nagar",ELECTRONICS & COMMUNICATION ENGINEERING,SEBC,2025,45.6542
21,"Birla Vishvakarma Maha Vidhylaya(Sfi), V.V.Nagar",ELECTRONICS & COMMUNICATION ENGINEERING,TFWS,2025,93.264
21,"Birla Vishvakarma Maha Vidhylaya(Sfi), V.V.Nagar",INFORMATION TECHNOLOGY,EWS,2025,88.9655
21,"Birla Vishvakarma Maha Vidhylaya(Sfi), V.V.Nagar",INFORMATION TECHNOLOGY,OPEN,2025,90.525
21,"Birla Vishvakarma Maha Vidhylaya(Sfi), V.V.Nagar",INFORMATION TECHNOLOGY,SC,2025,29.7967
21,"Birla Vishvakarma Maha Vidhylaya(Sfi), V.V.Nagar",INFORMATION TECHNOLOGY,SEBC,2025,82.226
21,"Birla Vishvakarma Maha Vidhylaya(Sfi), V.V.Nagar",INFORMATION TECHNOLOGY,ST,2025,10.6741
21,"Birla Vishvakarma Maha Vidhylaya(Sfi), V.V.Nagar",INFORMATION TECHNOLOGY,TFWS,2025,96.7107
21,"Birla Vishvakarma Maha Vidhylaya(Sfi), V.V.Nagar",MECHANICAL ENGINEERING,EWS,2025,62.5723
21,"Birla Vishvakarma Maha Vidhylaya(Sfi), V.V.Nagar",MECHANICAL ENGINEERING,OPEN,2025,64.6853
21,"Birla Vishvakarma Maha Vidhylaya(Sfi), V.V.Nagar",MECHANICAL ENGINEERING,SEBC,2025,49.2556
21,"Birla Vishvakarma Maha Vidhylaya(Sfi), V.V.Nagar",MECHANICAL ENGINEERING,TFWS,2025,79.777
22,"C. K. Pithawala College Of Engg. & Tech., Surat",CIVIL ENGINEERING,OPEN,2025,5.6303
22,"C. K. Pithawala College Of Engg. & Tech., Surat",COMPUTER ENGINEERING,EWS,2025,48.0393
22,"C. K. Pithawala College Of Engg. & Tech., Surat",COMPUTER ENGINEERING,OPEN,2025,60.2364
22,"C. K. Pithawala College Of Engg. & Tech., Surat",COMPUTER ENGINEERING,SC,2025,31.1422
22,"C. K. Pithawala College Of Engg. & Tech., Surat",COMPUTER ENGINEERING,SEBC,2025,36.5062
22,"C. K. Pithawala College Of Engg. & Tech., Surat",COMPUTER ENGINEERING,ST,2025,41.639
22,"C. K. Pithawala College Of Engg. & Tech., Surat",COMPUTER ENGINEERING,TFWS,2025,82.2067
22,"C. K. Pithawala College Of Engg. & Tech., Surat",ELECTRICAL ENGINEERING,OPEN,2025,8.0762
22,"C. K. Pithawala College Of Engg. & Tech., Surat",ELECTRICAL ENGINEERING,TFWS,2025,44.0962
22,"C. K. Pithawala College Of Engg. & Tech., Surat",INFORMATION TECHNOLOGY,EWS,2025,44.6397
22,"C. K. Pithawala College Of Engg. & Tech., Surat",INFORMATION TECHNOLOGY,OPEN,2025,48.5068
22,"C. K. Pithawala College Of Engg. & Tech., Surat",INFORMATION TECHNOLOGY,SEBC,2025,31.1539
22,"C. K. Pithawala College Of Engg. & Tech., Surat",INFORMATION TECHNOLOGY,TFWS,2025,83.3067
22,"C. K. Pithawala College Of Engg. & Tech., Surat",MECHANICAL ENGINEERING,OPEN,2025,8.527
23,"C.U.Shah College Of Engg.& Tech.,Wadhvan",COMPUTER ENGINEERING,OPEN,2025,15.7563
26,Charotar University of Science & Technology (CHARUSAT) - Chandubhai S Patel Institute Of,ARTIFICIAL INTELLIGENCE(AI) AND MACHINE LEARNING,EWS,2025,82.6992
26,Charotar University of Science & Technology (CHARUSAT) - Chandubhai S Patel Institute Of,ARTIFICIAL INTELLIGENCE(AI) AND MACHINE LEARNING,OPEN,2025,87.8482
26,Charotar University of Science & Technology (CHARUSAT) - Chandubhai S Patel Institute Of,ARTIFICIAL INTELLIGENCE(AI) AND MACHINE LEARNING,SC,2025,61.0324
26,Charotar University of Science & Technology (CHARUSAT) - Chandubhai S Patel Institute Of,ARTIFICIAL INTELLIGENCE(AI) AND MACHINE LEARNING,SEBC,2025,64.0505
26,Charotar University of Science & Technology (CHARUSAT) - Chandubhai S Patel Institute Of,ARTIFICIAL INTELLIGENCE(AI) AND MACHINE LEARNING,ST,2025,30.9527
26,Charotar University of Science & Technology (CHARUSAT) - Chandubhai S Patel Institute Of,ARTIFICIAL INTELLIGENCE(AI) AND MACHINE LEARNING,TFWS,2025,96.5651
26,Charotar University of Science & Technology (CHARUSAT) - Chandubhai S Patel Institute Of,CIVIL ENGINEERING,OPEN,2025,25.2582
26,Charotar University of Science & Technology (CHARUSAT) - Chandubhai S Patel Institute Of,COMPUTER ENGINEERING,ESM,2025,75.7402
26,Charotar University of Science & Technology (CHARUSAT) - Chandubhai S Patel Institute Of,COMPUTER ENGINEERING,EWS,2025,90.8865
26,Charotar University of Science & Technology (CHARUSAT) - Chandubhai S Patel Institute Of,COMPUTER ENGINEERING,OPEN,2025,91.9178
26,Charotar University of Science & Technology (CHARUSAT) - Chandubhai S Patel Institute Of,COMPUTER ENGINEERING,SC,2025,64.2521
26,Charotar University of Science & Technology (CHARUSAT) - Chandubhai S Patel Institute Of,COMPUTER ENGINEERING,SEBC,2025,82.8557
26,Charotar University of Science & Technology (CHARUSAT) - Chandubhai S Patel Institute Of,COMPUTER ENGINEERING,TFWS,2025,96.641
26,Charotar University of Science & Technology (CHARUSAT) - Chandubhai S Patel Institute Of,COMPUTER SCIENCE & ENGINEERING,ESM,2025,75.0327
26,Charotar University of Science & Technology (CHARUSAT) - Chandubhai S Patel Institute Of,COMPUTER SCIENCE & ENGINEERING,EWS,2025,93.778
26,Charotar University of Science & Technology (CHARUSAT) - Chandubhai S Patel Institute Of,COMPUTER SCIENCE & ENGINEERING,OPEN,2025,94.4716
26,Charotar University of Science & Technology (CHARUSAT) - Chandubhai S Patel Institute Of,COMPUTER SCIENCE & ENGINEERING,SC,2025,79.7437
26,Charotar University of Science & Technology (CHARUSAT) - Chandubhai S Patel Institute Of,COMPUTER SCIENCE & ENGINEERING,SEBC,2025,89.575
26,Charotar University of Science & Technology (CHARUSAT) - Chandubhai S Patel Institute Of,COMPUTER SCIENCE & ENGINEERING,ST,2025,13.0741
26,Charotar University of Science & Technology (CHARUSAT) - Chandubhai S Patel Institute Of,COMPUTER SCIENCE & ENGINEERING,TFWS,2025,97.395
26,Charotar University of Science & Technology (CHARUSAT) - Chandubhai S Patel Institute Of,ELECTRICAL ENGINEERING,EWS,2025,42.2673
26,Charotar University of Science & Technology (CHARUSAT) - Chandubhai S Patel Institute Of,ELECTRICAL ENGINEERING,OPEN,2025,52.0896
26,Charotar University of Science & Technology (CHARUSAT) - Chandubhai S Patel Institute Of,ELECTRICAL ENGINEERING,SEBC,2025,37.494
26,Charotar University of Science & Technology (CHARUSAT) - Chandubhai S Patel Institute Of,ELECTRONICS & COMMUNICATION ENGINEERING,ESM,2025,56.8401
26,Charotar University of Science & Technology (CHARUSAT) - Chandubhai S Patel Institute Of,ELECTRONICS & COMMUNICATION ENGINEERING,EWS,2025,68.8034
26,Charotar University of Science & Technology (CHARUSAT) - Chandubhai S Patel Institute Of,ELECTRONICS & COMMUNICATION ENGINEERING,OPEN,2025,71.5955
26,Charotar University of Science & Technology (CHARUSAT) - Chandubhai S Patel Institute Of,ELECTRONICS & COMMUNICATION ENGINEERING,SC,2025,45.0244
26,Charotar University of Science & Technology (CHARUSAT) - Chandubhai S Patel Institute Of,ELECTRONICS & COMMUNICATION ENGINEERING,SEBC,2025,34.6982
26,Charotar University of Science & Technology (CHARUSAT) - Chandubhai S Patel Institute Of,ELECTRONICS & COMMUNICATION ENGINEERING,TFWS,2025,87.2269
26,Charotar University of Science & Technology (CHARUSAT) - Chandubhai S Patel Institute Of,INFORMATION TECHNOLOGY,ESM,2025,66.0595
26,Charotar University of Science & Technology (CHARUSAT) - Chandubhai S Patel Institute Of,INFORMATION TECHNOLOGY,EWS,2025,86.9495
26,Charotar University of Science & Technology (CHARUSAT) - Chandubhai S Patel Institute Of,INFORMATION TECHNOLOGY,OPEN,2025,88.0021
26,Charotar University of Science & Technology (CHARUSAT) - Chandubhai S Patel Institute Of,INFORMATION TECHNOLOGY,SC,2025,36.4025
26,Charotar University of Science & Technology (CHARUSAT) - Chandubhai S Patel Institute Of,INFORMATION TECHNOLOGY,SEBC,2025,72.0182
26,Charotar University of Science & Technology (CHARUSAT) - Chandubhai S Patel Institute Of,INFORMATION TECHNOLOGY,ST,2025,31.3264
26,Charotar University of Science & Technology (CHARUSAT) - Chandubhai S Patel Institute Of,INFORMATION TECHNOLOGY,TFWS,2025,96.4415
26,Charotar University of Science & Technology (CHARUSAT) - Chandubhai S Patel Institute Of,MECHANICAL ENGINEERING,EWS,2025,36.6332
26,Charotar University of Science & Technology (CHARUSAT) - Chandubhai S Patel Institute Of,MECHANICAL ENGINEERING,OPEN,2025,48.5453
26,Charotar University of Science & Technology (CHARUSAT) - Chandubhai S Patel Institute Of,MECHANICAL ENGINEERING,SEBC,2025,12.8002
28,Charotar University of Science & Technology (CHARUSAT) - Devang Patel Institute of Advance Technology,COMPUTER ENGINEERING,EWS,2025,85.8085
28,Charotar University of Science & Technology (CHARUSAT) - Devang Patel Institute of Advance Technology,COMPUTER ENGINEERING,OPEN,2025,87.384
28,Charotar University of Science & Technology (CHARUSAT) - Devang Patel Institute of Advance Technology,COMPUTER ENGINEERING,SC,2025,70.0147
28,Charotar University of Science & Technology (CHARUSAT) - Devang Patel Institute of Advance Technology,COMPUTER ENGINEERING,SEBC,2025,74.461
28,Charotar University of Science & Technology (CHARUSAT) - Devang Patel Institute of Advance Technology,COMPUTER ENGINEERING,ST,2025,42.16
28,Charotar University of Science & Technology (CHARUSAT) - Devang Patel Institute of Advance Technology,COMPUTER ENGINEERING,TFWS,2025,95.7785
28,Charotar University of Science & Technology (CHARUSAT) - Devang Patel Institute of Advance Technology,COMPUTER SCIENCE & ENGINEERING,EWS,2025,87.4413
28,Charotar University of Science & Technology (CHARUSAT) - Devang Patel Institute of Advance Technology,COMPUTER SCIENCE & ENGINEERING,OPEN,2025,89.4395
28,Charotar University of Science & Technology (CHARUSAT) - Devang Patel Institute of Advance Technology,COMPUTER SCIENCE & ENGINEERING,SC,2025,72.8446
28,Charotar University of Science & Technology (CHARUSAT) - Devang Patel Institute of Advance Technology,COMPUTER SCIENCE & ENGINEERING,SEBC,2025,78.0509
28,Charotar University of Science & Technology (CHARUSAT) - Devang Patel Institute of Advance Technology,COMPUTER SCIENCE & ENGINEERING,ST,2025,11.1349
28,Charotar University of Science & Technology (CHARUSAT) - Devang Patel Institute of Advance Technology,COMPUTER SCIENCE & ENGINEERING,TFWS,2025,95.7889
28,Charotar University of Science & Technology (CHARUSAT) - Devang Patel Institute of Advance Technology,INFORMATION TECHNOLOGY,ESM,2025,51.0075
28,Charotar University of Science & Technology (CHARUSAT) - Devang Patel Institute of Advance Technology,INFORMATION TECHNOLOGY,EWS,2025,82.0308
28,Charotar University of Science & Technology (CHARUSAT) - Devang Patel Institute of Advance Technology,INFORMATION TECHNOLOGY,OPEN,2025,83.8663
28,Charotar University of Science & Technology (CHARUSAT) - Devang Patel Institute of Advance Technology,INFORMATION TECHNOLOGY,SC,2025,43.5859
28,Charotar University of Science & Technology (CHARUSAT) - Devang Patel Institute of Advance Technology,INFORMATION TECHNOLOGY,SEBC,2025,63.2911
28,Charotar University of Science & Technology (CHARUSAT) - Devang Patel Institute of Advance Technology,INFORMATION TECHNOLOGY,TFWS,2025,94.9219
30,"Chhotubhai Gopalbhai Patel Institute Of Tech., Tarsadi, Bardoli",AGRICULTURAL TECHNOLOGY,OPEN,2025,79.6703
30,"Chhotubhai Gopalbhai Patel Institute Of Tech., Tarsadi, Bardoli",AGRICULTURAL TECHNOLOGY,TFWS,2025,59.3331
30,"Chhotubhai Gopalbhai Patel Institute Of Tech., Tarsadi, Bardoli",ARTIFICIAL INTELLIGENCE AND DATA SCIENCE,OPEN,2025,10.6417
30,"Chhotubhai Gopalbhai Patel Institute Of Tech., Tarsadi, Bardoli",CHEMICAL ENGINEERING,OPEN,2025,15.8864
30,"Chhotubhai Gopalbhai Patel Institute Of Tech., Tarsadi, Bardoli",CIVIL ENGINEERING,OPEN,2025,23.1678
30,"Chhotubhai Gopalbhai Patel Institute Of Tech., Tarsadi, Bardoli",COMPUTER ENGINEERING,OPEN,2025,12.7044
30,"Chhotubhai Gopalbhai Patel Institute Of Tech., Tarsadi, Bardoli",COMPUTER ENGINEERING,TFWS,2025,73.3103
30,"Chhotubhai Gopalbhai Patel Institute Of Tech., Tarsadi, Bardoli",CYBER SECURITY,OPEN,2025,40.2469
30,"Chhotubhai Gopalbhai Patel Institute Of Tech., Tarsadi, Bardoli",ELECTRICAL ENGINEERING,OPEN,2025,10.0531
30,"Chhotubhai Gopalbhai Patel Institute Of Tech., Tarsadi, Bardoli",ELECTRONICS & COMMUNICATION ENGINEERING,OPEN,2025,21.0877
30,"Chhotubhai Gopalbhai Patel Institute Of Tech., Tarsadi, Bardoli",INFORMATION & COMMUNICATION TECHNOLOGY,OPEN,2025,63.6609
30,"Chhotubhai Gopalbhai Patel Institute Of Tech., Tarsadi, Bardoli",INFORMATION TECHNOLOGY,OPEN,2025,13.7861
30,"Chhotubhai Gopalbhai Patel Institute Of Tech., Tarsadi, Bardoli",INFORMATION TECHNOLOGY,TFWS,2025,68.0075
30,"Chhotubhai Gopalbhai Patel Institute Of Tech., Tarsadi, Bardoli",MECHANICAL ENGINEERING,OPEN,2025,20.9981
30,"Chhotubhai Gopalbhai Patel Institute Of Tech., Tarsadi, Bardoli",MECHATRONICS ENGINEERING,OPEN,2025,20.2909
31,"D. A. Degree Engineering and Technology, Mahemdabad, Kheda",COMPUTER ENGINEERING,OPEN,2025,11.0181
31,"D. A. Degree Engineering and Technology, Mahemdabad, Kheda",MECHANICAL ENGINEERING,OPEN,2025,24.5704
32,DR. S & S.S.Ghandhi Government Engineering College Surat,CIVIL ENGINEERING,EWS,2025,28.2175
32,DR. S & S.S.Ghandhi Government Engineering College Surat,CIVIL ENGINEERING,OPEN,2025,47.6456
32,DR. S & S.S.Ghandhi Government Engineering College Surat,CIVIL ENGINEERING,SC,2025,7.2775
32,DR. S & S.S.Ghandhi Government Engineering College Surat,CIVIL ENGINEERING,SEBC,2025,9.4392
32,DR. S & S.S.Ghandhi Government Engineering College Surat,CIVIL ENGINEERING,ST,2025,13.5051
32,DR. S & S.S.Ghandhi Government Engineering College Surat,CIVIL ENGINEERING,TFWS,2025,69.216
32,DR. S & S.S.Ghandhi Government Engineering College Surat,COMPUTER ENGINEERING,ESM,2025,74.2422
32,DR. S & S.S.Ghandhi Government Engineering College Surat,COMPUTER ENGINEERING,EWS,2025,87.0146
32,DR. S & S.S.Ghandhi Government Engineering College Surat,COMPUTER ENGINEERING,OPEN,2025,90.1294
32,DR. S & S.S.Ghandhi Government Engineering College Surat,COMPUTER ENGINEERING,SC,2025,40.1779
32,DR. S & S.S.Ghandhi Government Engineering College Surat,COMPUTER ENGINEERING,SEBC,2025,84.7117
32,DR. S & S.S.Ghandhi Government Engineering College Surat,COMPUTER ENGINEERING,ST,2025,42.7442
32,DR. S & S.S.Ghandhi Government Engineering College Surat,COMPUTER ENGINEERING,TFWS,2025,94.7841
32,DR. S & S.S.Ghandhi Government Engineering College Surat,ELECTRICAL ENGINEERING,EWS,2025,22.0287
32,DR. S & S.S.Ghandhi Government Engineering College Surat,ELECTRICAL ENGINEERING,OPEN,2025,49.6286
32,DR. S & S.S.Ghandhi Government Engineering College Surat,ELECTRICAL ENGINEERING,SC,2025,20.9819
32,DR. S & S.S.Ghandhi Government Engineering College Surat,ELECTRICAL ENGINEERING,SEBC,2025,10.5173
32,DR. S & S.S.Ghandhi Government Engineering College Surat,ELECTRICAL ENGINEERING,ST,2025,33.9839
32,DR. S & S.S.Ghandhi Government Engineering College Surat,ELECTRICAL ENGINEERING,TFWS,2025,70.5564
32,DR. S & S.S.Ghandhi Government Engineering College Surat,ELECTRONICS & COMMUNICATION ENGINEERING,EWS,2025,62.6314
32,DR. S & S.S.Ghandhi Government Engineering College Surat,ELECTRONICS & COMMUNICATION ENGINEERING,OPEN,2025,67.7691
32,DR. S & S.S.Ghandhi Government Engineering College Surat,ELECTRONICS & COMMUNICATION ENGINEERING,SC,2025,13.704
32,DR. S & S.S.Ghandhi Government Engineering College Surat,ELECTRONICS & COMMUNICATION ENGINEERING,SEBC,2025,44.1574
32,DR. S & S.S.Ghandhi Government Engineering College Surat,ELECTRONICS & COMMUNICATION ENGINEERING,ST,2025,17.3196
32,DR. S & S.S.Ghandhi Government Engineering College Surat,ELECTRONICS & COMMUNICATION ENGINEERING,TFWS,2025,81.9144
32,DR. S & S.S.Ghandhi Government Engineering College Surat,ENVIRONMENTAL ENGINEERING,OPEN,2025,7.3787
32,DR. S & S.S.Ghandhi Government Engineering College Surat,MECHANICAL ENGINEERING,EWS,2025,35.7009
32,DR. S & S.S.Ghandhi Government Engineering College Surat,MECHANICAL ENGINEERING,OPEN,2025,51.3742
32,DR. S & S.S.Ghandhi Government Engineering College Surat,MECHANICAL ENGINEERING,SC,2025,8.521
32,DR. S & S.S.Ghandhi Government Engineering College Surat,MECHANICAL ENGINEERING,SEBC,2025,19.3141
32,DR. S & S.S.Ghandhi Government Engineering College Surat,MECHANICAL ENGINEERING,ST,2025,10.4182
32,DR. S & S.S.Ghandhi Government Engineering College Surat,MECHANICAL ENGINEERING,TFWS,2025,74.2136
33,"Dalia Institute of Technology, Kanera",CIVIL ENGINEERING,OPEN,2025,27.1976
34,"Darshan Institute Of Engg. & Tech., Rajkot-Morbi Highway, Hadala",CIVIL ENGINEERING,OPEN,2025,24.1365
34,"Darshan Institute Of Engg. & Tech., Rajkot-Morbi Highway, Hadala",CIVIL ENGINEERING,TFWS,2025,77.3621
34,"Darshan Institute Of Engg. & Tech., Rajkot-Morbi Highway, Hadala",COMPUTER SCIENCE & ENGINEERING,EWS,2025,78.0127
34,"Darshan Institute Of Engg. & Tech., Rajkot-Morbi Highway, Hadala",COMPUTER SCIENCE & ENGINEERING,OPEN,2025,81.5633
34,"Darshan Institute Of Engg. & Tech., Rajkot-Morbi Highway, Hadala",COMPUTER SCIENCE & ENGINEERING,SC,2025,27.6259
34,"Darshan Institute Of Engg. & Tech., Rajkot-Morbi Highway, Hadala",COMPUTER SCIENCE & ENGINEERING,SEBC,2025,64.4045
34,"Darshan Institute Of Engg. & Tech., Rajkot-Morbi Highway, Hadala",COMPUTER SCIENCE & ENGINEERING,TFWS,2025,93.6575
34,"Darshan Institute Of Engg. & Tech., Rajkot-Morbi Highway, Hadala",MECHANICAL ENGINEERING,OPEN,2025,28.5382
37,"Dhirubhai Ambani Institute of Info. & Comm. Tech., Gandhinagar",ELECTRONICS ENGINEERING (VLSI DESIGN AND TECHNOLOGY),EWS,2025,99.0482
37,"Dhirubhai Ambani Institute of Info. & Comm. Tech., Gandhinagar",ELECTRONICS ENGINEERING (VLSI DESIGN AND TECHNOLOGY),OPEN,2025,99.1939
37,"Dhirubhai Ambani Institute of Info. & Comm. Tech., Gandhinagar",ELECTRONICS ENGINEERING (VLSI DESIGN AND TECHNOLOGY),SC,2025,90.9392
37,"Dhirubhai Ambani Institute of Info. & Comm. Tech., Gandhinagar",ELECTRONICS ENGINEERING (VLSI DESIGN AND TECHNOLOGY),SEBC,2025,98.279
37,"Dhirubhai Ambani Institute of Info. & Comm. Tech., Gandhinagar",ELECTRONICS ENGINEERING (VLSI DESIGN AND TECHNOLOGY),ST,2025,38.876
37,"Dhirubhai Ambani Institute of Info. & Comm. Tech., Gandhinagar",ELECTRONICS ENGINEERING (VLSI DESIGN AND TECHNOLOGY),TFWS,2025,99.7149
37,"Dhirubhai Ambani Institute of Info. & Comm. Tech., Gandhinagar",HONS. IN ICT WITH MINOR IN COMPUTATIONAL SCIENCE (CS),EWS,2025,99.6496
37,"Dhirubhai Ambani Institute of Info. & Comm. Tech., Gandhinagar",HONS. IN ICT WITH MINOR IN COMPUTATIONAL SCIENCE (CS),OPEN,2025,99.7236
37,"Dhirubhai Ambani Institute of Info. & Comm. Tech., Gandhinagar",HONS. IN ICT WITH MINOR IN COMPUTATIONAL SCIENCE (CS),SC,2025,99.4491
37,"Dhirubhai Ambani Institute of Info. & Comm. Tech., Gandhinagar",HONS. IN ICT WITH MINOR IN COMPUTATIONAL SCIENCE (CS),SEBC,2025,98.8037
37,"Dhirubhai Ambani Institute of Info. & Comm. Tech., Gandhinagar",HONS. IN ICT WITH MINOR IN COMPUTATIONAL SCIENCE (CS),ST,2025,91.6596
37,"Dhirubhai Ambani Institute of Info. & Comm. Tech., Gandhinagar",HONS. IN ICT WITH MINOR IN COMPUTATIONAL SCIENCE (CS),TFWS,2025,99.9556
37,"Dhirubhai Ambani Institute of Info. & Comm. Tech., Gandhinagar",INFORMATION & COMMUNICATION TECHNOLOGY,ESM,2025,94.0844
37,"Dhirubhai Ambani Institute of Info. & Comm. Tech., Gandhinagar",INFORMATION & COMMUNICATION TECHNOLOGY,EWS,2025,99.515
37,"Dhirubhai Ambani Institute of Info. & Comm. Tech., Gandhinagar",INFORMATION & COMMUNICATION TECHNOLOGY,OPEN,2025,99.5978
37,"Dhirubhai Ambani Institute of Info. & Comm. Tech., Gandhinagar",INFORMATION & COMMUNICATION TECHNOLOGY,SC,2025,96.7799
37,"Dhirubhai Ambani Institute of Info. & Comm. Tech., Gandhinagar",INFORMATION & COMMUNICATION TECHNOLOGY,SEBC,2025,98.6747
37,"Dhirubhai Ambani Institute of Info. & Comm. Tech., Gandhinagar",INFORMATION & COMMUNICATION TECHNOLOGY,ST,2025,62.6921
37,"Dhirubhai Ambani Institute of Info. & Comm. Tech., Gandhinagar",INFORMATION & COMMUNICATION TECHNOLOGY,TFWS,2025,99.8635
37,"Dhirubhai Ambani Institute of Info. & Comm. Tech., Gandhinagar",MATHEMATICS AND COMPUTING,EWS,2025,99.653
37,"Dhirubhai Ambani Institute of Info. & Comm. Tech., Gandhinagar",MATHEMATICS AND COMPUTING,OPEN,2025,99.7644
37,"Dhirubhai Ambani Institute of Info. & Comm. Tech., Gandhinagar",MATHEMATICS AND COMPUTING,SC,2025,96.9492
37,"Dhirubhai Ambani Institute of Info. & Comm. Tech., Gandhinagar",MATHEMATICS AND COMPUTING,SEBC,2025,99.1767
37,"Dhirubhai Ambani Institute of Info. & Comm. Tech., Gandhinagar",MATHEMATICS AND COMPUTING,ST,2025,73.9954
37,"Dhirubhai Ambani Institute of Info. & Comm. Tech., Gandhinagar",MATHEMATICS AND COMPUTING,TFWS,2025,99.8635
38,"Dr. Jivraj Mehta Institute Of Technology, Anand",CIVIL ENGINEERING,OPEN,2025,13.5545
38,"Dr. Jivraj Mehta Institute Of Technology, Anand",COMPUTER ENGINEERING,OPEN,2025,21.5278
38,"Dr. Jivraj Mehta Institute Of Technology, Anand",INFORMATION TECHNOLOGY,OPEN,2025,32.6446
39,"Dr. Subhash University, School of Engineering & Technology, Junagadh",COMPUTER SCIENCE & ENGINEERING,OPEN,2025,31.1478
40,"Dr. V.R. Godhania College of Engg. & Tech., Porbandar",CIVIL ENGINEERING,OPEN,2025,15.4001
40,"Dr. V.R. Godhania College of Engg. & Tech., Porbandar",COMPUTER ENGINEERING,OPEN,2025,35.7471
41,"Engineering College, Tuwa, Godhara",CIVIL ENGINEERING,OPEN,2025,22.6753
41,"Engineering College, Tuwa, Godhara",COMPUTER ENGINEERING,OPEN,2025,8.157
42,"Faculty Of Technology & Engineering(MSU)(SFI), Vadodara",COMPUTER SCIENCE & ENGINEERING,ESM,2025,82.7327
42,"Faculty Of Technology & Engineering(MSU)(SFI), Vadodara",COMPUTER SCIENCE & ENGINEERING,EWS,2025,93.1927
42,"Faculty Of Technology & Engineering(MSU)(SFI), Vadodara",COMPUTER SCIENCE & ENGINEERING,OPEN,2025,95.2984
42,"Faculty Of Technology & Engineering(MSU)(SFI), Vadodara",COMPUTER SCIENCE & ENGINEERING,SC,2025,85.2244
42,"Faculty Of Technology & Engineering(MSU)(SFI), Vadodara",COMPUTER SCIENCE & ENGINEERING,SEBC,2025,90.669
42,"Faculty Of Technology & Engineering(MSU)(SFI), Vadodara",COMPUTER SCIENCE & ENGINEERING,ST,2025,42.9612
42,"Faculty Of Technology & Engineering(MSU)(SFI), Vadodara",COMPUTER SCIENCE & ENGINEERING,TFWS,2025,97.2261
43,"Faculty Of Technology & Engineering(MSU), Vadodara",CHEMICAL ENGINEERING,ESM,2025,63.8824
43,"Faculty Of Technology & Engineering(MSU), Vadodara",CHEMICAL ENGINEERING,EWS,2025,90.9015
43,"Faculty Of Technology & Engineering(MSU), Vadodara",CHEMICAL ENGINEERING,OPEN,2025,92.7312
43,"Faculty Of Technology & Engineering(MSU), Vadodara",CHEMICAL ENGINEERING,SC,2025,68.5915
43,"Faculty Of Technology & Engineering(MSU), Vadodara",CHEMICAL ENGINEERING,SEBC,2025,81.7672
43,"Faculty Of Technology & Engineering(MSU), Vadodara",CHEMICAL ENGINEERING,ST,2025,57.709
43,"Faculty Of Technology & Engineering(MSU), Vadodara",CHEMICAL ENGINEERING,TFWS,2025,95.4589
43,"Faculty Of Technology & Engineering(MSU), Vadodara",CIVIL ENGINEERING,ESM,2025,45.9886
43,"Faculty Of Technology & Engineering(MSU), Vadodara",CIVIL ENGINEERING,EWS,2025,62.2441
43,"Faculty Of Technology & Engineering(MSU), Vadodara",CIVIL ENGINEERING,OPEN,2025,70.0191
43,"Faculty Of Technology & Engineering(MSU), Vadodara",CIVIL ENGINEERING,SC,2025,36.7255
43,"Faculty Of Technology & Engineering(MSU), Vadodara",CIVIL ENGINEERING,SEBC,2025,56.5871
43,"Faculty Of Technology & Engineering(MSU), Vadodara",CIVIL ENGINEERING,ST,2025,26.428
43,"Faculty Of Technology & Engineering(MSU), Vadodara",CIVIL ENGINEERING,TFWS,2025,84.5775
43,"Faculty Of Technology & Engineering(MSU), Vadodara",CIVIL IRRIGATION WATER MANAGEMENT,OPEN,2025,6.3496
43,"Faculty Of Technology & Engineering(MSU), Vadodara",COMPUTER SCIENCE & ENGINEERING,ESM,2025,84.0541
43,"Faculty Of Technology & Engineering(MSU), Vadodara",COMPUTER SCIENCE & ENGINEERING,EWS,2025,95.9618
43,"Faculty Of Technology & Engineering(MSU), Vadodara",COMPUTER SCIENCE & ENGINEERING,OPEN,2025,97.6128
43,"Faculty Of Technology & Engineering(MSU), Vadodara",COMPUTER SCIENCE & ENGINEERING,SC,2025,86.4818
43,"Faculty Of Technology & Engineering(MSU), Vadodara",COMPUTER SCIENCE & ENGINEERING,SEBC,2025,96.352
43,"Faculty Of Technology & Engineering(MSU), Vadodara",COMPUTER SCIENCE & ENGINEERING,ST,2025,74.2422
43,"Faculty Of Technology & Engineering(MSU), Vadodara",COMPUTER SCIENCE & ENGINEERING,TFWS,2025,98.6123
43,"Faculty Of Technology & Engineering(MSU), Vadodara",ELECTRICAL ENGINEERING,EWS,2025,75.4994
43,"Faculty Of Technology & Engineering(MSU), Vadodara",ELECTRICAL ENGINEERING,OPEN,2025,81.9611
43,"Faculty Of Technology & Engineering(MSU), Vadodara",ELECTRICAL ENGINEERING,SC,2025,55.6757
43,"Faculty Of Technology & Engineering(MSU), Vadodara",ELECTRICAL ENGINEERING,SEBC,2025,73.2804
43,"Faculty Of Technology & Engineering(MSU), Vadodara",ELECTRICAL ENGINEERING,ST,2025,26.1624
43,"Faculty Of Technology & Engineering(MSU), Vadodara",ELECTRICAL ENGINEERING,TFWS,2025,88.9294
43,"Faculty Of Technology & Engineering(MSU), Vadodara",ELECTRONICS ENGINEERING,ESM,2025,69.6486
43,"Faculty Of Technology & Engineering(MSU), Vadodara",ELECTRONICS ENGINEERING,EWS,2025,88.5275
43,"Faculty Of Technology & Engineering(MSU), Vadodara",ELECTRONICS ENGINEERING,OPEN,2025,90.3408
43,"Faculty Of Technology & Engineering(MSU), Vadodara",ELECTRONICS ENGINEERING,SC,2025,63.8666
43,"Faculty Of Technology & Engineering(MSU), Vadodara",ELECTRONICS ENGINEERING,SEBC,2025,77.8187
43,"Faculty Of Technology & Engineering(MSU), Vadodara",ELECTRONICS ENGINEERING,ST,2025,55.588
43,"Faculty Of Technology & Engineering(MSU), Vadodara",ELECTRONICS ENGINEERING,TFWS,2025,91.508
43,"Faculty Of Technology & Engineering(MSU), Vadodara",MECHANICAL ENGINEERING,ESM,2025,79.3944
43,"Faculty Of Technology & Engineering(MSU), Vadodara",MECHANICAL ENGINEERING,EWS,2025,79.6623
43,"Faculty Of Technology & Engineering(MSU), Vadodara",MECHANICAL ENGINEERING,OPEN,2025,85.1327
43,"Faculty Of Technology & Engineering(MSU), Vadodara",MECHANICAL ENGINEERING,SC,2025,60.3248
43,"Faculty Of Technology & Engineering(MSU), Vadodara",MECHANICAL ENGINEERING,SEBC,2025,77.6484
43,"Faculty Of Technology & Engineering(MSU), Vadodara",MECHANICAL ENGINEERING,ST,2025,12.2797
43,"Faculty Of Technology & Engineering(MSU), Vadodara",MECHANICAL ENGINEERING,TFWS,2025,91.8326
43,"Faculty Of Technology & Engineering(MSU), Vadodara",METALLURGICAL AND MATERIALS ENGINEERING,EWS,2025,31.7322
43,"Faculty Of Technology & Engineering(MSU), Vadodara",METALLURGICAL AND MATERIALS ENGINEERING,OPEN,2025,49.1306
43,"Faculty Of Technology & Engineering(MSU), Vadodara",METALLURGICAL AND MATERIALS ENGINEERING,SC,2025,28.0566
43,"Faculty Of Technology & Engineering(MSU), Vadodara",METALLURGICAL AND MATERIALS ENGINEERING,SEBC,2025,9.0626
43,"Faculty Of Technology & Engineering(MSU), Vadodara",METALLURGICAL AND MATERIALS ENGINEERING,TFWS,2025,64.0287
43,"Faculty Of Technology & Engineering(MSU), Vadodara",TEXTILE ENGINEERING,OPEN,2025,9.4511
43,"Faculty Of Technology & Engineering(MSU), Vadodara",TEXTILE PROCESSING,OPEN,2025,31.5034
43,"Faculty Of Technology & Engineering(MSU), Vadodara",TEXTILE TECHNOLOGY,OPEN,2025,13.7336
44,"Faculty Of Technology And Engineering(GIA), Dharmsinh Desai University, (DDU), Nadiad",CHEMICAL ENGINEERING,EWS,2025,86.947
44,"Faculty Of Technology And Engineering(GIA), Dharmsinh Desai University, (DDU), Nadiad",CHEMICAL ENGINEERING,OPEN,2025,88.155
44,"Faculty Of Technology And Engineering(GIA), Dharmsinh Desai University, (DDU), Nadiad",CHEMICAL ENGINEERING,SC,2025,68.8318
44,"Faculty Of Technology And Engineering(GIA), Dharmsinh Desai University, (DDU), Nadiad",CHEMICAL ENGINEERING,SEBC,2025,79.4012
44,"Faculty Of Technology And Engineering(GIA), Dharmsinh Desai University, (DDU), Nadiad",CHEMICAL ENGINEERING,ST,2025,28.5882
44,"Faculty Of Technology And Engineering(GIA), Dharmsinh Desai University, (DDU), Nadiad",CHEMICAL ENGINEERING,TFWS,2025,96.1313
44,"Faculty Of Technology And Engineering(GIA), Dharmsinh Desai University, (DDU), Nadiad",CIVIL ENGINEERING,EWS,2025,42.9023
44,"Faculty Of Technology And Engineering(GIA), Dharmsinh Desai University, (DDU), Nadiad",CIVIL ENGINEERING,OPEN,2025,61.9462
44,"Faculty Of Technology And Engineering(GIA), Dharmsinh Desai University, (DDU), Nadiad",CIVIL ENGINEERING,SC,2025,21.4904
44,"Faculty Of Technology And Engineering(GIA), Dharmsinh Desai University, (DDU), Nadiad",CIVIL ENGINEERING,SEBC,2025,44.6942
44,"Faculty Of Technology And Engineering(GIA), Dharmsinh Desai University, (DDU), Nadiad",CIVIL ENGINEERING,ST,2025,33.5536
44,"Faculty Of Technology And Engineering(GIA), Dharmsinh Desai University, (DDU), Nadiad",CIVIL ENGINEERING,TFWS,2025,81.538
44,"Faculty Of Technology And Engineering(GIA), Dharmsinh Desai University, (DDU), Nadiad",COMPUTER ENGINEERING,ESM,2025,95.0183
44,"Faculty Of Technology And Engineering(GIA), Dharmsinh Desai University, (DDU), Nadiad",COMPUTER ENGINEERING,EWS,2025,98.9196
44,"Faculty Of Technology And Engineering(GIA), Dharmsinh Desai University, (DDU), Nadiad",COMPUTER ENGINEERING,OPEN,2025,99.1972
44,"Faculty Of Technology And Engineering(GIA), Dharmsinh Desai University, (DDU), Nadiad",COMPUTER ENGINEERING,SC,2025,94.6623
44,"Faculty Of Technology And Engineering(GIA), Dharmsinh Desai University, (DDU), Nadiad",COMPUTER ENGINEERING,SEBC,2025,98.6038
44,"Faculty Of Technology And Engineering(GIA), Dharmsinh Desai University, (DDU), Nadiad",COMPUTER ENGINEERING,ST,2025,50.3751
44,"Faculty Of Technology And Engineering(GIA), Dharmsinh Desai University, (DDU), Nadiad",COMPUTER ENGINEERING,TFWS,2025,99.6496
44,"Faculty Of Technology And Engineering(GIA), Dharmsinh Desai University, (DDU), Nadiad",ELECTRONICS & COMMUNICATION ENGINEERING,ESM,2025,49.1005
44,"Faculty Of Technology And Engineering(GIA), Dharmsinh Desai University, (DDU), Nadiad",ELECTRONICS & COMMUNICATION ENGINEERING,EWS,2025,95.2119
44,"Faculty Of Technology And Engineering(GIA), Dharmsinh Desai University, (DDU), Nadiad",ELECTRONICS & COMMUNICATION ENGINEERING,OPEN,2025,95.5632
44,"Faculty Of Technology And Engineering(GIA), Dharmsinh Desai University, (DDU), Nadiad",ELECTRONICS & COMMUNICATION ENGINEERING,SC,2025,56.2289
44,"Faculty Of Technology And Engineering(GIA), Dharmsinh Desai University, (DDU), Nadiad",ELECTRONICS & COMMUNICATION ENGINEERING,SEBC,2025,89.5606
44,"Faculty Of Technology And Engineering(GIA), Dharmsinh Desai University, (DDU), Nadiad",ELECTRONICS & COMMUNICATION ENGINEERING,ST,2025,25.0272
44,"Faculty Of Technology And Engineering(GIA), Dharmsinh Desai University, (DDU), Nadiad",ELECTRONICS & COMMUNICATION ENGINEERING,TFWS,2025,97.7822
44,"Faculty Of Technology And Engineering(GIA), Dharmsinh Desai University, (DDU), Nadiad",INSTRUMENTATION & CONTROL ENGINEERING,EWS,2025,68.3321
44,"Faculty Of Technology And Engineering(GIA), Dharmsinh Desai University, (DDU), Nadiad",INSTRUMENTATION & CONTROL ENGINEERING,OPEN,2025,74.8051
44,"Faculty Of Technology And Engineering(GIA), Dharmsinh Desai University, (DDU), Nadiad",INSTRUMENTATION & CONTROL ENGINEERING,SC,2025,33.5996
44,"Faculty Of Technology And Engineering(GIA), Dharmsinh Desai University, (DDU), Nadiad",INSTRUMENTATION & CONTROL ENGINEERING,SEBC,2025,55.245
44,"Faculty Of Technology And Engineering(GIA), Dharmsinh Desai University, (DDU), Nadiad",INSTRUMENTATION & CONTROL ENGINEERING,TFWS,2025,86.0659
45,"Faculty Of Technology(Sfi), Dharmsinh Desai University, Nadiad",CHEMICAL ENGINEERING,EWS,2025,70.8875
45,"Faculty Of Technology(Sfi), Dharmsinh Desai University, Nadiad",CHEMICAL ENGINEERING,OPEN,2025,73.7339
45,"Faculty Of Technology(Sfi), Dharmsinh Desai University, Nadiad",CHEMICAL ENGINEERING,SC,2025,35.947
45,"Faculty Of Technology(Sfi), Dharmsinh Desai University, Nadiad",CHEMICAL ENGINEERING,SEBC,2025,60.4496
45,"Faculty Of Technology(Sfi), Dharmsinh Desai University, Nadiad",CHEMICAL ENGINEERING,TFWS,2025,89.3147
45,"Faculty Of Technology(Sfi), Dharmsinh Desai University, Nadiad",COMPUTER ENGINEERING,ESM,2025,91.6435
45,"Faculty Of Technology(Sfi), Dharmsinh Desai University, Nadiad",COMPUTER ENGINEERING,EWS,2025,98.1544
45,"Faculty Of Technology(Sfi), Dharmsinh Desai University, Nadiad",COMPUTER ENGINEERING,OPEN,2025,98.5009
45,"Faculty Of Technology(Sfi), Dharmsinh Desai University, Nadiad",COMPUTER ENGINEERING,SC,2025,92.1465
45,"Faculty Of Technology(Sfi), Dharmsinh Desai University, Nadiad",COMPUTER ENGINEERING,SEBC,2025,96.6992
45,"Faculty Of Technology(Sfi), Dharmsinh Desai University, Nadiad",COMPUTER ENGINEERING,ST,2025,26.5997
45,"Faculty Of Technology(Sfi), Dharmsinh Desai University, Nadiad",COMPUTER ENGINEERING,TFWS,2025,99.4381
45,"Faculty Of Technology(Sfi), Dharmsinh Desai University, Nadiad",ELECTRONICS & COMMUNICATION ENGINEERING,EWS,2025,88.8572
45,"Faculty Of Technology(Sfi), Dharmsinh Desai University, Nadiad",ELECTRONICS & COMMUNICATION ENGINEERING,OPEN,2025,89.9768
45,"Faculty Of Technology(Sfi), Dharmsinh Desai University, Nadiad",ELECTRONICS & COMMUNICATION ENGINEERING,SC,2025,27.6041
45,"Faculty Of Technology(Sfi), Dharmsinh Desai University, Nadiad",ELECTRONICS & COMMUNICATION ENGINEERING,SEBC,2025,84.6884
45,"Faculty Of Technology(Sfi), Dharmsinh Desai University, Nadiad",ELECTRONICS & COMMUNICATION ENGINEERING,TFWS,2025,96.1152
45,"Faculty Of Technology(Sfi), Dharmsinh Desai University, Nadiad",INFORMATION TECHNOLOGY,EWS,2025,95.3937
45,"Faculty Of Technology(Sfi), Dharmsinh Desai University, Nadiad",INFORMATION TECHNOLOGY,OPEN,2025,96.46
45,"Faculty Of Technology(Sfi), Dharmsinh Desai University, Nadiad",INFORMATION TECHNOLOGY,SC,2025,74.8921
45,"Faculty Of Technology(Sfi), Dharmsinh Desai University, Nadiad",INFORMATION TECHNOLOGY,SEBC,2025,92.278
45,"Faculty Of Technology(Sfi), Dharmsinh Desai University, Nadiad",INFORMATION TECHNOLOGY,ST,2025,20.4558
45,"Faculty Of Technology(Sfi), Dharmsinh Desai University, Nadiad",INFORMATION TECHNOLOGY,TFWS,2025,98.3145
45,"Faculty Of Technology(Sfi), Dharmsinh Desai University, Nadiad",INSTRUMENTATION & CONTROL ENGINEERING,EWS,2025,55.7447
45,"Faculty Of Technology(Sfi), Dharmsinh Desai University, Nadiad",INSTRUMENTATION & CONTROL ENGINEERING,OPEN,2025,62.014
45,"Faculty Of Technology(Sfi), Dharmsinh Desai University, Nadiad",INSTRUMENTATION & CONTROL ENGINEERING,SEBC,2025,49.4246
45,"Faculty Of Technology(Sfi), Dharmsinh Desai University, Nadiad",MECHANICAL ENGINEERING,EWS,2025,55.1517
45,"Faculty Of Technology(Sfi), Dharmsinh Desai University, Nadiad",MECHANICAL ENGINEERING,OPEN,2025,69.3915
45,"Faculty Of Technology(Sfi), Dharmsinh Desai University, Nadiad",MECHANICAL ENGINEERING,SC,2025,47.4716
45,"Faculty Of Technology(Sfi), Dharmsinh Desai University, Nadiad",MECHANICAL ENGINEERING,SEBC,2025,54.9018
45,"Faculty Of Technology(Sfi), Dharmsinh Desai University, Nadiad",MECHANICAL ENGINEERING,TFWS,2025,86.6812
46,"Faculty of Engineering & Technology- GLS University, Ahmedabad",COMPUTER SCIENCE & ENGINEERING,ESM,2025,33.2753
46,"Faculty of Engineering & Technology- GLS University, Ahmedabad",COMPUTER SCIENCE & ENGINEERING,EWS,2025,17.6997
46,"Faculty of Engineering & Technology- GLS University, Ahmedabad",COMPUTER SCIENCE & ENGINEERING,OPEN,2025,44.3819
46,"Faculty of Engineering & Technology- GLS University, Ahmedabad",COMPUTER SCIENCE & ENGINEERING,SC,2025,38.7067
46,"Faculty of Engineering & Technology- GLS University, Ahmedabad",COMPUTER SCIENCE & ENGINEERING,SEBC,2025,14.0905
46,"Faculty of Engineering & Technology- GLS University, Ahmedabad",COMPUTER SCIENCE & ENGINEERING,TFWS,2025,87.8383
47,"Faculty of Engineering & Technology- Sigma University,Bakrol, Vadodara",ARTIFICIAL INTELLIGENCE AND DATA SCIENCE,OPEN,2025,25.8849
47,"Faculty of Engineering & Technology- Sigma University,Bakrol, Vadodara",COMPUTER SCIENCE & ENGINEERING,OPEN,2025,13.7468
47,"Faculty of Engineering & Technology- Sigma University,Bakrol, Vadodara",CYBER SECURITY,OPEN,2025,24.5889
48,"Faculty of Technology, CEPT University, Ahmedabad",Bachelor of Technology (Hons) in Civil Engineering (BCE),EWS,2025,34.319
48,"Faculty of Technology, CEPT University, Ahmedabad",Bachelor of Technology (Hons) in Civil Engineering (BCE),OPEN,2025,52.0364
48,"Faculty of Technology, CEPT University, Ahmedabad",Bachelor of Technology (Hons) in Civil Engineering (BCE),SC,2025,20.4305
48,"Faculty of Technology, CEPT University, Ahmedabad",Bachelor of Technology (Hons) in Civil Engineering (BCE),SEBC,2025,31.763
49,"G.H.Patel College Of Engg. & Tech. , V. V. Nagar",CHEMICAL ENGINEERING,OPEN,2025,36.2557
49,"G.H.Patel College Of Engg. & Tech. , V. V. Nagar",CIVIL ENGINEERING,OPEN,2025,14.0446
49,"G.H.Patel College Of Engg. & Tech. , V. V. Nagar",COMPUTER ENGINEERING,ESM,2025,72.3612
49,"G.H.Patel College Of Engg. & Tech. , V. V. Nagar",COMPUTER ENGINEERING,EWS,2025,86.7602
49,"G.H.Patel College Of Engg. & Tech. , V. V. Nagar",COMPUTER ENGINEERING,OPEN,2025,88.3872
49,"G.H.Patel College Of Engg. & Tech. , V. V. Nagar",COMPUTER ENGINEERING,SC,2025,70.996
49,"G.H.Patel College Of Engg. & Tech. , V. V. Nagar",COMPUTER ENGINEERING,SEBC,2025,70.2111
49,"G.H.Patel College Of Engg. & Tech. , V. V. Nagar",COMPUTER ENGINEERING,TFWS,2025,95.7373
49,"G.H.Patel College Of Engg. & Tech. , V. V. Nagar",COMPUTER SCIENCE & DESIGN,EWS,2025,68.7739
49,"G.H.Patel College Of Engg. & Tech. , V. V. Nagar",COMPUTER SCIENCE & DESIGN,OPEN,2025,74.2649
49,"G.H.Patel College Of Engg. & Tech. , V. V. Nagar",COMPUTER SCIENCE & DESIGN,SC,2025,51.3678
49,"G.H.Patel College Of Engg. & Tech. , V. V. Nagar",COMPUTER SCIENCE & DESIGN,SEBC,2025,41.853
49,"G.H.Patel College Of Engg. & Tech. , V. V. Nagar",COMPUTER SCIENCE & DESIGN,TFWS,2025,93.4939
49,"G.H.Patel College Of Engg. & Tech. , V. V. Nagar",COMPUTER SCIENCE & ENGINEERING (IOT),EWS,2025,73.4262
49,"G.H.Patel College Of Engg. & Tech. , V. V. Nagar",COMPUTER SCIENCE & ENGINEERING (IOT),OPEN,2025,75.9383
49,"G.H.Patel College Of Engg. & Tech. , V. V. Nagar",COMPUTER SCIENCE & ENGINEERING (IOT),SC,2025,55.2008
49,"G.H.Patel College Of Engg. & Tech. , V. V. Nagar",COMPUTER SCIENCE & ENGINEERING (IOT),SEBC,2025,35.5965
49,"G.H.Patel College Of Engg. & Tech. , V. V. Nagar",COMPUTER SCIENCE & ENGINEERING (IOT),ST,2025,50.7188
49,"G.H.Patel College Of Engg. & Tech. , V. V. Nagar",COMPUTER SCIENCE & ENGINEERING (IOT),TFWS,2025,89.905
49,"G.H.Patel College Of Engg. & Tech. , V. V. Nagar",ELECTRICAL ENGINEERING,OPEN,2025,21.6408
49,"G.H.Patel College Of Engg. & Tech. , V. V. Nagar",ELECTRONICS & COMMUNICATION ENGINEERING,EWS,2025,59.0754
49,"G.H.Patel College Of Engg. & Tech. , V. V. Nagar",ELECTRONICS & COMMUNICATION ENGINEERING,OPEN,2025,65.7598
49,"G.H.Patel College Of Engg. & Tech. , V. V. Nagar",ELECTRONICS & COMMUNICATION ENGINEERING,SC,2025,13.901
49,"G.H.Patel College Of Engg. & Tech. , V. V. Nagar",ELECTRONICS & COMMUNICATION ENGINEERING,SEBC,2025,16.2072
49,"G.H.Patel College Of Engg. & Tech. , V. V. Nagar",INFORMATION & COMMUNICATION TECHNOLOGY,EWS,2025,64.4115
49,"G.H.Patel College Of Engg. & Tech. , V. V. Nagar",INFORMATION & COMMUNICATION TECHNOLOGY,OPEN,2025,70.3587
49,"G.H.Patel College Of Engg. & Tech. , V. V. Nagar",INFORMATION & COMMUNICATION TECHNOLOGY,SC,2025,41.7485
49,"G.H.Patel College Of Engg. & Tech. , V. V. Nagar",INFORMATION & COMMUNICATION TECHNOLOGY,SEBC,2025,23.4506
49,"G.H.Patel College Of Engg. & Tech. , V. V. Nagar",INFORMATION & COMMUNICATION TECHNOLOGY,TFWS,2025,83.2915
49,"G.H.Patel College Of Engg. & Tech. , V. V. Nagar",INFORMATION TECHNOLOGY,ESM,2025,59.5112
49,"G.H.Patel College Of Engg. & Tech. , V. V. Nagar",INFORMATION TECHNOLOGY,EWS,2025,82.1438
49,"G.H.Patel College Of Engg. & Tech. , V. V. Nagar",INFORMATION TECHNOLOGY,OPEN,2025,83.8926
49,"G.H.Patel College Of Engg. & Tech. , V. V. Nagar",INFORMATION TECHNOLOGY,SC,2025,6.6568
49,"G.H.Patel College Of Engg. & Tech. , V. V. Nagar",INFORMATION TECHNOLOGY,SEBC,2025,62.9017
49,"G.H.Patel College Of Engg. & Tech. , V. V. Nagar",INFORMATION TECHNOLOGY,TFWS,2025,93.5724
49,"G.H.Patel College Of Engg. & Tech. , V. V. Nagar",MECHANICAL ENGINEERING,OPEN,2025,25.4415
49,"G.H.Patel College Of Engg. & Tech. , V. V. Nagar",MECHATRONICS,OPEN,2025,31.1859
50,"GIDC Degree Engineering College, Abrama, Navsari",AUTOMOBILE ENGINEERING,OPEN,2025,30.1391
50,"GIDC Degree Engineering College, Abrama, Navsari",COMPUTER ENGINEERING,EWS,2025,12.3331
50,"GIDC Degree Engineering College, Abrama, Navsari",COMPUTER ENGINEERING,OPEN,2025,47.4152
50,"GIDC Degree Engineering College, Abrama, Navsari",COMPUTER ENGINEERING,SEBC,2025,38.0107
50,"GIDC Degree Engineering College, Abrama, Navsari",COMPUTER ENGINEERING,ST,2025,26.3551
50,"GIDC Degree Engineering College, Abrama, Navsari",COMPUTER ENGINEERING,TFWS,2025,73.7745
50,"GIDC Degree Engineering College, Abrama, Navsari",ELECTRICAL ENGINEERING,OPEN,2025,17.4934
50,"GIDC Degree Engineering College, Abrama, Navsari",MECHANICAL ENGINEERING,OPEN,2025,21.1883
51,GYANMANJARI INSTITUTE OF TECHNOLOGY Bhavnagar,CIVIL ENGINEERING,OPEN,2025,86.1709
51,GYANMANJARI INSTITUTE OF TECHNOLOGY Bhavnagar,COMPUTER ENGINEERING,OPEN,2025,20.2217
51,GYANMANJARI INSTITUTE OF TECHNOLOGY Bhavnagar,COMPUTER ENGINEERING,TFWS,2025,79.2256
51,GYANMANJARI INSTITUTE OF TECHNOLOGY Bhavnagar,COMPUTER SCIENCE & ENGINEERING,OPEN,2025,11.2999
51,GYANMANJARI INSTITUTE OF TECHNOLOGY Bhavnagar,ELECTRONICS & COMMUNICATION ENGINEERING,OPEN,2025,9.554
51,GYANMANJARI INSTITUTE OF TECHNOLOGY Bhavnagar,ELECTRONICS & COMMUNICATION ENGINEERING,TFWS,2025,25.4494
51,GYANMANJARI INSTITUTE OF TECHNOLOGY Bhavnagar,INFORMATION TECHNOLOGY,OPEN,2025,5.1202
52,"Gandhinagar Institute Of Technology, Moti Bhoyan, Kalol, Gandhinagar",CIVIL ENGINEERING,OPEN,2025,20.576
52,"Gandhinagar Institute Of Technology, Moti Bhoyan, Kalol, Gandhinagar",COMPUTER ENGINEERING,OPEN,2025,15.2295
52,"Gandhinagar Institute Of Technology, Moti Bhoyan, Kalol, Gandhinagar",COMPUTER SCIENCE & ENGINEERING,OPEN,2025,11.4983
52,"Gandhinagar Institute Of Technology, Moti Bhoyan, Kalol, Gandhinagar",COMPUTER SCIENCE & ENGINEERING,TFWS,2025,83.1686
52,"Gandhinagar Institute Of Technology, Moti Bhoyan, Kalol, Gandhinagar",COMPUTER SCIENCE & ENGINEERING (ARTIFICIAL INTELLIGENCE),OPEN,2025,15.9119
52,"Gandhinagar Institute Of Technology, Moti Bhoyan, Kalol, Gandhinagar",COMPUTER SCIENCE & ENGINEERING (ARTIFICIAL INTELLIGENCE),TFWS,2025,82.445
52,"Gandhinagar Institute Of Technology, Moti Bhoyan, Kalol, Gandhinagar",COMPUTER SCIENCE & ENGINEERING (CYBER SECURITY),OPEN,2025,19.8215
52,"Gandhinagar Institute Of Technology, Moti Bhoyan, Kalol, Gandhinagar",ELECTRICAL ENGINEERING,OPEN,2025,48.6459
52,"Gandhinagar Institute Of Technology, Moti Bhoyan, Kalol, Gandhinagar",ELECTRONICS & COMMUNICATION ENGINEERING,OPEN,2025,33.1084
52,"Gandhinagar Institute Of Technology, Moti Bhoyan, Kalol, Gandhinagar",INFORMATION & COMMUNICATION TECHNOLOGY,OPEN,2025,31.5169
52,"Gandhinagar Institute Of Technology, Moti Bhoyan, Kalol, Gandhinagar",INFORMATION TECHNOLOGY,OPEN,2025,15.0033
52,"Gandhinagar Institute Of Technology, Moti Bhoyan, Kalol, Gandhinagar",MECHANICAL ENGINEERING,OPEN,2025,7.7815
52,"Gandhinagar Institute Of Technology, Moti Bhoyan, Kalol, Gandhinagar",ROBOTICS AND AUTOMATION,OPEN,2025,35.6353
52,"Gandhinagar Institute Of Technology, Moti Bhoyan, Kalol, Gandhinagar",ROBOTICS AND AUTOMATION,TFWS,2025,52.7848
53,"Ganpat University, Institute of Computer Tech., Kherva, Mehsana",COMPUTER SCIENCE & ENGINEERING,OPEN,2025,20.2027
53,"Ganpat University, Institute of Computer Tech., Kherva, Mehsana",COMPUTER SCIENCE & ENGINEERING,TFWS,2025,82.5006
53,"Ganpat University, Institute of Computer Tech., Kherva, Mehsana",COMPUTER SCIENCE & ENGINEERING (BIG DATA ANALYTICS),OPEN,2025,57.8681
53,"Ganpat University, Institute of Computer Tech., Kherva, Mehsana",COMPUTER SCIENCE & ENGINEERING (BIG DATA ANALYTICS),TFWS,2025,82.7834
53,"Ganpat University, Institute of Computer Tech., Kherva, Mehsana",COMPUTER SCIENCE & ENGINEERING (CYBER SECURITY),OPEN,2025,20.762
54,"Ganpat University, U.V.Patel College of Engineering, Kherva, Mehsana",AGRICULTURAL ENGINEERING,OPEN,2025,9.9008
54,"Ganpat University, U.V.Patel College of Engineering, Kherva, Mehsana",AGRICULTURAL ENGINEERING,TFWS,2025,64.0599
54,"Ganpat University, U.V.Patel College of Engineering, Kherva, Mehsana",AUTOMOBILE ENGINEERING,OPEN,2025,17.8298
54,"Ganpat University, U.V.Patel College of Engineering, Kherva, Mehsana",BIOTECHNOLOGY,OPEN,2025,29.8876
54,"Ganpat University, U.V.Patel College of Engineering, Kherva, Mehsana",BIOTECHNOLOGY,TFWS,2025,60.3208
54,"Ganpat University, U.V.Patel College of Engineering, Kherva, Mehsana",CIVIL ENGINEERING,OPEN,2025,13.698
54,"Ganpat University, U.V.Patel College of Engineering, Kherva, Mehsana",COMPUTER ENGINEERING,OPEN,2025,19.7588
54,"Ganpat University, U.V.Patel College of Engineering, Kherva, Mehsana",COMPUTER ENGINEERING,TFWS,2025,78.0349
54,"Ganpat University, U.V.Patel College of Engineering, Kherva, Mehsana",COMPUTER ENGINEERING (ARTIFICIAL INTELLIGENCE),OPEN,2025,10.6311
54,"Ganpat University, U.V.Patel College of Engineering, Kherva, Mehsana",COMPUTER ENGINEERING (ARTIFICIAL INTELLIGENCE),TFWS,2025,71.8484
54,"Ganpat University, U.V.Patel College of Engineering, Kherva, Mehsana",COMPUTER SCIENCE & BUSINESS SYSTEMS,OPEN,2025,47.7711
54,"Ganpat University, U.V.Patel College of Engineering, Kherva, Mehsana",ELECTRICAL ENGINEERING,OPEN,2025,23.7282
54,"Ganpat University, U.V.Patel College of Engineering, Kherva, Mehsana",ELECTRONICS & COMMUNICATION ENGINEERING,OPEN,2025,28.7868
54,"Ganpat University, U.V.Patel College of Engineering, Kherva, Mehsana",FOOD TECHNOLOGY,OPEN,2025,23.1888
54,"Ganpat University, U.V.Patel College of Engineering, Kherva, Mehsana",FOOD TECHNOLOGY,TFWS,2025,75.3131
54,"Ganpat University, U.V.Patel College of Engineering, Kherva, Mehsana",INFORMATION TECHNOLOGY,OPEN,2025,13.6647
54,"Ganpat University, U.V.Patel College of Engineering, Kherva, Mehsana",INFORMATION TECHNOLOGY,TFWS,2025,76.9042
54,"Ganpat University, U.V.Patel College of Engineering, Kherva, Mehsana",MARINE ENGINEERING,OPEN,2025,21.6632
54,"Ganpat University, U.V.Patel College of Engineering, Kherva, Mehsana",MECHANICAL ENGINEERING,OPEN,2025,12.6763
54,"Ganpat University, U.V.Patel College of Engineering, Kherva, Mehsana",MECHATRONICS,OPEN,2025,13.5104
54,"Ganpat University, U.V.Patel College of Engineering, Kherva, Mehsana",PETROCHEMICAL ENGINEERING,OPEN,2025,26.1861
55,"Government Engineering College, Bharuch",CHEMICAL ENGINEERING,EWS,2025,67.5256
55,"Government Engineering College, Bharuch",CHEMICAL ENGINEERING,OPEN,2025,70.8915
55,"Government Engineering College, Bharuch",CHEMICAL ENGINEERING,SC,2025,10.2385
55,"Government Engineering College, Bharuch",CHEMICAL ENGINEERING,SEBC,2025,60.2138
55,"Government Engineering College, Bharuch",CHEMICAL ENGINEERING,ST,2025,12.6741
55,"Government Engineering College, Bharuch",CHEMICAL ENGINEERING,TFWS,2025,79.1885
55,"Government Engineering College, Bharuch",CIVIL ENGINEERING,OPEN,2025,5.0579
55,"Government Engineering College, Bharuch",COMPUTER ENGINEERING,ESM,2025,60.8733
55,"Government Engineering College, Bharuch",COMPUTER ENGINEERING,EWS,2025,72.3452
55,"Government Engineering College, Bharuch",COMPUTER ENGINEERING,OPEN,2025,80.1143
55,"Government Engineering College, Bharuch",COMPUTER ENGINEERING,SC,2025,55.8397
55,"Government Engineering College, Bharuch",COMPUTER ENGINEERING,SEBC,2025,68.4047
55,"Government Engineering College, Bharuch",COMPUTER ENGINEERING,ST,2025,34.554
55,"Government Engineering College, Bharuch",COMPUTER ENGINEERING,TFWS,2025,89.4901
55,"Government Engineering College, Bharuch",ELECTRICAL ENGINEERING,EWS,2025,22.2325
55,"Government Engineering College, Bharuch",ELECTRICAL ENGINEERING,OPEN,2025,38.6346
55,"Government Engineering College, Bharuch",ELECTRICAL ENGINEERING,SC,2025,32.8671
55,"Government Engineering College, Bharuch",ELECTRICAL ENGINEERING,SEBC,2025,11.9813
55,"Government Engineering College, Bharuch",ELECTRICAL ENGINEERING,ST,2025,11.0846
55,"Government Engineering College, Bharuch",ELECTRICAL ENGINEERING,TFWS,2025,53.8178
55,"Government Engineering College, Bharuch",ELECTRONICS & COMMUNICATION ENGINEERING,EWS,2025,29.7289
55,"Government Engineering College, Bharuch",ELECTRONICS & COMMUNICATION ENGINEERING,OPEN,2025,54.8883
55,"Government Engineering College, Bharuch",ELECTRONICS & COMMUNICATION ENGINEERING,SC,2025,22.8785
55,"Government Engineering College, Bharuch",ELECTRONICS & COMMUNICATION ENGINEERING,SEBC,2025,13.9235
55,"Government Engineering College, Bharuch",ELECTRONICS & COMMUNICATION ENGINEERING,TFWS,2025,67.122
55,"Government Engineering College, Bharuch",MECHANICAL ENGINEERING,EWS,2025,24.4931
55,"Government Engineering College, Bharuch",MECHANICAL ENGINEERING,OPEN,2025,18.2851
55,"Government Engineering College, Bharuch",MECHANICAL ENGINEERING,SC,2025,25.2666
55,"Government Engineering College, Bharuch",MECHANICAL ENGINEERING,SEBC,2025,19.4333
56,"Government Engineering College, Bhavnagar",CIVIL ENGINEERING,EWS,2025,28.4048
56,"Government Engineering College, Bhavnagar",CIVIL ENGINEERING,OPEN,2025,44.3218
56,"Government Engineering College, Bhavnagar",CIVIL ENGINEERING,SEBC,2025,32.0808
56,"Government Engineering College, Bhavnagar",CIVIL ENGINEERING,TFWS,2025,85.0832
56,"Government Engineering College, Bhavnagar",COMPUTER ENGINEERING,ESM,2025,69.8243
56,"Government Engineering College, Bhavnagar",COMPUTER ENGINEERING,EWS,2025,86.9697
56,"Government Engineering College, Bhavnagar",COMPUTER ENGINEERING,OPEN,2025,89.7572
56,"Government Engineering College, Bhavnagar",COMPUTER ENGINEERING,SC,2025,67.7719
56,"Government Engineering College, Bhavnagar",COMPUTER ENGINEERING,SEBC,2025,81.1096
56,"Government Engineering College, Bhavnagar",COMPUTER ENGINEERING,ST,2025,5.302
56,"Government Engineering College, Bhavnagar",COMPUTER ENGINEERING,TFWS,2025,93.4779
56,"Government Engineering College, Bhavnagar",ELECTRONICS & COMMUNICATION ENGINEERING,EWS,2025,49.0204
56,"Government Engineering College, Bhavnagar",ELECTRONICS & COMMUNICATION ENGINEERING,OPEN,2025,55.9726
56,"Government Engineering College, Bhavnagar",ELECTRONICS & COMMUNICATION ENGINEERING,SEBC,2025,6.651
56,"Government Engineering College, Bhavnagar",ELECTRONICS & COMMUNICATION ENGINEERING,TFWS,2025,78.9874
56,"Government Engineering College, Bhavnagar",INFORMATION & COMMUNICATION TECHNOLOGY,EWS,2025,51.3572
56,"Government Engineering College, Bhavnagar",INFORMATION & COMMUNICATION TECHNOLOGY,OPEN,2025,60.485
56,"Government Engineering College, Bhavnagar",INFORMATION & COMMUNICATION TECHNOLOGY,SC,2025,8.8327
56,"Government Engineering College, Bhavnagar",INFORMATION & COMMUNICATION TECHNOLOGY,SEBC,2025,34.1303
56,"Government Engineering College, Bhavnagar",INFORMATION & COMMUNICATION TECHNOLOGY,TFWS,2025,77.0201
56,"Government Engineering College, Bhavnagar",INFORMATION TECHNOLOGY,ESM,2025,43.6822
56,"Government Engineering College, Bhavnagar",INFORMATION TECHNOLOGY,EWS,2025,79.7451
56,"Government Engineering College, Bhavnagar",INFORMATION TECHNOLOGY,OPEN,2025,84.8101
56,"Government Engineering College, Bhavnagar",INFORMATION TECHNOLOGY,SC,2025,21.7458
56,"Government Engineering College, Bhavnagar",INFORMATION TECHNOLOGY,SEBC,2025,74.1605
56,"Government Engineering College, Bhavnagar",INFORMATION TECHNOLOGY,ST,2025,14.4716
56,"Government Engineering College, Bhavnagar",INFORMATION TECHNOLOGY,TFWS,2025,87.5315
56,"Government Engineering College, Bhavnagar",MECHANICAL ENGINEERING,OPEN,2025,29.8979
57,"Government Engineering College, Bhuj",CHEMICAL ENGINEERING,OPEN,2025,47.5459
57,"Government Engineering College, Bhuj",CIVIL ENGINEERING,OPEN,2025,13.93
57,"Government Engineering College, Bhuj",ELECTRICAL ENGINEERING,OPEN,2025,8.6928
57,"Government Engineering College, Bhuj",MECHANICAL ENGINEERING,OPEN,2025,15.2295
57,"Government Engineering College, Bhuj",MINING ENGINEERING,OPEN,2025,39.4312
58,"Government Engineering College, Dahod",CIVIL ENGINEERING,OPEN,2025,6.2892
58,"Government Engineering College, Dahod",COMPUTER ENGINEERING,ESM,2025,49.9165
58,"Government Engineering College, Dahod",COMPUTER ENGINEERING,EWS,2025,50.1659
58,"Government Engineering College, Dahod",COMPUTER ENGINEERING,OPEN,2025,60.802
58,"Government Engineering College, Dahod",COMPUTER ENGINEERING,SC,2025,30.9507
58,"Government Engineering College, Dahod",COMPUTER ENGINEERING,SEBC,2025,45.9765
58,"Government Engineering College, Dahod",COMPUTER ENGINEERING,ST,2025,8.7642
58,"Government Engineering College, Dahod",COMPUTER ENGINEERING,TFWS,2025,74.4108
58,"Government Engineering College, Dahod",ELECTRICAL ENGINEERING,OPEN,2025,16.7233
58,"Government Engineering College, Dahod",ELECTRONICS & COMMUNICATION ENGINEERING,OPEN,2025,62.5752
58,"Government Engineering College, Dahod",ELECTRONICS & COMMUNICATION ENGINEERING,TFWS,2025,46.8163
58,"Government Engineering College, Dahod",MECHANICAL ENGINEERING,OPEN,2025,12.8002
59,"Government Engineering College, Godhra",CIVIL ENGINEERING,OPEN,2025,13.7276
59,"Government Engineering College, Godhra",ELECTRICAL ENGINEERING,OPEN,2025,9.7354
59,"Government Engineering College, Godhra",MECHANICAL ENGINEERING,OPEN,2025,16.2867
60,"Government Engineering College, Modasa",AUTOMOBILE ENGINEERING,OPEN,2025,17.3405
60,"Government Engineering College, Modasa",CIVIL ENGINEERING,OPEN,2025,9.9654
60,"Government Engineering College, Modasa",COMPUTER ENGINEERING,ESM,2025,32.357
60,"Government Engineering College, Modasa",COMPUTER ENGINEERING,EWS,2025,65.173
60,"Government Engineering College, Modasa",COMPUTER ENGINEERING,OPEN,2025,72.3914
60,"Government Engineering College, Modasa",COMPUTER ENGINEERING,SC,2025,14.0417
60,"Government Engineering College, Modasa",COMPUTER ENGINEERING,SEBC,2025,56.3193
60,"Government Engineering College, Modasa",COMPUTER ENGINEERING,ST,2025,11.721
60,"Government Engineering College, Modasa",COMPUTER ENGINEERING,TFWS,2025,84.3868
60,"Government Engineering College, Modasa",ELECTRICAL ENGINEERING,OPEN,2025,8.4111
60,"Government Engineering College, Modasa",ELECTRONICS & COMMUNICATION ENGINEERING,EWS,2025,16.9787
60,"Government Engineering College, Modasa",ELECTRONICS & COMMUNICATION ENGINEERING,OPEN,2025,29.7213
60,"Government Engineering College, Modasa",ELECTRONICS & COMMUNICATION ENGINEERING,SC,2025,20.1074
60,"Government Engineering College, Modasa",ELECTRONICS & COMMUNICATION ENGINEERING,SEBC,2025,18.4882
60,"Government Engineering College, Modasa",ELECTRONICS & COMMUNICATION ENGINEERING,TFWS,2025,59.7072
60,"Government Engineering College, Modasa",INFORMATION TECHNOLOGY,EWS,2025,55.2253
60,"Government Engineering College, Modasa",INFORMATION TECHNOLOGY,OPEN,2025,63.0242
60,"Government Engineering College, Modasa",INFORMATION TECHNOLOGY,SC,2025,10.2581
60,"Government Engineering College, Modasa",INFORMATION TECHNOLOGY,SEBC,2025,48.9881
60,"Government Engineering College, Modasa",INFORMATION TECHNOLOGY,ST,2025,24.0561
60,"Government Engineering College, Modasa",INFORMATION TECHNOLOGY,TFWS,2025,76.7439
60,"Government Engineering College, Modasa",MECHANICAL ENGINEERING,OPEN,2025,10.0576
61,"Government Engineering College, Palanpur",CIVIL ENGINEERING,OPEN,2025,9.1407
61,"Government Engineering College, Palanpur",COMPUTER ENGINEERING,ESM,2025,14.3903
61,"Government Engineering College, Palanpur",COMPUTER ENGINEERING,EWS,2025,57.803
61,"Government Engineering College, Palanpur",COMPUTER ENGINEERING,OPEN,2025,63.2535
61,"Government Engineering College, Palanpur",COMPUTER ENGINEERING,SC,2025,48.7974
61,"Government Engineering College, Palanpur",COMPUTER ENGINEERING,SEBC,2025,53.4292
61,"Government Engineering College, Palanpur",COMPUTER ENGINEERING,TFWS,2025,75.8108
61,"Government Engineering College, Palanpur",ELECTRICAL ENGINEERING,OPEN,2025,4.2727
61,"Government Engineering College, Palanpur",MECHANICAL ENGINEERING,OPEN,2025,15.6124
62,"Government Engineering College, Patan",CIVIL ENGINEERING,OPEN,2025,19.9767
62,"Government Engineering College, Patan",COMPUTER SCIENCE & ENGINEERING,EWS,2025,62.1125
62,"Government Engineering College, Patan",COMPUTER SCIENCE & ENGINEERING,OPEN,2025,74.3488
62,"Government Engineering College, Patan",COMPUTER SCIENCE & ENGINEERING,SC,2025,31.7213
62,"Government Engineering College, Patan",COMPUTER SCIENCE & ENGINEERING,SEBC,2025,55.6311
62,"Government Engineering College, Patan",COMPUTER SCIENCE & ENGINEERING,ST,2025,31.3887
62,"Government Engineering College, Patan",COMPUTER SCIENCE & ENGINEERING,TFWS,2025,85.8223
62,"Government Engineering College, Patan",ELECTRICAL ENGINEERING,OPEN,2025,16.7697
62,"Government Engineering College, Patan",ELECTRONICS & COMMUNICATION ENGINEERING,EWS,2025,20.7252
62,"Government Engineering College, Patan",ELECTRONICS & COMMUNICATION ENGINEERING,OPEN,2025,32.6037
62,"Government Engineering College, Patan",ELECTRONICS & COMMUNICATION ENGINEERING,SEBC,2025,9.0898
62,"Government Engineering College, Patan",ELECTRONICS & COMMUNICATION ENGINEERING,TFWS,2025,58.301
62,"Government Engineering College, Patan",MECHANICAL ENGINEERING,OPEN,2025,7.2994
63,"Government Engineering College, Rajkot",ARTIFICIAL INTELLIGENCE AND DATA SCIENCE,EWS,2025,70.6677
63,"Government Engineering College, Rajkot",ARTIFICIAL INTELLIGENCE AND DATA SCIENCE,OPEN,2025,77.2002
63,"Government Engineering College, Rajkot",ARTIFICIAL INTELLIGENCE AND DATA SCIENCE,SC,2025,29.1237
63,"Government Engineering College, Rajkot",ARTIFICIAL INTELLIGENCE AND DATA SCIENCE,SEBC,2025,63.5034
63,"Government Engineering College, Rajkot",ARTIFICIAL INTELLIGENCE AND DATA SCIENCE,ST,2025,17.1562
63,"Government Engineering College, Rajkot",ARTIFICIAL INTELLIGENCE AND DATA SCIENCE,TFWS,2025,90.1923
63,"Government Engineering College, Rajkot",CIVIL ENGINEERING,OPEN,2025,10.3178
63,"Government Engineering College, Rajkot",COMPUTER ENGINEERING,ESM,2025,39.0747
63,"Government Engineering College, Rajkot",COMPUTER ENGINEERING,EWS,2025,80.689
63,"Government Engineering College, Rajkot",COMPUTER ENGINEERING,OPEN,2025,85.9542
63,"Government Engineering College, Rajkot",COMPUTER ENGINEERING,SC,2025,57.8983
63,"Government Engineering College, Rajkot",COMPUTER ENGINEERING,SEBC,2025,79.6013
63,"Government Engineering College, Rajkot",COMPUTER ENGINEERING,ST,2025,10.7162
63,"Government Engineering College, Rajkot",COMPUTER ENGINEERING,TFWS,2025,91.8823
63,"Government Engineering College, Rajkot",ELECTRICAL ENGINEERING,EWS,2025,13.1027
63,"Government Engineering College, Rajkot",ELECTRICAL ENGINEERING,OPEN,2025,26.7884
63,"Government Engineering College, Rajkot",ELECTRICAL ENGINEERING,SC,2025,22.4736
63,"Government Engineering College, Rajkot",ELECTRICAL ENGINEERING,SEBC,2025,10.6435
63,"Government Engineering College, Rajkot",ELECTRICAL ENGINEERING,TFWS,2025,61.695
63,"Government Engineering College, Rajkot",ELECTRONICS & COMMUNICATION ENGINEERING,EWS,2025,28.9336
63,"Government Engineering College, Rajkot",ELECTRONICS & COMMUNICATION ENGINEERING,OPEN,2025,42.1988
63,"Government Engineering College, Rajkot",ELECTRONICS & COMMUNICATION ENGINEERING,SC,2025,10.7894
63,"Government Engineering College, Rajkot",ELECTRONICS & COMMUNICATION ENGINEERING,SEBC,2025,10.8395
63,"Government Engineering College, Rajkot",ELECTRONICS & COMMUNICATION ENGINEERING,TFWS,2025,73.6354
63,"Government Engineering College, Rajkot",INSTRUMENTATION & CONTROL ENGINEERING,OPEN,2025,12.9884
63,"Government Engineering College, Rajkot",MECHANICAL ENGINEERING,EWS,2025,37.7861
63,"Government Engineering College, Rajkot",MECHANICAL ENGINEERING,OPEN,2025,49.2085
63,"Government Engineering College, Rajkot",MECHANICAL ENGINEERING,SEBC,2025,33.2489
63,"Government Engineering College, Rajkot",MECHANICAL ENGINEERING,TFWS,2025,68.6178
63,"Government Engineering College, Rajkot",ROBOTICS AND AUTOMATION,OPEN,2025,8.8495
63,"Government Engineering College, Rajkot",ROBOTICS AND AUTOMATION,TFWS,2025,64.0813
64,"Government Engineering College, Sector 28 Gandhinagar",BIOMEDICAL ENGINEERING,OPEN,2025,9.3415
64,"Government Engineering College, Sector 28 Gandhinagar",CIVIL ENGINEERING,ESM,2025,22.8839
64,"Government Engineering College, Sector 28 Gandhinagar",CIVIL ENGINEERING,EWS,2025,45.9983
64,"Government Engineering College, Sector 28 Gandhinagar",CIVIL ENGINEERING,OPEN,2025,55.0182
64,"Government Engineering College, Sector 28 Gandhinagar",CIVIL ENGINEERING,SC,2025,11.6205
64,"Government Engineering College, Sector 28 Gandhinagar",CIVIL ENGINEERING,SEBC,2025,41.2957
64,"Government Engineering College, Sector 28 Gandhinagar",CIVIL ENGINEERING,ST,2025,14.3616
64,"Government Engineering College, Sector 28 Gandhinagar",CIVIL ENGINEERING,TFWS,2025,63.5578
64,"Government Engineering College, Sector 28 Gandhinagar",COMPUTER ENGINEERING,ESM,2025,73.0826
64,"Government Engineering College, Sector 28 Gandhinagar",COMPUTER ENGINEERING,EWS,2025,92.1535
64,"Government Engineering College, Sector 28 Gandhinagar",COMPUTER ENGINEERING,OPEN,2025,93.5297
64,"Government Engineering College, Sector 28 Gandhinagar",COMPUTER ENGINEERING,SC,2025,70.6436
64,"Government Engineering College, Sector 28 Gandhinagar",COMPUTER ENGINEERING,SEBC,2025,90.3358
64,"Government Engineering College, Sector 28 Gandhinagar",COMPUTER ENGINEERING,ST,2025,30.6071
64,"Government Engineering College, Sector 28 Gandhinagar",COMPUTER ENGINEERING,TFWS,2025,94.7585
64,"Government Engineering College, Sector 28 Gandhinagar",ELECTRICAL ENGINEERING,EWS,2025,51.0239
64,"Government Engineering College, Sector 28 Gandhinagar",ELECTRICAL ENGINEERING,OPEN,2025,55.2214
64,"Government Engineering College, Sector 28 Gandhinagar",ELECTRICAL ENGINEERING,SC,2025,19.3763
64,"Government Engineering College, Sector 28 Gandhinagar",ELECTRICAL ENGINEERING,SEBC,2025,19.5801
64,"Government Engineering College, Sector 28 Gandhinagar",ELECTRICAL ENGINEERING,ST,2025,10.7345
64,"Government Engineering College, Sector 28 Gandhinagar",ELECTRICAL ENGINEERING,TFWS,2025,71.9029
64,"Government Engineering College, Sector 28 Gandhinagar",ELECTRONICS & COMMUNICATION ENGINEERING,EWS,2025,66.2278
64,"Government Engineering College, Sector 28 Gandhinagar",ELECTRONICS & COMMUNICATION ENGINEERING,OPEN,2025,74.7377
64,"Government Engineering College, Sector 28 Gandhinagar",ELECTRONICS & COMMUNICATION ENGINEERING,SC,2025,10.4673
64,"Government Engineering College, Sector 28 Gandhinagar",ELECTRONICS & COMMUNICATION ENGINEERING,SEBC,2025,53.2882
64,"Government Engineering College, Sector 28 Gandhinagar",ELECTRONICS & COMMUNICATION ENGINEERING,TFWS,2025,86.0219
64,"Government Engineering College, Sector 28 Gandhinagar",INFORMATION TECHNOLOGY,ESM,2025,51.6034
64,"Government Engineering College, Sector 28 Gandhinagar",INFORMATION TECHNOLOGY,EWS,2025,89.9695
64,"Government Engineering College, Sector 28 Gandhinagar",INFORMATION TECHNOLOGY,OPEN,2025,91.183
64,"Government Engineering College, Sector 28 Gandhinagar",INFORMATION TECHNOLOGY,SC,2025,69.0241
64,"Government Engineering College, Sector 28 Gandhinagar",INFORMATION TECHNOLOGY,SEBC,2025,86.1366
64,"Government Engineering College, Sector 28 Gandhinagar",INFORMATION TECHNOLOGY,ST,2025,27.8106
64,"Government Engineering College, Sector 28 Gandhinagar",INFORMATION TECHNOLOGY,TFWS,2025,92.5691
64,"Government Engineering College, Sector 28 Gandhinagar",INSTRUMENTATION & CONTROL ENGINEERING,EWS,2025,40.6672
64,"Government Engineering College, Sector 28 Gandhinagar",INSTRUMENTATION & CONTROL ENGINEERING,OPEN,2025,48.7169
64,"Government Engineering College, Sector 28 Gandhinagar",INSTRUMENTATION & CONTROL ENGINEERING,SEBC,2025,16.605
64,"Government Engineering College, Sector 28 Gandhinagar",METALLURGY,OPEN,2025,16.4362
64,"Government Engineering College, Sector 28 Gandhinagar",Mechanical Engineering,EWS,2025,55.4326
64,"Government Engineering College, Sector 28 Gandhinagar",Mechanical Engineering,OPEN,2025,60.9748
64,"Government Engineering College, Sector 28 Gandhinagar",Mechanical Engineering,SC,2025,24.5897
64,"Government Engineering College, Sector 28 Gandhinagar",Mechanical Engineering,SEBC,2025,44.3376
64,"Government Engineering College, Sector 28 Gandhinagar",Mechanical Engineering,ST,2025,27.4423
64,"Government Engineering College, Sector 28 Gandhinagar",Mechanical Engineering,TFWS,2025,70.2954
64,"Government Engineering College, Sector 28 Gandhinagar",ROBOTICS AND AUTOMATION,EWS,2025,50.3332
64,"Government Engineering College, Sector 28 Gandhinagar",ROBOTICS AND AUTOMATION,OPEN,2025,58.776
64,"Government Engineering College, Sector 28 Gandhinagar",ROBOTICS AND AUTOMATION,SC,2025,11.14
64,"Government Engineering College, Sector 28 Gandhinagar",ROBOTICS AND AUTOMATION,SEBC,2025,27.6259
64,"Government Engineering College, Sector 28 Gandhinagar",ROBOTICS AND AUTOMATION,TFWS,2025,78.9569
65,"Government Engineering College, Valsad",CHEMICAL ENGINEERING,ESM,2025,32.9511
65,"Government Engineering College, Valsad",CHEMICAL ENGINEERING,EWS,2025,34.7921
65,"Government Engineering College, Valsad",CHEMICAL ENGINEERING,OPEN,2025,47.8621
65,"Government Engineering College, Valsad",CHEMICAL ENGINEERING,SC,2025,14.6697
65,"Government Engineering College, Valsad",CHEMICAL ENGINEERING,SEBC,2025,22.6952
65,"Government Engineering College, Valsad",CHEMICAL ENGINEERING,ST,2025,13.3736
65,"Government Engineering College, Valsad",CHEMICAL ENGINEERING,TFWS,2025,70.4365
65,"Government Engineering College, Valsad",CIVIL ENGINEERING,OPEN,2025,10.5982
65,"Government Engineering College, Valsad",ELECTRICAL ENGINEERING,OPEN,2025,44.6732
65,"Government Engineering College, Valsad",ELECTRICAL ENGINEERING,SC,2025,41.2755
65,"Government Engineering College, Valsad",ELECTRICAL ENGINEERING,SEBC,2025,30.4057
65,"Government Engineering College, Valsad",ELECTRICAL ENGINEERING,ST,2025,10.4908
65,"Government Engineering College, Valsad",ELECTRICAL ENGINEERING,TFWS,2025,67.2274
65,"Government Engineering College, Valsad",Mechanical Engineering,OPEN,2025,6.291
65,"Government Engineering College, Valsad",Mechanical Engineering,TFWS,2025,58.6535
67,"Grow More Faculty of Engineering, Berna, Himmatnagar",COMPUTER ENGINEERING,OPEN,2025,10.883
67,"Grow More Faculty of Engineering, Berna, Himmatnagar",INFORMATION TECHNOLOGY,OPEN,2025,27.7597
68,"Gujarat Power Engg. And Res. Inst. (Gperi) (Ppp), Mevad, Mehsana",CIVIL ENGINEERING,OPEN,2025,22.495
68,"Gujarat Power Engg. And Res. Inst. (Gperi) (Ppp), Mevad, Mehsana",COMPUTER ENGINEERING,OPEN,2025,18.704
68,"Gujarat Power Engg. And Res. Inst. (Gperi) (Ppp), Mevad, Mehsana",COMPUTER ENGINEERING,TFWS,2025,74.6811
68,"Gujarat Power Engg. And Res. Inst. (Gperi) (Ppp), Mevad, Mehsana",ELECTRICAL ENGINEERING,OPEN,2025,19.1293
68,"Gujarat Power Engg. And Res. Inst. (Gperi) (Ppp), Mevad, Mehsana",MECHANICAL ENGINEERING,OPEN,2025,11.6477
69,"Gujarat Technological University School of Engineering and Technology, Chandkheda Ahmedabad",COMPUTER ENGINEERING,EWS,2025,79.2762
69,"Gujarat Technological University School of Engineering and Technology, Chandkheda Ahmedabad",COMPUTER ENGINEERING,OPEN,2025,83.6316
69,"Gujarat Technological University School of Engineering and Technology, Chandkheda Ahmedabad",COMPUTER ENGINEERING,SC,2025,64.1961
69,"Gujarat Technological University School of Engineering and Technology, Chandkheda Ahmedabad",COMPUTER ENGINEERING,SEBC,2025,71.9682
69,"Gujarat Technological University School of Engineering and Technology, Chandkheda Ahmedabad",COMPUTER ENGINEERING,ST,2025,28.2263
69,"Gujarat Technological University School of Engineering and Technology, Chandkheda Ahmedabad",COMPUTER ENGINEERING,TFWS,2025,92.9516
69,"Gujarat Technological University School of Engineering and Technology, Chandkheda Ahmedabad",ELECTRONICS & COMMUNICATION ENGINEERING,EWS,2025,59.55
69,"Gujarat Technological University School of Engineering and Technology, Chandkheda Ahmedabad",ELECTRONICS & COMMUNICATION ENGINEERING,OPEN,2025,65.6695
69,"Gujarat Technological University School of Engineering and Technology, Chandkheda Ahmedabad",ELECTRONICS & COMMUNICATION ENGINEERING,SC,2025,35.2759
69,"Gujarat Technological University School of Engineering and Technology, Chandkheda Ahmedabad",ELECTRONICS & COMMUNICATION ENGINEERING,SEBC,2025,58.4238
69,"Gujarat Technological University School of Engineering and Technology, Chandkheda Ahmedabad",ELECTRONICS & COMMUNICATION ENGINEERING,TFWS,2025,82.3503
70,"Hansaba College Of Engieering And Technology, Siddhpur",COMPUTER ENGINEERING,OPEN,2025,36.9027
71,"Hasmukh Goswami College Of Engg, Vahelal",COMPUTER ENGINEERING,OPEN,2025,28.6051
72,"Hjd Institute Of Technical Education And Reserch, Kera",COMPUTER SCIENCE & ENGINEERING,OPEN,2025,34.2198
73,"ITM (SLS) Baroda University (Formerly Known as ITM Universe), Vadodara",CHEMICAL ENGINEERING,OPEN,2025,21.2759
73,"ITM (SLS) Baroda University (Formerly Known as ITM Universe), Vadodara",COMPUTER SCIENCE & ENGINEERING,OPEN,2025,11.9063
73,"ITM (SLS) Baroda University (Formerly Known as ITM Universe), Vadodara",COMPUTER SCIENCE & ENGINEERING (ARTIFICIAL INTELLIGENCE),OPEN,2025,11.8427
73,"ITM (SLS) Baroda University (Formerly Known as ITM Universe), Vadodara",COMPUTER SCIENCE & ENGINEERING (CYBER SECURITY),OPEN,2025,15.3443
73,"ITM (SLS) Baroda University (Formerly Known as ITM Universe), Vadodara",INFORMATION TECHNOLOGY,OPEN,2025,69.6019
73,"ITM (SLS) Baroda University (Formerly Known as ITM Universe), Vadodara",MECHANICAL ENGINEERING,OPEN,2025,12.1182
73,"ITM (SLS) Baroda University (Formerly Known as ITM Universe), Vadodara",ROBOTICS AND AUTOMATION,OPEN,2025,6.8104
74,"ITM Vocational University, Waghodia, Dist: Vadodara",COMPUTER ENGINEERING (Cloud Tech. & Info.Sec.),OPEN,2025,24.2326
74,"ITM Vocational University, Waghodia, Dist: Vadodara",COMPUTER ENGINEERING (Data Science),OPEN,2025,25.7071
74,"ITM Vocational University, Waghodia, Dist: Vadodara",MECHATRONICS ENGINEERING,OPEN,2025,64.7511
75,"Indus Institute Of Tech. & Engg., Racharda, Ahmedabad",AUTOMOBILE ENGINEERING,OPEN,2025,15.6381
75,"Indus Institute Of Tech. & Engg., Racharda, Ahmedabad",CIVIL ENGINEERING,OPEN,2025,18.5198
75,"Indus Institute Of Tech. & Engg., Racharda, Ahmedabad",COMPUTER ENGINEERING,OPEN,2025,8.4641
75,"Indus Institute Of Tech. & Engg., Racharda, Ahmedabad",COMPUTER ENGINEERING,TFWS,2025,84.3335
75,"Indus Institute Of Tech. & Engg., Racharda, Ahmedabad",COMPUTER SCIENCE & ENGINEERING,OPEN,2025,7.4119
75,"Indus Institute Of Tech. & Engg., Racharda, Ahmedabad",COMPUTER SCIENCE & ENGINEERING,TFWS,2025,79.3
75,"Indus Institute Of Tech. & Engg., Racharda, Ahmedabad",CYBER SECURITY,OPEN,2025,21.7868
75,"Indus Institute Of Tech. & Engg., Racharda, Ahmedabad",ELECTRICAL ENGINEERING,OPEN,2025,16.4227
75,"Indus Institute Of Tech. & Engg., Racharda, Ahmedabad",ELECTRONICS & COMMUNICATION ENGINEERING,OPEN,2025,16.848
75,"Indus Institute Of Tech. & Engg., Racharda, Ahmedabad",INFORMATION & COMMUNICATION TECHNOLOGY,OPEN,2025,23.5255
75,"Indus Institute Of Tech. & Engg., Racharda, Ahmedabad",INFORMATION TECHNOLOGY,OPEN,2025,11.925
75,"Indus Institute Of Tech. & Engg., Racharda, Ahmedabad",INFORMATION TECHNOLOGY,TFWS,2025,80.4254
75,"Indus Institute Of Tech. & Engg., Racharda, Ahmedabad",MECHANICAL ENGINEERING,OPEN,2025,34.2081
76,"Institute Of Technology, Nirma University Of Science & Technology, Ahmedabad",ARTIFICIAL INTELLIGENCE(AI) AND MACHINE LEARNING,EWS,2025,98.6123
76,"Institute Of Technology, Nirma University Of Science & Technology, Ahmedabad",ARTIFICIAL INTELLIGENCE(AI) AND MACHINE LEARNING,OPEN,2025,98.7096
76,"Institute Of Technology, Nirma University Of Science & Technology, Ahmedabad",ARTIFICIAL INTELLIGENCE(AI) AND MACHINE LEARNING,SC,2025,89.8848
76,"Institute Of Technology, Nirma University Of Science & Technology, Ahmedabad",ARTIFICIAL INTELLIGENCE(AI) AND MACHINE LEARNING,SEBC,2025,96.7585
76,"Institute Of Technology, Nirma University Of Science & Technology, Ahmedabad",ARTIFICIAL INTELLIGENCE(AI) AND MACHINE LEARNING,ST,2025,58.3496
76,"Institute Of Technology, Nirma University Of Science & Technology, Ahmedabad",ARTIFICIAL INTELLIGENCE(AI) AND MACHINE LEARNING,TFWS,2025,99.5079
76,"Institute Of Technology, Nirma University Of Science & Technology, Ahmedabad",CHEMICAL ENGINEERING,EWS,2025,87.4488
76,"Institute Of Technology, Nirma University Of Science & Technology, Ahmedabad",CHEMICAL ENGINEERING,OPEN,2025,91.5477
76,"Institute Of Technology, Nirma University Of Science & Technology, Ahmedabad",CHEMICAL ENGINEERING,SC,2025,42.647
76,"Institute Of Technology, Nirma University Of Science & Technology, Ahmedabad",CHEMICAL ENGINEERING,SEBC,2025,72.1369
76,"Institute Of Technology, Nirma University Of Science & Technology, Ahmedabad",CHEMICAL ENGINEERING,ST,2025,15.4859
76,"Institute Of Technology, Nirma University Of Science & Technology, Ahmedabad",CHEMICAL ENGINEERING,TFWS,2025,97.9776
76,"Institute Of Technology, Nirma University Of Science & Technology, Ahmedabad",CIVIL ENGINEERING,EWS,2025,58.9408
76,"Institute Of Technology, Nirma University Of Science & Technology, Ahmedabad",CIVIL ENGINEERING,OPEN,2025,77.8057
76,"Institute Of Technology, Nirma University Of Science & Technology, Ahmedabad",CIVIL ENGINEERING,SC,2025,43.8779
76,"Institute Of Technology, Nirma University Of Science & Technology, Ahmedabad",CIVIL ENGINEERING,SEBC,2025,51.3124
76,"Institute Of Technology, Nirma University Of Science & Technology, Ahmedabad",CIVIL ENGINEERING,ST,2025,9.5765
76,"Institute Of Technology, Nirma University Of Science & Technology, Ahmedabad",CIVIL ENGINEERING,TFWS,2025,96.8655
76,"Institute Of Technology, Nirma University Of Science & Technology, Ahmedabad",COMPUTER SCIENCE & ENGINEERING,ESM,2025,94.2963
76,"Institute Of Technology, Nirma University Of Science & Technology, Ahmedabad",COMPUTER SCIENCE & ENGINEERING,EWS,2025,98.9416
76,"Institute Of Technology, Nirma University Of Science & Technology, Ahmedabad",COMPUTER SCIENCE & ENGINEERING,OPEN,2025,99.173
76,"Institute Of Technology, Nirma University Of Science & Technology, Ahmedabad",COMPUTER SCIENCE & ENGINEERING,SC,2025,91.1808
76,"Institute Of Technology, Nirma University Of Science & Technology, Ahmedabad",COMPUTER SCIENCE & ENGINEERING,SEBC,2025,97.9552
76,"Institute Of Technology, Nirma University Of Science & Technology, Ahmedabad",COMPUTER SCIENCE & ENGINEERING,ST,2025,51.5637
76,"Institute Of Technology, Nirma University Of Science & Technology, Ahmedabad",COMPUTER SCIENCE & ENGINEERING,TFWS,2025,99.6941
76,"Institute Of Technology, Nirma University Of Science & Technology, Ahmedabad",ELECTRICAL ENGINEERING,EWS,2025,76.9226
76,"Institute Of Technology, Nirma University Of Science & Technology, Ahmedabad",ELECTRICAL ENGINEERING,OPEN,2025,83.9597
76,"Institute Of Technology, Nirma University Of Science & Technology, Ahmedabad",ELECTRICAL ENGINEERING,SC,2025,50.2158
76,"Institute Of Technology, Nirma University Of Science & Technology, Ahmedabad",ELECTRICAL ENGINEERING,SEBC,2025,71.683
76,"Institute Of Technology, Nirma University Of Science & Technology, Ahmedabad",ELECTRICAL ENGINEERING,ST,2025,42.4225
76,"Institute Of Technology, Nirma University Of Science & Technology, Ahmedabad",ELECTRICAL ENGINEERING,TFWS,2025,95.3556
76,"Institute Of Technology, Nirma University Of Science & Technology, Ahmedabad",ELECTRONICS & COMMUNICATION ENGINEERING,ESM,2025,77.8458
76,"Institute Of Technology, Nirma University Of Science & Technology, Ahmedabad",ELECTRONICS & COMMUNICATION ENGINEERING,EWS,2025,96.3572
76,"Institute Of Technology, Nirma University Of Science & Technology, Ahmedabad",ELECTRONICS & COMMUNICATION ENGINEERING,OPEN,2025,97.2916
76,"Institute Of Technology, Nirma University Of Science & Technology, Ahmedabad",ELECTRONICS & COMMUNICATION ENGINEERING,SC,2025,88.9685
76,"Institute Of Technology, Nirma University Of Science & Technology, Ahmedabad",ELECTRONICS & COMMUNICATION ENGINEERING,SEBC,2025,90.1389
76,"Institute Of Technology, Nirma University Of Science & Technology, Ahmedabad",ELECTRONICS & COMMUNICATION ENGINEERING,ST,2025,29.2743
76,"Institute Of Technology, Nirma University Of Science & Technology, Ahmedabad",ELECTRONICS & COMMUNICATION ENGINEERING,TFWS,2025,98.9588
76,"Institute Of Technology, Nirma University Of Science & Technology, Ahmedabad",ELECTRONICS & INSTRUMENTATION ENGINEERING,EWS,2025,85.5883
76,"Institute Of Technology, Nirma University Of Science & Technology, Ahmedabad",ELECTRONICS & INSTRUMENTATION ENGINEERING,OPEN,2025,91.1705
76,"Institute Of Technology, Nirma University Of Science & Technology, Ahmedabad",ELECTRONICS & INSTRUMENTATION ENGINEERING,SC,2025,82.123
76,"Institute Of Technology, Nirma University Of Science & Technology, Ahmedabad",ELECTRONICS & INSTRUMENTATION ENGINEERING,SEBC,2025,74.1129
76,"Institute Of Technology, Nirma University Of Science & Technology, Ahmedabad",ELECTRONICS & INSTRUMENTATION ENGINEERING,TFWS,2025,96.2347
76,"Institute Of Technology, Nirma University Of Science & Technology, Ahmedabad",MECHANICAL ENGINEERING,ESM,2025,55.4512
76,"Institute Of Technology, Nirma University Of Science & Technology, Ahmedabad",MECHANICAL ENGINEERING,EWS,2025,83.792
76,"Institute Of Technology, Nirma University Of Science & Technology, Ahmedabad",MECHANICAL ENGINEERING,OPEN,2025,86.861
76,"Institute Of Technology, Nirma University Of Science & Technology, Ahmedabad",MECHANICAL ENGINEERING,SC,2025,72.6414
76,"Institute Of Technology, Nirma University Of Science & Technology, Ahmedabad",MECHANICAL ENGINEERING,SEBC,2025,75.7674
76,"Institute Of Technology, Nirma University Of Science & Technology, Ahmedabad",MECHANICAL ENGINEERING,ST,2025,23.7963
76,"Institute Of Technology, Nirma University Of Science & Technology, Ahmedabad",MECHANICAL ENGINEERING,TFWS,2025,98.2111
77,"Institute of Advanced Research, Gandhinagar",BIOTECHNOLOGY,OPEN,2025,34.7831
77,"Institute of Advanced Research, Gandhinagar",CHEMICAL ENGINEERING,OPEN,2025,30.4622
77,"Institute of Advanced Research, Gandhinagar",COMPUTER ENGINEERING,EWS,2025,13.5271
77,"Institute of Advanced Research, Gandhinagar",COMPUTER ENGINEERING,OPEN,2025,30.2667
77,"Institute of Advanced Research, Gandhinagar",COMPUTER ENGINEERING,SC,2025,5.8947
77,"Institute of Advanced Research, Gandhinagar",COMPUTER ENGINEERING,SEBC,2025,12.7571
77,"Institute of Advanced Research, Gandhinagar",COMPUTER ENGINEERING,TFWS,2025,83.7182
77,"Institute of Advanced Research, Gandhinagar",INFORMATION TECHNOLOGY,OPEN,2025,15.6258
77,"Institute of Advanced Research, Gandhinagar",INFORMATION TECHNOLOGY,TFWS,2025,83.3765
78,"Institute of Infrastructure, Tech., Research & Management (IITRAM), Maninagar, Ahmedabad",CIVIL ENGINEERING,OPEN,2025,10.755
78,"Institute of Infrastructure, Tech., Research & Management (IITRAM), Maninagar, Ahmedabad",COMPUTER ENGINEERING,ESM,2025,80.7435
78,"Institute of Infrastructure, Tech., Research & Management (IITRAM), Maninagar, Ahmedabad",COMPUTER ENGINEERING,EWS,2025,93.0637
78,"Institute of Infrastructure, Tech., Research & Management (IITRAM), Maninagar, Ahmedabad",COMPUTER ENGINEERING,OPEN,2025,94.0598
78,"Institute of Infrastructure, Tech., Research & Management (IITRAM), Maninagar, Ahmedabad",COMPUTER ENGINEERING,SC,2025,78.6602
78,"Institute of Infrastructure, Tech., Research & Management (IITRAM), Maninagar, Ahmedabad",COMPUTER ENGINEERING,SEBC,2025,86.5058
78,"Institute of Infrastructure, Tech., Research & Management (IITRAM), Maninagar, Ahmedabad",COMPUTER ENGINEERING,ST,2025,25.8636
78,"Institute of Infrastructure, Tech., Research & Management (IITRAM), Maninagar, Ahmedabad",COMPUTER ENGINEERING,TFWS,2025,97.0687
78,"Institute of Infrastructure, Tech., Research & Management (IITRAM), Maninagar, Ahmedabad",ELECTRICAL ENGINEERING,EWS,2025,26.5581
78,"Institute of Infrastructure, Tech., Research & Management (IITRAM), Maninagar, Ahmedabad",ELECTRICAL ENGINEERING,OPEN,2025,34.064
78,"Institute of Infrastructure, Tech., Research & Management (IITRAM), Maninagar, Ahmedabad",ELECTRICAL ENGINEERING,SC,2025,21.7355
78,"Institute of Infrastructure, Tech., Research & Management (IITRAM), Maninagar, Ahmedabad",ELECTRICAL ENGINEERING,SEBC,2025,30.6145
78,"Institute of Infrastructure, Tech., Research & Management (IITRAM), Maninagar, Ahmedabad",MECHANICAL ENGINEERING,EWS,2025,47.2568
78,"Institute of Infrastructure, Tech., Research & Management (IITRAM), Maninagar, Ahmedabad",MECHANICAL ENGINEERING,OPEN,2025,58.6453
78,"Institute of Infrastructure, Tech., Research & Management (IITRAM), Maninagar, Ahmedabad",MECHANICAL ENGINEERING,SC,2025,13.681
78,"Institute of Infrastructure, Tech., Research & Management (IITRAM), Maninagar, Ahmedabad",MECHANICAL ENGINEERING,SEBC,2025,15.9902
79,Ipcowala Institute Of Engineering And Technology Dharmaj,COMPUTER ENGINEERING,OPEN,2025,51.9717
80,"JG University - School of Engineering, Ahmedabad",ARTIFICIAL INTELLIGENCE AND DATA SCIENCE,OPEN,2025,7.8846
80,"JG University - School of Engineering, Ahmedabad",ARTIFICIAL INTELLIGENCE AND DATA SCIENCE,TFWS,2025,65.8386
80,"JG University - School of Engineering, Ahmedabad",ARTIFICIAL INTELLIGENCE(AI) AND MACHINE LEARNING,OPEN,2025,23.2267
80,"JG University - School of Engineering, Ahmedabad",ARTIFICIAL INTELLIGENCE(AI) AND MACHINE LEARNING,TFWS,2025,65.7797
80,"JG University - School of Engineering, Ahmedabad",COMPUTER SCIENCE & ENGINEERING,OPEN,2025,15.3156
80,"JG University - School of Engineering, Ahmedabad",INFORMATION TECHNOLOGY,OPEN,2025,10.0269
81,"K.J. Institute Of Engg. And Tech., Savali",COMPUTER ENGINEERING,OPEN,2025,41.9753
81,"K.J. Institute Of Engg. And Tech., Savali",INFORMATION TECHNOLOGY,OPEN,2025,13.4476
82,"KANKESHWARIDEVI INSTITUTE OF TECHNOLOGY, JAMNAGAR",COMPUTER ENGINEERING,OPEN,2025,41.4976
85,Krishna School of Emerging Technology & Applied Research (Formerly Known as Babaria Institute,COMPUTER SCIENCE & ENGINEERING,OPEN,2025,10.2144
85,Krishna School of Emerging Technology & Applied Research (Formerly Known as Babaria Institute,COMPUTER SCIENCE & ENGINEERING,TFWS,2025,72.5286
85,Krishna School of Emerging Technology & Applied Research (Formerly Known as Babaria Institute,ELECTRICAL ENGINEERING,OPEN,2025,6.4711
85,Krishna School of Emerging Technology & Applied Research (Formerly Known as Babaria Institute,INFORMATION TECHNOLOGY,OPEN,2025,12.3437
85,Krishna School of Emerging Technology & Applied Research (Formerly Known as Babaria Institute,MECHANICAL ENGINEERING,OPEN,2025,15.6457
87,"Krishna School of Technology, Varnama, Vadodara",COMPUTER ENGINEERING,OPEN,2025,6.3024
87,"Krishna School of Technology, Varnama, Vadodara",COMPUTER ENGINEERING,TFWS,2025,62.7202
87,"Krishna School of Technology, Varnama, Vadodara",COMPUTER ENGINEERING (ARTIFICIAL INTELLIGENCE),OPEN,2025,56.8584
87,"Krishna School of Technology, Varnama, Vadodara",COMPUTER SCIENCE & ENGINEERING (CYBER SECURITY),OPEN,2025,13.0932
87,"Krishna School of Technology, Varnama, Vadodara",FOOD TECHNOLOGY,OPEN,2025,41.2266
87,"Krishna School of Technology, Varnama, Vadodara",FOOD TECHNOLOGY,TFWS,2025,59.4166
88,"L.D.College Of Engineering, Ahmedabad",ARTIFICIAL INTELLIGENCE(AI) AND MACHINE LEARNING,EWS,2025,95.7889
88,"L.D.College Of Engineering, Ahmedabad",ARTIFICIAL INTELLIGENCE(AI) AND MACHINE LEARNING,OPEN,2025,96.7635
88,"L.D.College Of Engineering, Ahmedabad",ARTIFICIAL INTELLIGENCE(AI) AND MACHINE LEARNING,SC,2025,80.1402
88,"L.D.College Of Engineering, Ahmedabad",ARTIFICIAL INTELLIGENCE(AI) AND MACHINE LEARNING,SEBC,2025,94.8588
88,"L.D.College Of Engineering, Ahmedabad",ARTIFICIAL INTELLIGENCE(AI) AND MACHINE LEARNING,ST,2025,54.4638
88,"L.D.College Of Engineering, Ahmedabad",ARTIFICIAL INTELLIGENCE(AI) AND MACHINE LEARNING,TFWS,2025,98.1755
88,"L.D.College Of Engineering, Ahmedabad",AUTOMOBILE ENGINEERING,EWS,2025,29.0979
88,"L.D.College Of Engineering, Ahmedabad",AUTOMOBILE ENGINEERING,OPEN,2025,48.2048
88,"L.D.College Of Engineering, Ahmedabad",AUTOMOBILE ENGINEERING,SC,2025,9.1013
88,"L.D.College Of Engineering, Ahmedabad",AUTOMOBILE ENGINEERING,SEBC,2025,24.1439
88,"L.D.College Of Engineering, Ahmedabad",AUTOMOBILE ENGINEERING,ST,2025,12.2797
88,"L.D.College Of Engineering, Ahmedabad",AUTOMOBILE ENGINEERING,TFWS,2025,70.2954
88,"L.D.College Of Engineering, Ahmedabad",BIOMEDICAL ENGINEERING,EWS,2025,30.7447
88,"L.D.College Of Engineering, Ahmedabad",BIOMEDICAL ENGINEERING,OPEN,2025,44.152
88,"L.D.College Of Engineering, Ahmedabad",BIOMEDICAL ENGINEERING,SC,2025,16.758
88,"L.D.College Of Engineering, Ahmedabad",BIOMEDICAL ENGINEERING,SEBC,2025,10.2398
88,"L.D.College Of Engineering, Ahmedabad",BIOMEDICAL ENGINEERING,TFWS,2025,70.8106
88,"L.D.College Of Engineering, Ahmedabad",CHEMICAL ENGINEERING,ESM,2025,66.479
88,"L.D.College Of Engineering, Ahmedabad",CHEMICAL ENGINEERING,EWS,2025,88.5884
88,"L.D.College Of Engineering, Ahmedabad",CHEMICAL ENGINEERING,OPEN,2025,89.663
88,"L.D.College Of Engineering, Ahmedabad",CHEMICAL ENGINEERING,SC,2025,69.5065
88,"L.D.College Of Engineering, Ahmedabad",CHEMICAL ENGINEERING,SEBC,2025,84.3529
88,"L.D.College Of Engineering, Ahmedabad",CHEMICAL ENGINEERING,ST,2025,60.2131
88,"L.D.College Of Engineering, Ahmedabad",CHEMICAL ENGINEERING,TFWS,2025,94.1888
88,"L.D.College Of Engineering, Ahmedabad",CIVIL ENGINEERING,ESM,2025,33.2048
88,"L.D.College Of Engineering, Ahmedabad",CIVIL ENGINEERING,EWS,2025,80.6533
88,"L.D.College Of Engineering, Ahmedabad",CIVIL ENGINEERING,OPEN,2025,84.6508
88,"L.D.College Of Engineering, Ahmedabad",CIVIL ENGINEERING,SC,2025,65.5023
88,"L.D.College Of Engineering, Ahmedabad",CIVIL ENGINEERING,SEBC,2025,72.7584
88,"L.D.College Of Engineering, Ahmedabad",CIVIL ENGINEERING,ST,2025,60.7318
88,"L.D.College Of Engineering, Ahmedabad",CIVIL ENGINEERING,TFWS,2025,92.1779
88,"L.D.College Of Engineering, Ahmedabad",COMPUTER ENGINEERING,ESM,2025,87.6281
88,"L.D.College Of Engineering, Ahmedabad",COMPUTER ENGINEERING,EWS,2025,98.0979
88,"L.D.College Of Engineering, Ahmedabad",COMPUTER ENGINEERING,OPEN,2025,98.5009
88,"L.D.College Of Engineering, Ahmedabad",COMPUTER ENGINEERING,SC,2025,90.8633
88,"L.D.College Of Engineering, Ahmedabad",COMPUTER ENGINEERING,SEBC,2025,97.4707
88,"L.D.College Of Engineering, Ahmedabad",COMPUTER ENGINEERING,ST,2025,64.9772
88,"L.D.College Of Engineering, Ahmedabad",COMPUTER ENGINEERING,TFWS,2025,99.1661
88,"L.D.College Of Engineering, Ahmedabad",ELECTRICAL ENGINEERING,ESM,2025,48.9326
88,"L.D.College Of Engineering, Ahmedabad",ELECTRICAL ENGINEERING,EWS,2025,80.1927
88,"L.D.College Of Engineering, Ahmedabad",ELECTRICAL ENGINEERING,OPEN,2025,85.6437
88,"L.D.College Of Engineering, Ahmedabad",ELECTRICAL ENGINEERING,SC,2025,53.8975
88,"L.D.College Of Engineering, Ahmedabad",ELECTRICAL ENGINEERING,SEBC,2025,77.3318
88,"L.D.College Of Engineering, Ahmedabad",ELECTRICAL ENGINEERING,ST,2025,46.3093
88,"L.D.College Of Engineering, Ahmedabad",ELECTRICAL ENGINEERING,TFWS,2025,92.2123
88,"L.D.College Of Engineering, Ahmedabad",ELECTRONICS & COMMUNICATION ENGINEERING,ESM,2025,74.8281
88,"L.D.College Of Engineering, Ahmedabad",ELECTRONICS & COMMUNICATION ENGINEERING,EWS,2025,92.1308
88,"L.D.College Of Engineering, Ahmedabad",ELECTRONICS & COMMUNICATION ENGINEERING,OPEN,2025,93.9247
88,"L.D.College Of Engineering, Ahmedabad",ELECTRONICS & COMMUNICATION ENGINEERING,SC,2025,74.5672
88,"L.D.College Of Engineering, Ahmedabad",ELECTRONICS & COMMUNICATION ENGINEERING,SEBC,2025,88.0022
88,"L.D.College Of Engineering, Ahmedabad",ELECTRONICS & COMMUNICATION ENGINEERING,ST,2025,29.7094
88,"L.D.College Of Engineering, Ahmedabad",ELECTRONICS & COMMUNICATION ENGINEERING,TFWS,2025,96.2651
88,"L.D.College Of Engineering, Ahmedabad",ENVIRONMENTAL ENGINEERING,EWS,2025,49.6029
88,"L.D.College Of Engineering, Ahmedabad",ENVIRONMENTAL ENGINEERING,OPEN,2025,60.2031
88,"L.D.College Of Engineering, Ahmedabad",ENVIRONMENTAL ENGINEERING,SC,2025,23.4074
88,"L.D.College Of Engineering, Ahmedabad",ENVIRONMENTAL ENGINEERING,SEBC,2025,32.8833
88,"L.D.College Of Engineering, Ahmedabad",ENVIRONMENTAL ENGINEERING,ST,2025,40.5612
88,"L.D.College Of Engineering, Ahmedabad",ENVIRONMENTAL ENGINEERING,TFWS,2025,76.9306
88,"L.D.College Of Engineering, Ahmedabad",INFORMATION TECHNOLOGY,ESM,2025,86.6108
88,"L.D.College Of Engineering, Ahmedabad",INFORMATION TECHNOLOGY,EWS,2025,96.6552
88,"L.D.College Of Engineering, Ahmedabad",INFORMATION TECHNOLOGY,OPEN,2025,97.4004
88,"L.D.College Of Engineering, Ahmedabad",INFORMATION TECHNOLOGY,SC,2025,87.3006
88,"L.D.College Of Engineering, Ahmedabad",INFORMATION TECHNOLOGY,SEBC,2025,96.003
88,"L.D.College Of Engineering, Ahmedabad",INFORMATION TECHNOLOGY,ST,2025,64.7356
88,"L.D.College Of Engineering, Ahmedabad",INFORMATION TECHNOLOGY,TFWS,2025,98.1544
88,"L.D.College Of Engineering, Ahmedabad",INSTRUMENTATION & CONTROL ENGINEERING,ESM,2025,45.2005
88,"L.D.College Of Engineering, Ahmedabad",INSTRUMENTATION & CONTROL ENGINEERING,EWS,2025,75.2133
88,"L.D.College Of Engineering, Ahmedabad",INSTRUMENTATION & CONTROL ENGINEERING,OPEN,2025,78.2691
88,"L.D.College Of Engineering, Ahmedabad",INSTRUMENTATION & CONTROL ENGINEERING,SC,2025,40.3383
88,"L.D.College Of Engineering, Ahmedabad",INSTRUMENTATION & CONTROL ENGINEERING,SEBC,2025,61.4474
88,"L.D.College Of Engineering, Ahmedabad",INSTRUMENTATION & CONTROL ENGINEERING,TFWS,2025,88.3783
88,"L.D.College Of Engineering, Ahmedabad",MECHANICAL ENGINEERING,ESM,2025,67.9601
88,"L.D.College Of Engineering, Ahmedabad",MECHANICAL ENGINEERING,EWS,2025,86.8589
88,"L.D.College Of Engineering, Ahmedabad",MECHANICAL ENGINEERING,OPEN,2025,89.314
88,"L.D.College Of Engineering, Ahmedabad",MECHANICAL ENGINEERING,SC,2025,55.3794
88,"L.D.College Of Engineering, Ahmedabad",MECHANICAL ENGINEERING,SEBC,2025,81.3599
88,"L.D.College Of Engineering, Ahmedabad",MECHANICAL ENGINEERING,ST,2025,40.0428
88,"L.D.College Of Engineering, Ahmedabad",MECHANICAL ENGINEERING,TFWS,2025,94.3074
88,"L.D.College Of Engineering, Ahmedabad",PLASTIC TECHNOLOGY,OPEN,2025,14.4764
88,"L.D.College Of Engineering, Ahmedabad",ROBOTICS AND AUTOMATION,EWS,2025,78.5671
88,"L.D.College Of Engineering, Ahmedabad",ROBOTICS AND AUTOMATION,OPEN,2025,83.3889
88,"L.D.College Of Engineering, Ahmedabad",ROBOTICS AND AUTOMATION,SC,2025,36.3283
88,"L.D.College Of Engineering, Ahmedabad",ROBOTICS AND AUTOMATION,SEBC,2025,66.9339
88,"L.D.College Of Engineering, Ahmedabad",ROBOTICS AND AUTOMATION,ST,2025,30.752
88,"L.D.College Of Engineering, Ahmedabad",ROBOTICS AND AUTOMATION,TFWS,2025,92.3614
88,"L.D.College Of Engineering, Ahmedabad",RUBBER TECHNOLOGY,EWS,2025,18.347
88,"L.D.College Of Engineering, Ahmedabad",RUBBER TECHNOLOGY,OPEN,2025,40.5327
88,"L.D.College Of Engineering, Ahmedabad",RUBBER TECHNOLOGY,SEBC,2025,9.4828
88,"L.D.College Of Engineering, Ahmedabad",TEXTILE TECHNOLOGY,OPEN,2025,7.8426
89,"L.D.R.P. Institute Of Tech. & Research., Gandhinagar",CIVIL ENGINEERING,OPEN,2025,11.9128
89,"L.D.R.P. Institute Of Tech. & Research., Gandhinagar",COMPUTER ENGINEERING,ESM,2025,30.184
89,"L.D.R.P. Institute Of Tech. & Research., Gandhinagar",COMPUTER ENGINEERING,EWS,2025,32.6446
89,"L.D.R.P. Institute Of Tech. & Research., Gandhinagar",COMPUTER ENGINEERING,OPEN,2025,49.5194
89,"L.D.R.P. Institute Of Tech. & Research., Gandhinagar",COMPUTER ENGINEERING,SC,2025,10.7412
89,"L.D.R.P. Institute Of Tech. & Research., Gandhinagar",COMPUTER ENGINEERING,SEBC,2025,8.5955
89,"L.D.R.P. Institute Of Tech. & Research., Gandhinagar",COMPUTER ENGINEERING,ST,2025,26.0511
89,"L.D.R.P. Institute Of Tech. & Research., Gandhinagar",COMPUTER ENGINEERING,TFWS,2025,86.5632
89,"L.D.R.P. Institute Of Tech. & Research., Gandhinagar",ELECTRICAL ENGINEERING,OPEN,2025,8.9036
89,"L.D.R.P. Institute Of Tech. & Research., Gandhinagar",ELECTRONICS & COMMUNICATION ENGINEERING,OPEN,2025,16.1
89,"L.D.R.P. Institute Of Tech. & Research., Gandhinagar",INFORMATION TECHNOLOGY,EWS,2025,16.3621
89,"L.D.R.P. Institute Of Tech. & Research., Gandhinagar",INFORMATION TECHNOLOGY,OPEN,2025,31.6835
89,"L.D.R.P. Institute Of Tech. & Research., Gandhinagar",INFORMATION TECHNOLOGY,SC,2025,20.012
89,"L.D.R.P. Institute Of Tech. & Research., Gandhinagar",INFORMATION TECHNOLOGY,SEBC,2025,14.8094
89,"L.D.R.P. Institute Of Tech. & Research., Gandhinagar",INFORMATION TECHNOLOGY,TFWS,2025,85.3188
89,"L.D.R.P. Institute Of Tech. & Research., Gandhinagar",MECHANICAL ENGINEERING,OPEN,2025,14.7886
90,"L.E.College ,Morbi",CHEMICAL ENGINEERING,OPEN,2025,14.5561
90,"L.E.College ,Morbi",CHEMICAL ENGINEERING,TFWS,2025,69.5284
90,"L.E.College ,Morbi",CIVIL ENGINEERING,OPEN,2025,17.9154
90,"L.E.College ,Morbi",ELECTRICAL ENGINEERING,OPEN,2025,13.346
90,"L.E.College ,Morbi",INFORMATION TECHNOLOGY,EWS,2025,62.1067
90,"L.E.College ,Morbi",INFORMATION TECHNOLOGY,OPEN,2025,71.3672
90,"L.E.College ,Morbi",INFORMATION TECHNOLOGY,SC,2025,39.6973
90,"L.E.College ,Morbi",INFORMATION TECHNOLOGY,SEBC,2025,62.7791
90,"L.E.College ,Morbi",INFORMATION TECHNOLOGY,TFWS,2025,82.3896
90,"L.E.College ,Morbi",MECHANICAL ENGINEERING,OPEN,2025,29.7673
91,"L.J. Institute Of Engg And Tech., Ahmedabad",ARTIFICIAL INTELLIGENCE AND DATA SCIENCE,EWS,2025,50.4195
91,"L.J. Institute Of Engg And Tech., Ahmedabad",ARTIFICIAL INTELLIGENCE AND DATA SCIENCE,OPEN,2025,53.5477
91,"L.J. Institute Of Engg And Tech., Ahmedabad",ARTIFICIAL INTELLIGENCE AND DATA SCIENCE,SC,2025,14.292
91,"L.J. Institute Of Engg And Tech., Ahmedabad",ARTIFICIAL INTELLIGENCE AND DATA SCIENCE,SEBC,2025,34.3603
91,"L.J. Institute Of Engg And Tech., Ahmedabad",ARTIFICIAL INTELLIGENCE AND DATA SCIENCE,TFWS,2025,90.1399
91,"L.J. Institute Of Engg And Tech., Ahmedabad",ARTIFICIAL INTELLIGENCE(AI) AND MACHINE LEARNING,EWS,2025,49.4451
91,"L.J. Institute Of Engg And Tech., Ahmedabad",ARTIFICIAL INTELLIGENCE(AI) AND MACHINE LEARNING,OPEN,2025,57.4277
91,"L.J. Institute Of Engg And Tech., Ahmedabad",ARTIFICIAL INTELLIGENCE(AI) AND MACHINE LEARNING,SEBC,2025,44.3774
91,"L.J. Institute Of Engg And Tech., Ahmedabad",BIOTECHNOLOGY,OPEN,2025,14.9745
91,"L.J. Institute Of Engg And Tech., Ahmedabad",BIOTECHNOLOGY,TFWS,2025,88.3363
91,"L.J. Institute Of Engg And Tech., Ahmedabad",CHEMICAL ENGINEERING,OPEN,2025,11.9023
91,"L.J. Institute Of Engg And Tech., Ahmedabad",CIVIL ENGINEERING,OPEN,2025,13.1773
91,"L.J. Institute Of Engg And Tech., Ahmedabad",COMPUTER ENGINEERING,EWS,2025,74.9336
91,"L.J. Institute Of Engg And Tech., Ahmedabad",COMPUTER ENGINEERING,OPEN,2025,80.9167
91,"L.J. Institute Of Engg And Tech., Ahmedabad",COMPUTER ENGINEERING,SC,2025,54.8633
91,"L.J. Institute Of Engg And Tech., Ahmedabad",COMPUTER ENGINEERING,SEBC,2025,50.3778
91,"L.J. Institute Of Engg And Tech., Ahmedabad",COMPUTER ENGINEERING,TFWS,2025,90.7297
91,"L.J. Institute Of Engg And Tech., Ahmedabad",COMPUTER ENGINEERING & APPLICATION,OPEN,2025,47.2297
91,"L.J. Institute Of Engg And Tech., Ahmedabad",COMPUTER ENGINEERING & APPLICATION,TFWS,2025,86.1999
91,"L.J. Institute Of Engg And Tech., Ahmedabad",COMPUTER SCIENCE & BIOSCIENCES,OPEN,2025,23.0067
91,"L.J. Institute Of Engg And Tech., Ahmedabad",COMPUTER SCIENCE & BIOSCIENCES,TFWS,2025,81.3183
91,"L.J. Institute Of Engg And Tech., Ahmedabad",COMPUTER SCIENCE & DESIGN,OPEN,2025,15.1701
91,"L.J. Institute Of Engg And Tech., Ahmedabad",COMPUTER SCIENCE & ENGINEERING,EWS,2025,73.6168
91,"L.J. Institute Of Engg And Tech., Ahmedabad",COMPUTER SCIENCE & ENGINEERING,OPEN,2025,78.5838
91,"L.J. Institute Of Engg And Tech., Ahmedabad",COMPUTER SCIENCE & ENGINEERING,SC,2025,58.3338
91,"L.J. Institute Of Engg And Tech., Ahmedabad",COMPUTER SCIENCE & ENGINEERING,SEBC,2025,54.4486
91,"L.J. Institute Of Engg And Tech., Ahmedabad",COMPUTER SCIENCE & ENGINEERING,ST,2025,31.0138
91,"L.J. Institute Of Engg And Tech., Ahmedabad",COMPUTER SCIENCE & ENGINEERING,TFWS,2025,90.7138
91,"L.J. Institute Of Engg And Tech., Ahmedabad",COMPUTER SCIENCE & ENGINEERING (ARTIFICIAL INTELLIGENCE),EWS,2025,61.0981
91,"L.J. Institute Of Engg And Tech., Ahmedabad",COMPUTER SCIENCE & ENGINEERING (ARTIFICIAL INTELLIGENCE),OPEN,2025,78.4404
91,"L.J. Institute Of Engg And Tech., Ahmedabad",COMPUTER SCIENCE & ENGINEERING (ARTIFICIAL INTELLIGENCE),SC,2025,52.2777
91,"L.J. Institute Of Engg And Tech., Ahmedabad",COMPUTER SCIENCE & ENGINEERING (ARTIFICIAL INTELLIGENCE),SEBC,2025,34.706
91,"L.J. Institute Of Engg And Tech., Ahmedabad",COMPUTER SCIENCE & ENGINEERING (ARTIFICIAL INTELLIGENCE),ST,2025,15.4948
91,"L.J. Institute Of Engg And Tech., Ahmedabad",COMPUTER SCIENCE & ENGINEERING (ARTIFICIAL INTELLIGENCE),TFWS,2025,89.8792
91,"L.J. Institute Of Engg And Tech., Ahmedabad",COMPUTER SCIENCE & ENGINEERING (CYBER SECURITY),EWS,2025,59.7915
91,"L.J. Institute Of Engg And Tech., Ahmedabad",COMPUTER SCIENCE & ENGINEERING (CYBER SECURITY),OPEN,2025,64.6152
91,"L.J. Institute Of Engg And Tech., Ahmedabad",COMPUTER SCIENCE & ENGINEERING (CYBER SECURITY),SC,2025,21.3185
91,"L.J. Institute Of Engg And Tech., Ahmedabad",COMPUTER SCIENCE & ENGINEERING (CYBER SECURITY),SEBC,2025,21.592
91,"L.J. Institute Of Engg And Tech., Ahmedabad",COMPUTER SCIENCE & ENGINEERING (CYBER SECURITY),TFWS,2025,89.2301
91,"L.J. Institute Of Engg And Tech., Ahmedabad",COMPUTER SCIENCE & ENGINEERING (DATA SCIENCE),EWS,2025,73.1828
91,"L.J. Institute Of Engg And Tech., Ahmedabad",COMPUTER SCIENCE & ENGINEERING (DATA SCIENCE),OPEN,2025,75.5929
91,"L.J. Institute Of Engg And Tech., Ahmedabad",COMPUTER SCIENCE & ENGINEERING (DATA SCIENCE),SC,2025,38.0731
91,"L.J. Institute Of Engg And Tech., Ahmedabad",COMPUTER SCIENCE & ENGINEERING (DATA SCIENCE),SEBC,2025,44.2324
91,"L.J. Institute Of Engg And Tech., Ahmedabad",COMPUTER SCIENCE & ENGINEERING (DATA SCIENCE),ST,2025,31.3125
91,"L.J. Institute Of Engg And Tech., Ahmedabad",COMPUTER SCIENCE & ENGINEERING (DATA SCIENCE),TFWS,2025,89.8692
91,"L.J. Institute Of Engg And Tech., Ahmedabad",COMPUTER SCIENCE & INFORMATION TECHNOLOGY,EWS,2025,47.1305
91,"L.J. Institute Of Engg And Tech., Ahmedabad",COMPUTER SCIENCE & INFORMATION TECHNOLOGY,OPEN,2025,52.1246
91,"L.J. Institute Of Engg And Tech., Ahmedabad",COMPUTER SCIENCE & INFORMATION TECHNOLOGY,SC,2025,46.8611
91,"L.J. Institute Of Engg And Tech., Ahmedabad",COMPUTER SCIENCE & INFORMATION TECHNOLOGY,SEBC,2025,12.2043
91,"L.J. Institute Of Engg And Tech., Ahmedabad",COMPUTER SCIENCE & INFORMATION TECHNOLOGY,TFWS,2025,87.4413
91,"L.J. Institute Of Engg And Tech., Ahmedabad",COMPUTER SCIENCE & TECHNOLOGY,OPEN,2025,5.0997
91,"L.J. Institute Of Engg And Tech., Ahmedabad",COMPUTER SCIENCE & TECHNOLOGY,TFWS,2025,86.9729
91,"L.J. Institute Of Engg And Tech., Ahmedabad",ELECTRONICS & COMMUNICATION ENGINEERING,EWS,2025,37.4149
91,"L.J. Institute Of Engg And Tech., Ahmedabad",ELECTRONICS & COMMUNICATION ENGINEERING,OPEN,2025,48.7217
91,"L.J. Institute Of Engg And Tech., Ahmedabad",ELECTRONICS & COMMUNICATION ENGINEERING,SC,2025,47.0469
91,"L.J. Institute Of Engg And Tech., Ahmedabad",ELECTRONICS & COMMUNICATION ENGINEERING,SEBC,2025,30.7756
91,"L.J. Institute Of Engg And Tech., Ahmedabad",INFORMATION TECHNOLOGY,EWS,2025,61.4246
91,"L.J. Institute Of Engg And Tech., Ahmedabad",INFORMATION TECHNOLOGY,OPEN,2025,69.2357
91,"L.J. Institute Of Engg And Tech., Ahmedabad",INFORMATION TECHNOLOGY,SC,2025,43.9161
91,"L.J. Institute Of Engg And Tech., Ahmedabad",INFORMATION TECHNOLOGY,SEBC,2025,40.141
91,"L.J. Institute Of Engg And Tech., Ahmedabad",INFORMATION TECHNOLOGY,TFWS,2025,88.8013
91,"L.J. Institute Of Engg And Tech., Ahmedabad",MATHEMATICS AND COMPUTING,EWS,2025,33.557
91,"L.J. Institute Of Engg And Tech., Ahmedabad",MATHEMATICS AND COMPUTING,OPEN,2025,40.0766
91,"L.J. Institute Of Engg And Tech., Ahmedabad",MATHEMATICS AND COMPUTING,TFWS,2025,87.0146
91,"L.J. Institute Of Engg And Tech., Ahmedabad",MECHANICAL ENGINEERING,OPEN,2025,15.3272
91,"L.J. Institute Of Engg And Tech., Ahmedabad",ROBOTICS & ARTIFICIAL INTELLIGENCE,OPEN,2025,8.65
92,"Laljibhai Chaturbhai Institute Of Tech., Bhandu, Mahesana",COMPUTER SCIENCE & ENGINEERING,OPEN,2025,22.2362
93,"Laxmi Institute Of Technology, Sarigam, Valsad",CIVIL ENGINEERING,OPEN,2025,23.9892
93,"Laxmi Institute Of Technology, Sarigam, Valsad",COMPUTER SCIENCE & ENGINEERING,OPEN,2025,12.7113
93,"Laxmi Institute Of Technology, Sarigam, Valsad",COMPUTER SCIENCE & ENGINEERING,TFWS,2025,63.4722
93,"Laxmi Institute Of Technology, Sarigam, Valsad",ELECTRICAL ENGINEERING,OPEN,2025,8.8487
93,"Laxmi Institute Of Technology, Sarigam, Valsad",INFORMATION TECHNOLOGY,OPEN,2025,8.6045
93,"Laxmi Institute Of Technology, Sarigam, Valsad",INFORMATION TECHNOLOGY,TFWS,2025,65.635
93,"Laxmi Institute Of Technology, Sarigam, Valsad",MECHANICAL ENGINEERING,OPEN,2025,10.3097
94,"Madhuben & Bhanubhai Patel Institute of Technology, New V.V.Nagar",COMPUTER ENGINEERING,EWS,2025,24.6115
94,"Madhuben & Bhanubhai Patel Institute of Technology, New V.V.Nagar",COMPUTER ENGINEERING,OPEN,2025,48.984
94,"Madhuben & Bhanubhai Patel Institute of Technology, New V.V.Nagar",COMPUTER ENGINEERING,SC,2025,32.1057
94,"Madhuben & Bhanubhai Patel Institute of Technology, New V.V.Nagar",COMPUTER ENGINEERING,SEBC,2025,11.925
94,"Madhuben & Bhanubhai Patel Institute of Technology, New V.V.Nagar",COMPUTER ENGINEERING,TFWS,2025,81.5472
94,"Madhuben & Bhanubhai Patel Institute of Technology, New V.V.Nagar",INFORMATION TECHNOLOGY,OPEN,2025,7.9039
94,"Madhuben & Bhanubhai Patel Institute of Technology, New V.V.Nagar",INFORMATION TECHNOLOGY,TFWS,2025,77.35
97,"Mahavir Swami College Of Engineering & Technology, Bharthana- Vesu, Surat",COMPUTER ENGINEERING,OPEN,2025,16.2142
101,"Marwadi Education Foundation's Group of Institutions - Faculty of Engineering & Technology, Rajkot",BIOINFORMATICS,OPEN,2025,26.2853
101,"Marwadi Education Foundation's Group of Institutions - Faculty of Engineering & Technology, Rajkot",CHEMICAL ENGINEERING,OPEN,2025,34.0885
101,"Marwadi Education Foundation's Group of Institutions - Faculty of Engineering & Technology, Rajkot",CIVIL ENGINEERING,OPEN,2025,12.0767
101,"Marwadi Education Foundation's Group of Institutions - Faculty of Engineering & Technology, Rajkot",COMPUTER ENGINEERING,OPEN,2025,12.2884
101,"Marwadi Education Foundation's Group of Institutions - Faculty of Engineering & Technology, Rajkot",COMPUTER SCIENCE & ENGINEERING,OPEN,2025,11.0995
101,"Marwadi Education Foundation's Group of Institutions - Faculty of Engineering & Technology, Rajkot",COMPUTER SCIENCE & ENGINEERING,TFWS,2025,89.7841
101,"Marwadi Education Foundation's Group of Institutions - Faculty of Engineering & Technology, Rajkot",COMPUTER SCIENCE & ENGINEERING (ARTIFICIAL INTELLIGENCE AND MACHINE,OPEN,2025,38.0021
101,"Marwadi Education Foundation's Group of Institutions - Faculty of Engineering & Technology, Rajkot",COMPUTER SCIENCE & ENGINEERING (ARTIFICIAL INTELLIGENCE AND MACHINE,TFWS,2025,83.0496
101,"Marwadi Education Foundation's Group of Institutions - Faculty of Engineering & Technology, Rajkot",COMPUTER SCIENCE & ENGINEERING (CYBER SECURITY),OPEN,2025,16.8292
101,"Marwadi Education Foundation's Group of Institutions - Faculty of Engineering & Technology, Rajkot",COMPUTER SCIENCE & ENGINEERING (CYBER SECURITY),TFWS,2025,84.9888
101,"Marwadi Education Foundation's Group of Institutions - Faculty of Engineering & Technology, Rajkot",Computer Engineering (Artificial Intelligence),OPEN,2025,13.2307
101,"Marwadi Education Foundation's Group of Institutions - Faculty of Engineering & Technology, Rajkot",ELECTRICAL ENGINEERING,OPEN,2025,53.0237
101,"Marwadi Education Foundation's Group of Institutions - Faculty of Engineering & Technology, Rajkot",INFORMATION & COMMUNICATION TECHNOLOGY,EWS,2025,54.3163
101,"Marwadi Education Foundation's Group of Institutions - Faculty of Engineering & Technology, Rajkot",INFORMATION & COMMUNICATION TECHNOLOGY,OPEN,2025,48.1051
101,"Marwadi Education Foundation's Group of Institutions - Faculty of Engineering & Technology, Rajkot",INFORMATION & COMMUNICATION TECHNOLOGY,SC,2025,20.6412
101,"Marwadi Education Foundation's Group of Institutions - Faculty of Engineering & Technology, Rajkot",INFORMATION & COMMUNICATION TECHNOLOGY,SEBC,2025,29.9976
101,"Marwadi Education Foundation's Group of Institutions - Faculty of Engineering & Technology, Rajkot",INFORMATION & COMMUNICATION TECHNOLOGY,TFWS,2025,91.0791
101,"Marwadi Education Foundation's Group of Institutions - Faculty of Engineering & Technology, Rajkot",INFORMATION TECHNOLOGY,OPEN,2025,14.4339
101,"Marwadi Education Foundation's Group of Institutions - Faculty of Engineering & Technology, Rajkot",MECHANICAL ENGINEERING,OPEN,2025,12.3694
102,"Merchant Engg. College, Basna. Visnagar",COMPUTER ENGINEERING,OPEN,2025,11.6602
102,"Merchant Engg. College, Basna. Visnagar",ELECTRICAL ENGINEERING,OPEN,2025,13.1106
103,"Narnarayan Shastri Institute of Technology, Jetalpur, Ahmedabad",COMPUTER SCIENCE & ENGINEERING,OPEN,2025,47.3615
104,"Neotech Institute of Technology, Virod, Vadodara",COMPUTER ENGINEERING,OPEN,2025,11.6359
104,"Neotech Institute of Technology, Virod, Vadodara",MECHANICAL ENGINEERING,OPEN,2025,44.3908
105,New L.J. Institute of Engineering & Technology,COMPUTER SCIENCE & ENGINEERING,ESM,2025,34.1435
105,New L.J. Institute of Engineering & Technology,COMPUTER SCIENCE & ENGINEERING,EWS,2025,66.6809
105,New L.J. Institute of Engineering & Technology,COMPUTER SCIENCE & ENGINEERING,OPEN,2025,74.3916
105,New L.J. Institute of Engineering & Technology,COMPUTER SCIENCE & ENGINEERING,SC,2025,45.0348
105,New L.J. Institute of Engineering & Technology,COMPUTER SCIENCE & ENGINEERING,SEBC,2025,45.2818
105,New L.J. Institute of Engineering & Technology,COMPUTER SCIENCE & ENGINEERING,TFWS,2025,90.3552
105,New L.J. Institute of Engineering & Technology,COMPUTER SCIENCE & ENGINEERING (ARTIFICIAL INTELLIGENCE AND MACHINE,EWS,2025,61.5659
105,New L.J. Institute of Engineering & Technology,COMPUTER SCIENCE & ENGINEERING (ARTIFICIAL INTELLIGENCE AND MACHINE,OPEN,2025,73.8953
105,New L.J. Institute of Engineering & Technology,COMPUTER SCIENCE & ENGINEERING (ARTIFICIAL INTELLIGENCE AND MACHINE,SC,2025,22.6753
105,New L.J. Institute of Engineering & Technology,COMPUTER SCIENCE & ENGINEERING (ARTIFICIAL INTELLIGENCE AND MACHINE,SEBC,2025,50.0146
105,New L.J. Institute of Engineering & Technology,COMPUTER SCIENCE & ENGINEERING (ARTIFICIAL INTELLIGENCE AND MACHINE,TFWS,2025,88.9347
105,New L.J. Institute of Engineering & Technology,COMPUTER SCIENCE & ENGINEERING (DATA SCIENCE),EWS,2025,44.5607
105,New L.J. Institute of Engineering & Technology,COMPUTER SCIENCE & ENGINEERING (DATA SCIENCE),OPEN,2025,51.8588
105,New L.J. Institute of Engineering & Technology,COMPUTER SCIENCE & ENGINEERING (DATA SCIENCE),SC,2025,37.3462
105,New L.J. Institute of Engineering & Technology,COMPUTER SCIENCE & ENGINEERING (DATA SCIENCE),SEBC,2025,5.9194
105,New L.J. Institute of Engineering & Technology,COMPUTER SCIENCE & ENGINEERING (DATA SCIENCE),TFWS,2025,88.3589
106,"Noble Engineering College, Junagadh",CIVIL ENGINEERING,OPEN,2025,39.3576
106,"Noble Engineering College, Junagadh",COMPUTER SCIENCE & ENGINEERING,OPEN,2025,5.925
108,Om Engineering College Junagadh,COMPUTER ENGINEERING,OPEN,2025,38.644
109,"P.P. Savani School of Engineering, P.P. Savani University, Kosamba",CHEMICAL ENGINEERING,OPEN,2025,29.9314
109,"P.P. Savani School of Engineering, P.P. Savani University, Kosamba",CIVIL ENGINEERING,OPEN,2025,40.1592
109,"P.P. Savani School of Engineering, P.P. Savani University, Kosamba",COMPUTER ENGINEERING,EWS,2025,10.8638
109,"P.P. Savani School of Engineering, P.P. Savani University, Kosamba",COMPUTER ENGINEERING,OPEN,2025,32.6689
109,"P.P. Savani School of Engineering, P.P. Savani University, Kosamba",COMPUTER ENGINEERING,SC,2025,19.1393
109,"P.P. Savani School of Engineering, P.P. Savani University, Kosamba",COMPUTER ENGINEERING,SEBC,2025,20.8322
109,"P.P. Savani School of Engineering, P.P. Savani University, Kosamba",COMPUTER ENGINEERING,TFWS,2025,84.9895
109,"P.P. Savani School of Engineering, P.P. Savani University, Kosamba",COMPUTER SCIENCE & ENGINEERING,EWS,2025,61.6552
109,"P.P. Savani School of Engineering, P.P. Savani University, Kosamba",COMPUTER SCIENCE & ENGINEERING,OPEN,2025,68.1581
109,"P.P. Savani School of Engineering, P.P. Savani University, Kosamba",COMPUTER SCIENCE & ENGINEERING,SC,2025,18.7859
109,"P.P. Savani School of Engineering, P.P. Savani University, Kosamba",COMPUTER SCIENCE & ENGINEERING,SEBC,2025,20.6962
109,"P.P. Savani School of Engineering, P.P. Savani University, Kosamba",COMPUTER SCIENCE & ENGINEERING,ST,2025,16.6936
109,"P.P. Savani School of Engineering, P.P. Savani University, Kosamba",COMPUTER SCIENCE & ENGINEERING,TFWS,2025,90.9707
109,"P.P. Savani School of Engineering, P.P. Savani University, Kosamba",COMPUTER SCIENCE & ENGINEERING (ARTIFICIAL INTELLIGENCE AND MACHINE,OPEN,2025,11.4518
109,"P.P. Savani School of Engineering, P.P. Savani University, Kosamba",COMPUTER SCIENCE & ENGINEERING (ARTIFICIAL INTELLIGENCE AND MACHINE,TFWS,2025,81.1435
109,"P.P. Savani School of Engineering, P.P. Savani University, Kosamba",COMPUTER SCIENCE & ENGINEERING (CYBER SECURITY),OPEN,2025,21.3481
109,"P.P. Savani School of Engineering, P.P. Savani University, Kosamba",COMPUTER SCIENCE & ENGINEERING (DATA SCIENCE),OPEN,2025,30.1837
109,"P.P. Savani School of Engineering, P.P. Savani University, Kosamba",COMPUTER SCIENCE & ENGINEERING (DATA SCIENCE),TFWS,2025,77.9835
109,"P.P. Savani School of Engineering, P.P. Savani University, Kosamba",INFORMATION TECHNOLOGY,OPEN,2025,18.56
109,"P.P. Savani School of Engineering, P.P. Savani University, Kosamba",INFORMATION TECHNOLOGY,TFWS,2025,82.6194
109,"P.P. Savani School of Engineering, P.P. Savani University, Kosamba",INFORMATION TECHNOLOGY & ENGINEERING,OPEN,2025,12.4573
109,"P.P. Savani School of Engineering, P.P. Savani University, Kosamba",INFORMATION TECHNOLOGY & ENGINEERING,TFWS,2025,71.6508
109,"P.P. Savani School of Engineering, P.P. Savani University, Kosamba",MECHANICAL ENGINEERING,OPEN,2025,28.6569
110,"Pacific School Of Engineering, Surat",CIVIL ENGINEERING,OPEN,2025,39.9488
110,"Pacific School Of Engineering, Surat",COMPUTER ENGINEERING,OPEN,2025,7.6027
110,"Pacific School Of Engineering, Surat",COMPUTER ENGINEERING,TFWS,2025,78.4496
111,"Pandit Deendayal Energy University ,Gandhinagar",BIOTECHNOLOGY,EWS,2025,77.2789
111,"Pandit Deendayal Energy University ,Gandhinagar",BIOTECHNOLOGY,OPEN,2025,83.8575
111,"Pandit Deendayal Energy University ,Gandhinagar",BIOTECHNOLOGY,SC,2025,27.2325
111,"Pandit Deendayal Energy University ,Gandhinagar",BIOTECHNOLOGY,SEBC,2025,67.3375
111,"Pandit Deendayal Energy University ,Gandhinagar",BIOTECHNOLOGY,TFWS,2025,92.8784
111,"Pandit Deendayal Energy University ,Gandhinagar",CHEMICAL ENGINEERING,EWS,2025,69.8243
111,"Pandit Deendayal Energy University ,Gandhinagar",CHEMICAL ENGINEERING,OPEN,2025,74.4411
111,"Pandit Deendayal Energy University ,Gandhinagar",CHEMICAL ENGINEERING,SC,2025,31.8224
111,"Pandit Deendayal Energy University ,Gandhinagar",CHEMICAL ENGINEERING,SEBC,2025,38.0357
111,"Pandit Deendayal Energy University ,Gandhinagar",CHEMICAL ENGINEERING,TFWS,2025,95.0475
111,"Pandit Deendayal Energy University ,Gandhinagar",CIVIL ENGINEERING,EWS,2025,34.1633
111,"Pandit Deendayal Energy University ,Gandhinagar",CIVIL ENGINEERING,OPEN,2025,48.4975
111,"Pandit Deendayal Energy University ,Gandhinagar",CIVIL ENGINEERING,SC,2025,41.7122
111,"Pandit Deendayal Energy University ,Gandhinagar",CIVIL ENGINEERING,SEBC,2025,24.9778
111,"Pandit Deendayal Energy University ,Gandhinagar",CIVIL ENGINEERING,ST,2025,9.8266
111,"Pandit Deendayal Energy University ,Gandhinagar",COMPUTER ENGINEERING,ESM,2025,90.4249
111,"Pandit Deendayal Energy University ,Gandhinagar",COMPUTER ENGINEERING,EWS,2025,97.0687
111,"Pandit Deendayal Energy University ,Gandhinagar",COMPUTER ENGINEERING,OPEN,2025,97.6019
111,"Pandit Deendayal Energy University ,Gandhinagar",COMPUTER ENGINEERING,SC,2025,86.2339
111,"Pandit Deendayal Energy University ,Gandhinagar",COMPUTER ENGINEERING,SEBC,2025,91.7765
111,"Pandit Deendayal Energy University ,Gandhinagar",COMPUTER ENGINEERING,ST,2025,14.8544
111,"Pandit Deendayal Energy University ,Gandhinagar",COMPUTER ENGINEERING,TFWS,2025,98.8845
111,"Pandit Deendayal Energy University ,Gandhinagar",COMPUTER SCIENCE & BUSINESS SYSTEMS,EWS,2025,95.6811
111,"Pandit Deendayal Energy University ,Gandhinagar",COMPUTER SCIENCE & BUSINESS SYSTEMS,OPEN,2025,96.2412
111,"Pandit Deendayal Energy University ,Gandhinagar",COMPUTER SCIENCE & BUSINESS SYSTEMS,SC,2025,81.2719
111,"Pandit Deendayal Energy University ,Gandhinagar",COMPUTER SCIENCE & BUSINESS SYSTEMS,SEBC,2025,90.784
111,"Pandit Deendayal Energy University ,Gandhinagar",COMPUTER SCIENCE & BUSINESS SYSTEMS,ST,2025,26.5735
111,"Pandit Deendayal Energy University ,Gandhinagar",COMPUTER SCIENCE & BUSINESS SYSTEMS,TFWS,2025,98.8597
111,"Pandit Deendayal Energy University ,Gandhinagar",ELECTRICAL ENGINEERING,ESM,2025,61.9139
111,"Pandit Deendayal Energy University ,Gandhinagar",ELECTRICAL ENGINEERING,EWS,2025,58.7281
111,"Pandit Deendayal Energy University ,Gandhinagar",ELECTRICAL ENGINEERING,OPEN,2025,71.6882
111,"Pandit Deendayal Energy University ,Gandhinagar",ELECTRICAL ENGINEERING,SC,2025,44.8723
111,"Pandit Deendayal Energy University ,Gandhinagar",ELECTRICAL ENGINEERING,SEBC,2025,16.1004
111,"Pandit Deendayal Energy University ,Gandhinagar",ELECTRICAL ENGINEERING,TFWS,2025,90.9238
111,"Pandit Deendayal Energy University ,Gandhinagar",ELECTRONICS & COMMUNICATION ENGINEERING,EWS,2025,84.7089
111,"Pandit Deendayal Energy University ,Gandhinagar",ELECTRONICS & COMMUNICATION ENGINEERING,OPEN,2025,89.5007
111,"Pandit Deendayal Energy University ,Gandhinagar",ELECTRONICS & COMMUNICATION ENGINEERING,SC,2025,65.7468
111,"Pandit Deendayal Energy University ,Gandhinagar",ELECTRONICS & COMMUNICATION ENGINEERING,SEBC,2025,75.9383
111,"Pandit Deendayal Energy University ,Gandhinagar",ELECTRONICS & COMMUNICATION ENGINEERING,TFWS,2025,96.0345
111,"Pandit Deendayal Energy University ,Gandhinagar",INFORMATION & COMMUNICATION TECHNOLOGY,ESM,2025,87.3747
111,"Pandit Deendayal Energy University ,Gandhinagar",INFORMATION & COMMUNICATION TECHNOLOGY,EWS,2025,86.5632
111,"Pandit Deendayal Energy University ,Gandhinagar",INFORMATION & COMMUNICATION TECHNOLOGY,OPEN,2025,91.4575
111,"Pandit Deendayal Energy University ,Gandhinagar",INFORMATION & COMMUNICATION TECHNOLOGY,SC,2025,75.1205
111,"Pandit Deendayal Energy University ,Gandhinagar",INFORMATION & COMMUNICATION TECHNOLOGY,SEBC,2025,82.0871
111,"Pandit Deendayal Energy University ,Gandhinagar",INFORMATION & COMMUNICATION TECHNOLOGY,ST,2025,8.8396
111,"Pandit Deendayal Energy University ,Gandhinagar",INFORMATION & COMMUNICATION TECHNOLOGY,TFWS,2025,96.724
111,"Pandit Deendayal Energy University ,Gandhinagar",MECHANICAL ENGINEERING,ESM,2025,66.2414
111,"Pandit Deendayal Energy University ,Gandhinagar",MECHANICAL ENGINEERING,EWS,2025,65.9522
111,"Pandit Deendayal Energy University ,Gandhinagar",MECHANICAL ENGINEERING,OPEN,2025,75.4358
111,"Pandit Deendayal Energy University ,Gandhinagar",MECHANICAL ENGINEERING,SC,2025,29.1925
111,"Pandit Deendayal Energy University ,Gandhinagar",MECHANICAL ENGINEERING,SEBC,2025,57.6893
111,"Pandit Deendayal Energy University ,Gandhinagar",MECHANICAL ENGINEERING,TFWS,2025,89.501
111,"Pandit Deendayal Energy University ,Gandhinagar",PETROLEUM ENGINEERING,EWS,2025,37.5559
111,"Pandit Deendayal Energy University ,Gandhinagar",PETROLEUM ENGINEERING,OPEN,2025,60.3641
111,"Pandit Deendayal Energy University ,Gandhinagar",PETROLEUM ENGINEERING,SC,2025,42.1042
111,"Pandit Deendayal Energy University ,Gandhinagar",PETROLEUM ENGINEERING,SEBC,2025,25.1857
111,"Pandit Deendayal Energy University ,Gandhinagar",PETROLEUM ENGINEERING,TFWS,2025,88.9294
112,"Parul Institute of Engineering & Technology, Waghodia, Vadodara",AERONAUTICAL ENGINEERING,OPEN,2025,10.9587
112,"Parul Institute of Engineering & Technology, Waghodia, Vadodara",AERONAUTICAL ENGINEERING,TFWS,2025,63.4636
112,"Parul Institute of Engineering & Technology, Waghodia, Vadodara",ARTIFICIAL INTELLIGENCE AND DATA SCIENCE,OPEN,2025,13.5756
112,"Parul Institute of Engineering & Technology, Waghodia, Vadodara",ARTIFICIAL INTELLIGENCE AND DATA SCIENCE,TFWS,2025,50.9353
112,"Parul Institute of Engineering & Technology, Waghodia, Vadodara",CIVIL ENGINEERING,OPEN,2025,25.5524
112,"Parul Institute of Engineering & Technology, Waghodia, Vadodara",COMPUTER SCIENCE & ENGINEERING,OPEN,2025,16.4598
112,"Parul Institute of Engineering & Technology, Waghodia, Vadodara",COMPUTER SCIENCE & ENGINEERING,TFWS,2025,70.8865
112,"Parul Institute of Engineering & Technology, Waghodia, Vadodara",COMPUTER SCIENCE & ENGINEERING (ARTIFICIAL INTELLIGENCE AND MACHINE,OPEN,2025,27.7908
112,"Parul Institute of Engineering & Technology, Waghodia, Vadodara",COMPUTER SCIENCE & ENGINEERING (ARTIFICIAL INTELLIGENCE AND MACHINE,TFWS,2025,60.7902
112,"Parul Institute of Engineering & Technology, Waghodia, Vadodara",COMPUTER SCIENCE & ENGINEERING (ARTIFICIAL INTELLIGENCE),OPEN,2025,30.9708
112,"Parul Institute of Engineering & Technology, Waghodia, Vadodara",COMPUTER SCIENCE & ENGINEERING (ARTIFICIAL INTELLIGENCE),TFWS,2025,44.8198
112,"Parul Institute of Engineering & Technology, Waghodia, Vadodara",COMPUTER SCIENCE & ENGINEERING (Big Data Analytics),OPEN,2025,23.2751
112,"Parul Institute of Engineering & Technology, Waghodia, Vadodara",COMPUTER SCIENCE & ENGINEERING (Big Data Analytics),TFWS,2025,39.5699
112,"Parul Institute of Engineering & Technology, Waghodia, Vadodara",COMPUTER SCIENCE & ENGINEERING (Cloud Computing),OPEN,2025,32.0232
112,"Parul Institute of Engineering & Technology, Waghodia, Vadodara",COMPUTER SCIENCE & ENGINEERING (Cloud Computing),TFWS,2025,41.7257
112,"Parul Institute of Engineering & Technology, Waghodia, Vadodara",COMPUTER SCIENCE & ENGINEERING (Cyber Security),OPEN,2025,8.4814
112,"Parul Institute of Engineering & Technology, Waghodia, Vadodara",COMPUTER SCIENCE & ENGINEERING (Cyber Security),TFWS,2025,52.0896
112,"Parul Institute of Engineering & Technology, Waghodia, Vadodara",ELECTRONICS & COMMUNICATION ENGINEERING,OPEN,2025,25.9549
112,"Parul Institute of Engineering & Technology, Waghodia, Vadodara",ELECTRONICS & COMMUNICATION ENGINEERING,TFWS,2025,32.0534
112,"Parul Institute of Engineering & Technology, Waghodia, Vadodara",Electrical Engineering,OPEN,2025,16.0619
112,"Parul Institute of Engineering & Technology, Waghodia, Vadodara",Information Technology,OPEN,2025,21.9709
112,"Parul Institute of Engineering & Technology, Waghodia, Vadodara",MATHEMATICS AND COMPUTING,OPEN,2025,27.5834
112,"Parul Institute of Engineering & Technology, Waghodia, Vadodara",MATHEMATICS AND COMPUTING,TFWS,2025,75.6295
112,"Parul Institute of Engineering & Technology, Waghodia, Vadodara",Mechanical Engineering,OPEN,2025,45.5729
112,"Parul Institute of Engineering & Technology, Waghodia, Vadodara",ROBOTICS & ARTIFICIAL INTELLIGENCE,OPEN,2025,18.51
112,"Parul Institute of Engineering & Technology, Waghodia, Vadodara",ROBOTICS & ARTIFICIAL INTELLIGENCE,TFWS,2025,11.1563
113,"Parul Institute of Technology, Waghodia, Vadodara",AGRICULTURAL ENGINEERING,OPEN,2025,39.9563
113,"Parul Institute of Technology, Waghodia, Vadodara",BIOTECHNOLOGY,OPEN,2025,36.8087
113,"Parul Institute of Technology, Waghodia, Vadodara",BIOTECHNOLOGY,TFWS,2025,62.7995
113,"Parul Institute of Technology, Waghodia, Vadodara",CHEMICAL ENGINEERING,OPEN,2025,21.4728
113,"Parul Institute of Technology, Waghodia, Vadodara",COMPUTER ENGINEERING,OPEN,2025,13.8091
113,"Parul Institute of Technology, Waghodia, Vadodara",COMPUTER SCIENCE & ENGINEERING,OPEN,2025,13.2883
113,"Parul Institute of Technology, Waghodia, Vadodara",COMPUTER SCIENCE & ENGINEERING,TFWS,2025,53.6864
113,"Parul Institute of Technology, Waghodia, Vadodara",COMPUTER SCIENCE & ENGINEERING (ARTIFICIAL INTELLIGENCE),OPEN,2025,10.9483
113,"Parul Institute of Technology, Waghodia, Vadodara",COMPUTER SCIENCE & ENGINEERING (ARTIFICIAL INTELLIGENCE),TFWS,2025,46.65
113,"Parul Institute of Technology, Waghodia, Vadodara",FOOD TECHNOLOGY,OPEN,2025,42.4221
113,"Parul Institute of Technology, Waghodia, Vadodara",FOOD TECHNOLOGY,TFWS,2025,56.5408
113,"Parul Institute of Technology, Waghodia, Vadodara",MECHATRONICS ENGINEERING,OPEN,2025,35.7443
113,"Parul Institute of Technology, Waghodia, Vadodara",PETROLEUM ENGINEERING,OPEN,2025,8.5467
113,"Parul Institute of Technology, Waghodia, Vadodara",ROBOTICS AND AUTOMATION,OPEN,2025,32.6251
114,"Prime Institute of Engineering and Technology, Jalalpore, Navsari",CHEMICAL ENGINEERING,OPEN,2025,16.3718
114,"Prime Institute of Engineering and Technology, Jalalpore, Navsari",COMPUTER ENGINEERING,OPEN,2025,23.4237
115,"R.K. University - School of Engineering, Rajkot",COMPUTER ENGINEERING,OPEN,2025,6.0088
115,"R.K. University - School of Engineering, Rajkot",INFORMATION TECHNOLOGY,OPEN,2025,36.4598
115,"R.K. University - School of Engineering, Rajkot",INFORMATION TECHNOLOGY,TFWS,2025,77.7757
116,"R.N.G. Patel Institute of Technology- RNGPIT , Bardoli",CHEMICAL ENGINEERING,OPEN,2025,22.3511
116,"R.N.G. Patel Institute of Technology- RNGPIT , Bardoli",CIVIL ENGINEERING,OPEN,2025,7.0061
116,"R.N.G. Patel Institute of Technology- RNGPIT , Bardoli",COMPUTER SCIENCE & ENGINEERING,EWS,2025,31.2131
116,"R.N.G. Patel Institute of Technology- RNGPIT , Bardoli",COMPUTER SCIENCE & ENGINEERING,OPEN,2025,51.436
116,"R.N.G. Patel Institute of Technology- RNGPIT , Bardoli",COMPUTER SCIENCE & ENGINEERING,SC,2025,18.0599
116,"R.N.G. Patel Institute of Technology- RNGPIT , Bardoli",COMPUTER SCIENCE & ENGINEERING,SEBC,2025,10.5173
116,"R.N.G. Patel Institute of Technology- RNGPIT , Bardoli",COMPUTER SCIENCE & ENGINEERING,ST,2025,14.3616
116,"R.N.G. Patel Institute of Technology- RNGPIT , Bardoli",COMPUTER SCIENCE & ENGINEERING,TFWS,2025,76.1717
116,"R.N.G. Patel Institute of Technology- RNGPIT , Bardoli",ELECTRICAL ENGINEERING,OPEN,2025,9.5946
116,"R.N.G. Patel Institute of Technology- RNGPIT , Bardoli",ELECTRICAL ENGINEERING,TFWS,2025,45.9236
116,"R.N.G. Patel Institute of Technology- RNGPIT , Bardoli",INFORMATION TECHNOLOGY,OPEN,2025,7.9864
116,"R.N.G. Patel Institute of Technology- RNGPIT , Bardoli",INFORMATION TECHNOLOGY,TFWS,2025,72.8095
116,"R.N.G. Patel Institute of Technology- RNGPIT , Bardoli",MECHANICAL ENGINEERING,OPEN,2025,11.0045
118,"Rai School of Engineering, Dholka, Ahmedabad",COMPUTER SCIENCE & ENGINEERING,OPEN,2025,27.9813
119,"S.P.B. Patel Engg. College, (Saffrony), Linch, Mehsana",COMPUTER ENGINEERING,OPEN,2025,13.9279
119,"S.P.B. Patel Engg. College, (Saffrony), Linch, Mehsana",INFORMATION TECHNOLOGY,OPEN,2025,20.4856
120,S.S.AGRAWAL INSTITUTE OF ENGINEERING & TECHNOLOGY NAVSARI,CHEMICAL ENGINEERING,OPEN,2025,23.4532
120,S.S.AGRAWAL INSTITUTE OF ENGINEERING & TECHNOLOGY NAVSARI,CIVIL ENGINEERING,OPEN,2025,17.0441
120,S.S.AGRAWAL INSTITUTE OF ENGINEERING & TECHNOLOGY NAVSARI,COMPUTER ENGINEERING,EWS,2025,9.0202
120,S.S.AGRAWAL INSTITUTE OF ENGINEERING & TECHNOLOGY NAVSARI,COMPUTER ENGINEERING,OPEN,2025,37.4003
120,S.S.AGRAWAL INSTITUTE OF ENGINEERING & TECHNOLOGY NAVSARI,COMPUTER ENGINEERING,SC,2025,12.51
120,S.S.AGRAWAL INSTITUTE OF ENGINEERING & TECHNOLOGY NAVSARI,COMPUTER ENGINEERING,SEBC,2025,10.3965
120,S.S.AGRAWAL INSTITUTE OF ENGINEERING & TECHNOLOGY NAVSARI,COMPUTER ENGINEERING,ST,2025,7.2419
120,S.S.AGRAWAL INSTITUTE OF ENGINEERING & TECHNOLOGY NAVSARI,COMPUTER ENGINEERING,TFWS,2025,72.353
120,S.S.AGRAWAL INSTITUTE OF ENGINEERING & TECHNOLOGY NAVSARI,ELECTRICAL ENGINEERING,OPEN,2025,9.4453
120,S.S.AGRAWAL INSTITUTE OF ENGINEERING & TECHNOLOGY NAVSARI,MECHANICAL ENGINEERING,OPEN,2025,13.7582
121,"SAL ENGINEERING &TECHNICAL INSTITUTE, SOLA, AHMEDABAD",COMPUTER ENGINEERING,OPEN,2025,19.9635
121,"SAL ENGINEERING &TECHNICAL INSTITUTE, SOLA, AHMEDABAD",COMPUTER ENGINEERING,TFWS,2025,81.1208
121,"SAL ENGINEERING &TECHNICAL INSTITUTE, SOLA, AHMEDABAD",COMPUTER SCIENCE & ENGINEERING,OPEN,2025,9.4392
121,"SAL ENGINEERING &TECHNICAL INSTITUTE, SOLA, AHMEDABAD",COMPUTER SCIENCE & ENGINEERING,TFWS,2025,77.4177
121,"SAL ENGINEERING &TECHNICAL INSTITUTE, SOLA, AHMEDABAD",INFORMATION TECHNOLOGY,OPEN,2025,14.5521
121,"SAL ENGINEERING &TECHNICAL INSTITUTE, SOLA, AHMEDABAD",INFORMATION TECHNOLOGY,TFWS,2025,77.1834
122,"SARDAR PATEL COLLEGE OF ENGINEERING, BAKROL ANAND",COMPUTER ENGINEERING,OPEN,2025,43.4449
122,"SARDAR PATEL COLLEGE OF ENGINEERING, BAKROL ANAND",COMPUTER SCIENCE & ENGINEERING,OPEN,2025,11.178
122,"SARDAR PATEL COLLEGE OF ENGINEERING, BAKROL ANAND",ELECTRICAL ENGINEERING,OPEN,2025,40.9235
122,"SARDAR PATEL COLLEGE OF ENGINEERING, BAKROL ANAND",INFORMATION TECHNOLOGY,OPEN,2025,8.7806
122,"SARDAR PATEL COLLEGE OF ENGINEERING, BAKROL ANAND",INFORMATION TECHNOLOGY,TFWS,2025,73.3827
122,"SARDAR PATEL COLLEGE OF ENGINEERING, BAKROL ANAND",MECHANICAL ENGINEERING,OPEN,2025,15.8574
123,"SARDAR VALLABHBHAI GLOBAL University - UCP Institute of Technology, Ahmedabad",COMPUTER SCIENCE & ENGINEERING,OPEN,2025,8.6872
123,"SARDAR VALLABHBHAI GLOBAL University - UCP Institute of Technology, Ahmedabad",COMPUTER SCIENCE & ENGINEERING,TFWS,2025,66.5035
125,"SCHOOL OF TECHNOLOGY, GSFC UNIVERSITY, VADODARA",CHEMICAL ENGINEERING,EWS,2025,11.5887
125,"SCHOOL OF TECHNOLOGY, GSFC UNIVERSITY, VADODARA",CHEMICAL ENGINEERING,OPEN,2025,49.9138
125,"SCHOOL OF TECHNOLOGY, GSFC UNIVERSITY, VADODARA",CHEMICAL ENGINEERING,SC,2025,37.485
125,"SCHOOL OF TECHNOLOGY, GSFC UNIVERSITY, VADODARA",CHEMICAL ENGINEERING,SEBC,2025,25.1585
125,"SCHOOL OF TECHNOLOGY, GSFC UNIVERSITY, VADODARA",CHEMICAL ENGINEERING,TFWS,2025,81.4525
125,"SCHOOL OF TECHNOLOGY, GSFC UNIVERSITY, VADODARA",COMPUTER SCIENCE & ENGINEERING,ESM,2025,55.24
125,"SCHOOL OF TECHNOLOGY, GSFC UNIVERSITY, VADODARA",COMPUTER SCIENCE & ENGINEERING,EWS,2025,29.0893
125,"SCHOOL OF TECHNOLOGY, GSFC UNIVERSITY, VADODARA",COMPUTER SCIENCE & ENGINEERING,OPEN,2025,60.4289
125,"SCHOOL OF TECHNOLOGY, GSFC UNIVERSITY, VADODARA",COMPUTER SCIENCE & ENGINEERING,SC,2025,25.0441
125,"SCHOOL OF TECHNOLOGY, GSFC UNIVERSITY, VADODARA",COMPUTER SCIENCE & ENGINEERING,SEBC,2025,17.7541
125,"SCHOOL OF TECHNOLOGY, GSFC UNIVERSITY, VADODARA",COMPUTER SCIENCE & ENGINEERING,ST,2025,21.5238
125,"SCHOOL OF TECHNOLOGY, GSFC UNIVERSITY, VADODARA",COMPUTER SCIENCE & ENGINEERING,TFWS,2025,80.2426
125,"SCHOOL OF TECHNOLOGY, GSFC UNIVERSITY, VADODARA","FIRE AND ENVIRONMENT, HEALTH, SAFETY ENGINEERING",OPEN,2025,11.8978
126,"SHREE DHANVANTARY COLLEGE OF ENGINEERING & TECHNOLOGY, KIM",COMPUTER SCIENCE & ENGINEERING (ARTIFICIAL INTELLIGENCE AND MACHINE,OPEN,2025,11.5188
126,"SHREE DHANVANTARY COLLEGE OF ENGINEERING & TECHNOLOGY, KIM",COMPUTER SCIENCE & ENGINEERING (INTERNET OF THINGS & CYBER SECURITY,OPEN,2025,33.154
127,"SHREE PAREKH ENGINEEIRNG College, MAHUVA",FOOD ENGINEERING & TECHNOLOGY,OPEN,2025,21.7436
127,"SHREE PAREKH ENGINEEIRNG College, MAHUVA",INFORMATION TECHNOLOGY,OPEN,2025,12.7959
128,"SHREE SWAMINARAYAN INSTITUTE OF TECHNOLOGY, BHAT, GANDHINAGAR",COMPUTER ENGINEERING,OPEN,2025,8.1158
128,"SHREE SWAMINARAYAN INSTITUTE OF TECHNOLOGY, BHAT, GANDHINAGAR",COMPUTER SCIENCE & ENGINEERING,OPEN,2025,26.4236
128,"SHREE SWAMINARAYAN INSTITUTE OF TECHNOLOGY, BHAT, GANDHINAGAR",COMPUTER SCIENCE & ENGINEERING,SC,2025,13.9495
128,"SHREE SWAMINARAYAN INSTITUTE OF TECHNOLOGY, BHAT, GANDHINAGAR",COMPUTER SCIENCE & ENGINEERING,SEBC,2025,11.6663
128,"SHREE SWAMINARAYAN INSTITUTE OF TECHNOLOGY, BHAT, GANDHINAGAR",COMPUTER SCIENCE & ENGINEERING,TFWS,2025,87.419
128,"SHREE SWAMINARAYAN INSTITUTE OF TECHNOLOGY, BHAT, GANDHINAGAR",INFORMATION TECHNOLOGY,OPEN,2025,53.0094
128,"SHREE SWAMINARAYAN INSTITUTE OF TECHNOLOGY, BHAT, GANDHINAGAR",INFORMATION TECHNOLOGY,TFWS,2025,78.3573
128,"SHREE SWAMINARAYAN INSTITUTE OF TECHNOLOGY, BHAT, GANDHINAGAR",MECHANICAL ENGINEERING,OPEN,2025,32.7122
129,"Sal College Of Engineering , Ahmedabad",CHEMICAL ENGINEERING,OPEN,2025,31.0881
129,"Sal College Of Engineering , Ahmedabad",COMPUTER ENGINEERING,OPEN,2025,15.7719
129,"Sal College Of Engineering , Ahmedabad",COMPUTER ENGINEERING,TFWS,2025,81.2811
129,"Sal College Of Engineering , Ahmedabad",COMPUTER SCIENCE & ENGINEERING (DATA SCIENCE),OPEN,2025,21.9321
129,"Sal College Of Engineering , Ahmedabad",INFORMATION TECHNOLOGY,OPEN,2025,11.8675
129,"Sal College Of Engineering , Ahmedabad",INFORMATION TECHNOLOGY,TFWS,2025,78.1399
129,"Sal College Of Engineering , Ahmedabad",MECHATRONICS,OPEN,2025,33.9526
130,"Sal Institute Of Tech. & Engg. Research, Ahmedabad",AUTOMOBILE ENGINEERING,OPEN,2025,9.1731
130,"Sal Institute Of Tech. & Engg. Research, Ahmedabad",CIVIL ENGINEERING,OPEN,2025,27.5468
130,"Sal Institute Of Tech. & Engg. Research, Ahmedabad",COMPUTER ENGINEERING,OPEN,2025,16.1663
130,"Sal Institute Of Tech. & Engg. Research, Ahmedabad",COMPUTER ENGINEERING,SEBC,2025,5.7815
130,"Sal Institute Of Tech. & Engg. Research, Ahmedabad",COMPUTER ENGINEERING,TFWS,2025,79.9052
130,"Sal Institute Of Tech. & Engg. Research, Ahmedabad",COMPUTER SCIENCE & ENGINEERING,EWS,2025,33.3425
130,"Sal Institute Of Tech. & Engg. Research, Ahmedabad",COMPUTER SCIENCE & ENGINEERING,OPEN,2025,54.0355
130,"Sal Institute Of Tech. & Engg. Research, Ahmedabad",COMPUTER SCIENCE & ENGINEERING,SC,2025,28.0665
130,"Sal Institute Of Tech. & Engg. Research, Ahmedabad",COMPUTER SCIENCE & ENGINEERING,SEBC,2025,16.888
130,"Sal Institute Of Tech. & Engg. Research, Ahmedabad",COMPUTER SCIENCE & ENGINEERING,TFWS,2025,76.839
130,"Sal Institute Of Tech. & Engg. Research, Ahmedabad",COMPUTER SCIENCE & ENGINEERING (ARTIFICIAL INTELLIGENCE AND MACHINE,OPEN,2025,9.999
130,"Sal Institute Of Tech. & Engg. Research, Ahmedabad",COMPUTER SCIENCE & ENGINEERING (ARTIFICIAL INTELLIGENCE AND MACHINE,TFWS,2025,78.7045
130,"Sal Institute Of Tech. & Engg. Research, Ahmedabad",ELECTRICAL ENGINEERING,OPEN,2025,37.1586
130,"Sal Institute Of Tech. & Engg. Research, Ahmedabad",ELECTRONICS & COMMUNICATION ENGINEERING,OPEN,2025,22.2794
130,"Sal Institute Of Tech. & Engg. Research, Ahmedabad",INFORMATION & COMMUNICATION TECHNOLOGY,OPEN,2025,25.5981
130,"Sal Institute Of Tech. & Engg. Research, Ahmedabad",MECHANICAL ENGINEERING,OPEN,2025,21.7119
131,"Sankalchand Patel College Of Engg., Visnagar",ARTIFICIAL INTELLIGENCE AND DATA SCIENCE,OPEN,2025,26.6707
131,"Sankalchand Patel College Of Engg., Visnagar",CIVIL ENGINEERING,OPEN,2025,12.0006
131,"Sankalchand Patel College Of Engg., Visnagar",COMPUTER ENGINEERING,OPEN,2025,12.7464
131,"Sankalchand Patel College Of Engg., Visnagar",COMPUTER ENGINEERING,TFWS,2025,70.4288
131,"Sankalchand Patel College Of Engg., Visnagar",INFORMATION TECHNOLOGY,OPEN,2025,7.7029
131,"Sankalchand Patel College Of Engg., Visnagar",INFORMATION TECHNOLOGY,TFWS,2025,63.7946
131,"Sankalchand Patel College Of Engg., Visnagar",MECHANICAL ENGINEERING,OPEN,2025,32.9511
132,"Sardar Vallabhbhai Patel Institute Of Tech.,Vasad",AERONAUTICAL ENGINEERING,OPEN,2025,15.6124
132,"Sardar Vallabhbhai Patel Institute Of Tech.,Vasad",AERONAUTICAL ENGINEERING,TFWS,2025,86.0659
132,"Sardar Vallabhbhai Patel Institute Of Tech.,Vasad",CIVIL ENGINEERING,OPEN,2025,8.2963
132,"Sardar Vallabhbhai Patel Institute Of Tech.,Vasad",COMPUTER ENGINEERING,ESM,2025,65.1686
132,"Sardar Vallabhbhai Patel Institute Of Tech.,Vasad",COMPUTER ENGINEERING,EWS,2025,67.4028
132,"Sardar Vallabhbhai Patel Institute Of Tech.,Vasad",COMPUTER ENGINEERING,OPEN,2025,76.9726
132,"Sardar Vallabhbhai Patel Institute Of Tech.,Vasad",COMPUTER ENGINEERING,SC,2025,43.0081
132,"Sardar Vallabhbhai Patel Institute Of Tech.,Vasad",COMPUTER ENGINEERING,SEBC,2025,44.1673
132,"Sardar Vallabhbhai Patel Institute Of Tech.,Vasad",COMPUTER ENGINEERING,ST,2025,25.5444
132,"Sardar Vallabhbhai Patel Institute Of Tech.,Vasad",COMPUTER ENGINEERING,TFWS,2025,88.5884
132,"Sardar Vallabhbhai Patel Institute Of Tech.,Vasad",COMPUTER SCIENCE & DESIGN,EWS,2025,52.8885
132,"Sardar Vallabhbhai Patel Institute Of Tech.,Vasad",COMPUTER SCIENCE & DESIGN,OPEN,2025,71.0843
132,"Sardar Vallabhbhai Patel Institute Of Tech.,Vasad",COMPUTER SCIENCE & DESIGN,SC,2025,18.5849
132,"Sardar Vallabhbhai Patel Institute Of Tech.,Vasad",COMPUTER SCIENCE & DESIGN,SEBC,2025,20.222
132,"Sardar Vallabhbhai Patel Institute Of Tech.,Vasad",COMPUTER SCIENCE & DESIGN,ST,2025,24.3606
132,"Sardar Vallabhbhai Patel Institute Of Tech.,Vasad",COMPUTER SCIENCE & DESIGN,TFWS,2025,81.676
132,"Sardar Vallabhbhai Patel Institute Of Tech.,Vasad",ELECTRICAL ENGINEERING,OPEN,2025,9.027
132,"Sardar Vallabhbhai Patel Institute Of Tech.,Vasad",ELECTRONICS & COMMUNICATION ENGINEERING,EWS,2025,17.1848
132,"Sardar Vallabhbhai Patel Institute Of Tech.,Vasad",ELECTRONICS & COMMUNICATION ENGINEERING,OPEN,2025,50.9373
132,"Sardar Vallabhbhai Patel Institute Of Tech.,Vasad",ELECTRONICS & COMMUNICATION ENGINEERING,SEBC,2025,31.8106
132,"Sardar Vallabhbhai Patel Institute Of Tech.,Vasad",ELECTRONICS & COMMUNICATION ENGINEERING,TFWS,2025,72.6412
132,"Sardar Vallabhbhai Patel Institute Of Tech.,Vasad",INFORMATION TECHNOLOGY,EWS,2025,45.9836
132,"Sardar Vallabhbhai Patel Institute Of Tech.,Vasad",INFORMATION TECHNOLOGY,OPEN,2025,61.4121
132,"Sardar Vallabhbhai Patel Institute Of Tech.,Vasad",INFORMATION TECHNOLOGY,SC,2025,42.0643
132,"Sardar Vallabhbhai Patel Institute Of Tech.,Vasad",INFORMATION TECHNOLOGY,SEBC,2025,16.3029
132,"Sardar Vallabhbhai Patel Institute Of Tech.,Vasad",INFORMATION TECHNOLOGY,TFWS,2025,85.2062
132,"Sardar Vallabhbhai Patel Institute Of Tech.,Vasad",MECHANICAL ENGINEERING,OPEN,2025,22.6678
133,"Sarvajanik College Of Engg. & Tech. , Surat",ARTIFICIAL INTELLIGENCE AND DATA SCIENCE,EWS,2025,74.1908
133,"Sarvajanik College Of Engg. & Tech. , Surat",ARTIFICIAL INTELLIGENCE AND DATA SCIENCE,OPEN,2025,78.0156
133,"Sarvajanik College Of Engg. & Tech. , Surat",ARTIFICIAL INTELLIGENCE AND DATA SCIENCE,SC,2025,44.2202
133,"Sarvajanik College Of Engg. & Tech. , Surat",ARTIFICIAL INTELLIGENCE AND DATA SCIENCE,SEBC,2025,71.5464
133,"Sarvajanik College Of Engg. & Tech. , Surat",ARTIFICIAL INTELLIGENCE AND DATA SCIENCE,ST,2025,13.0533
133,"Sarvajanik College Of Engg. & Tech. , Surat",ARTIFICIAL INTELLIGENCE AND DATA SCIENCE,TFWS,2025,93.0637
133,"Sarvajanik College Of Engg. & Tech. , Surat",CHEMICAL ENGINEERING,OPEN,2025,7.4336
133,"Sarvajanik College Of Engg. & Tech. , Surat",CIVIL ENGINEERING,OPEN,2025,39.3002
133,"Sarvajanik College Of Engg. & Tech. , Surat",COMPUTER ENGINEERING,ESM,2025,39.7034
133,"Sarvajanik College Of Engg. & Tech. , Surat",COMPUTER ENGINEERING,EWS,2025,84.2191
133,"Sarvajanik College Of Engg. & Tech. , Surat",COMPUTER ENGINEERING,OPEN,2025,88.3446
133,"Sarvajanik College Of Engg. & Tech. , Surat",COMPUTER ENGINEERING,SC,2025,46.8884
133,"Sarvajanik College Of Engg. & Tech. , Surat",COMPUTER ENGINEERING,SEBC,2025,73.6354
133,"Sarvajanik College Of Engg. & Tech. , Surat",COMPUTER ENGINEERING,ST,2025,19.0677
133,"Sarvajanik College Of Engg. & Tech. , Surat",COMPUTER ENGINEERING,TFWS,2025,96.806
133,"Sarvajanik College Of Engg. & Tech. , Surat",ELECTRICAL ENGINEERING,EWS,2025,5.4158
133,"Sarvajanik College Of Engg. & Tech. , Surat",ELECTRICAL ENGINEERING,OPEN,2025,40.3079
133,"Sarvajanik College Of Engg. & Tech. , Surat",ELECTRICAL ENGINEERING,SC,2025,16.3649
133,"Sarvajanik College Of Engg. & Tech. , Surat",ELECTRICAL ENGINEERING,SEBC,2025,24.3308
133,"Sarvajanik College Of Engg. & Tech. , Surat",ELECTRONICS & COMMUNICATION ENGINEERING,EWS,2025,68.1175
133,"Sarvajanik College Of Engg. & Tech. , Surat",ELECTRONICS & COMMUNICATION ENGINEERING,OPEN,2025,72.0389
133,"Sarvajanik College Of Engg. & Tech. , Surat",ELECTRONICS & COMMUNICATION ENGINEERING,SC,2025,34.2146
133,"Sarvajanik College Of Engg. & Tech. , Surat",ELECTRONICS & COMMUNICATION ENGINEERING,SEBC,2025,42.5002
133,"Sarvajanik College Of Engg. & Tech. , Surat",ELECTRONICS & COMMUNICATION ENGINEERING,TFWS,2025,88.3589
133,"Sarvajanik College Of Engg. & Tech. , Surat",INFORMATION TECHNOLOGY,EWS,2025,75.0656
133,"Sarvajanik College Of Engg. & Tech. , Surat",INFORMATION TECHNOLOGY,OPEN,2025,79.2177
133,"Sarvajanik College Of Engg. & Tech. , Surat",INFORMATION TECHNOLOGY,SC,2025,16.2929
133,"Sarvajanik College Of Engg. & Tech. , Surat",INFORMATION TECHNOLOGY,SEBC,2025,58.9782
133,"Sarvajanik College Of Engg. & Tech. , Surat",INFORMATION TECHNOLOGY,TFWS,2025,94.4334
133,"Sarvajanik College Of Engg. & Tech. , Surat",INSTRUMENTATION & CONTROL ENGINEERING,OPEN,2025,19.6393
133,"Sarvajanik College Of Engg. & Tech. , Surat",INSTRUMENTATION & CONTROL ENGINEERING,TFWS,2025,74.309
133,"Sarvajanik College Of Engg. & Tech. , Surat",MECHANICAL ENGINEERING,OPEN,2025,9.9654
133,"Sarvajanik College Of Engg. & Tech. , Surat",MECHANICAL ENGINEERING,SEBC,2025,15.8738
135,"School of Engineering - Indrashil University, Kadi",CHEMICAL & BIOCHEMICAL ENGINEERING,OPEN,2025,37.5085
135,"School of Engineering - Indrashil University, Kadi",COMPUTER SCIENCE & ENGINEERING,OPEN,2025,12.8742
135,"School of Engineering - Indrashil University, Kadi",Information Technology,OPEN,2025,42.9274
136,"School of Engineering and Technology, Navrachana University, Vadodara",COMPUTER SCIENCE & ENGINEERING,EWS,2025,40.204
136,"School of Engineering and Technology, Navrachana University, Vadodara",COMPUTER SCIENCE & ENGINEERING,OPEN,2025,60.573
136,"School of Engineering and Technology, Navrachana University, Vadodara",COMPUTER SCIENCE & ENGINEERING,SC,2025,30.3122
136,"School of Engineering and Technology, Navrachana University, Vadodara",COMPUTER SCIENCE & ENGINEERING,SEBC,2025,26.0046
136,"School of Engineering and Technology, Navrachana University, Vadodara",COMPUTER SCIENCE & ENGINEERING,TFWS,2025,76.5927
136,"School of Engineering and Technology, Navrachana University, Vadodara",ELECTRICAL AND ELECTRONICS ENGINEERING,OPEN,2025,19.0677
136,"School of Engineering and Technology, Navrachana University, Vadodara",MECHANICAL ENGINEERING,OPEN,2025,24.0426
137,"Shankersinh Vaghela Bapu Institute Of Tech., Unava, Gandhinagar",CIVIL ENGINEERING,OPEN,2025,11.4123
137,"Shankersinh Vaghela Bapu Institute Of Tech., Unava, Gandhinagar",COMPUTER ENGINEERING,OPEN,2025,19.8978
137,"Shankersinh Vaghela Bapu Institute Of Tech., Unava, Gandhinagar",INFORMATION TECHNOLOGY,OPEN,2025,17.7456
137,"Shankersinh Vaghela Bapu Institute Of Tech., Unava, Gandhinagar",MECHANICAL ENGINEERING,OPEN,2025,28.6051
138,"Shantilal Shah Engineering College ,Bhavnagar",CIVIL ENGINEERING,OPEN,2025,10.5592
138,"Shantilal Shah Engineering College ,Bhavnagar",ELECTRICAL ENGINEERING,OPEN,2025,11.2112
138,"Shantilal Shah Engineering College ,Bhavnagar",INFORMATION TECHNOLOGY,EWS,2025,59.2187
138,"Shantilal Shah Engineering College ,Bhavnagar",INFORMATION TECHNOLOGY,OPEN,2025,68.3199
138,"Shantilal Shah Engineering College ,Bhavnagar",INFORMATION TECHNOLOGY,SC,2025,9.5032
138,"Shantilal Shah Engineering College ,Bhavnagar",INFORMATION TECHNOLOGY,SEBC,2025,58.6726
138,"Shantilal Shah Engineering College ,Bhavnagar",INFORMATION TECHNOLOGY,ST,2025,37.5812
138,"Shantilal Shah Engineering College ,Bhavnagar",INFORMATION TECHNOLOGY,TFWS,2025,79.3
138,"Shantilal Shah Engineering College ,Bhavnagar",MECHANICAL ENGINEERING,OPEN,2025,13.3827
140,"Shri Labhubhai Trivedi Institute Of Engineering And Technology, Rajkot",CIVIL ENGINEERING,OPEN,2025,11.8187
140,"Shri Labhubhai Trivedi Institute Of Engineering And Technology, Rajkot",COMPUTER SCIENCE & ENGINEERING,OPEN,2025,16.0054
140,"Shri Labhubhai Trivedi Institute Of Engineering And Technology, Rajkot",COMPUTER SCIENCE & ENGINEERING (DATA SCIENCE),OPEN,2025,7.4211
140,"Shri Labhubhai Trivedi Institute Of Engineering And Technology, Rajkot",MECHANICAL ENGINEERING,OPEN,2025,13.0416
141,"Shri Sadvidhya Mandal Institute Of Tech., Bharuch",CHEMICAL ENGINEERING,OPEN,2025,19.4633
141,"Shri Sadvidhya Mandal Institute Of Tech., Bharuch",COMPUTER SCIENCE & ENGINEERING,EWS,2025,28.7683
141,"Shri Sadvidhya Mandal Institute Of Tech., Bharuch",COMPUTER SCIENCE & ENGINEERING,OPEN,2025,37.4518
141,"Shri Sadvidhya Mandal Institute Of Tech., Bharuch",COMPUTER SCIENCE & ENGINEERING,SEBC,2025,34.2081
141,"Shri Sadvidhya Mandal Institute Of Tech., Bharuch",COMPUTER SCIENCE & ENGINEERING,TFWS,2025,71.9289
141,"Shri Sadvidhya Mandal Institute Of Tech., Bharuch",ELECTRICAL ENGINEERING,OPEN,2025,9.027
141,"Shri Sadvidhya Mandal Institute Of Tech., Bharuch",INFORMATION TECHNOLOGY,OPEN,2025,11.4875
141,"Shri Sadvidhya Mandal Institute Of Tech., Bharuch",INFORMATION TECHNOLOGY,TFWS,2025,67.6853
142,"Shri Sitaram N Patel Inst. Of Tech. & Res. (Vidhyabharti Trust), Umrakh",CHEMICAL ENGINEERING,OPEN,2025,11.4604
142,"Shri Sitaram N Patel Inst. Of Tech. & Res. (Vidhyabharti Trust), Umrakh",CIVIL ENGINEERING,OPEN,2025,12.3438
142,"Shri Sitaram N Patel Inst. Of Tech. & Res. (Vidhyabharti Trust), Umrakh",COMPUTER SCIENCE & ENGINEERING,EWS,2025,26.1645
142,"Shri Sitaram N Patel Inst. Of Tech. & Res. (Vidhyabharti Trust), Umrakh",COMPUTER SCIENCE & ENGINEERING,OPEN,2025,23.8378
142,"Shri Sitaram N Patel Inst. Of Tech. & Res. (Vidhyabharti Trust), Umrakh",COMPUTER SCIENCE & ENGINEERING,SC,2025,17.1892
142,"Shri Sitaram N Patel Inst. Of Tech. & Res. (Vidhyabharti Trust), Umrakh",COMPUTER SCIENCE & ENGINEERING,SEBC,2025,8.2145
142,"Shri Sitaram N Patel Inst. Of Tech. & Res. (Vidhyabharti Trust), Umrakh",COMPUTER SCIENCE & ENGINEERING,ST,2025,13.2717
142,"Shri Sitaram N Patel Inst. Of Tech. & Res. (Vidhyabharti Trust), Umrakh",COMPUTER SCIENCE & ENGINEERING,TFWS,2025,68.2401
142,"Shri Sitaram N Patel Inst. Of Tech. & Res. (Vidhyabharti Trust), Umrakh",ELECTRICAL ENGINEERING,OPEN,2025,9.0898
142,"Shri Sitaram N Patel Inst. Of Tech. & Res. (Vidhyabharti Trust), Umrakh",INFORMATION TECHNOLOGY,OPEN,2025,28.7799
142,"Shri Sitaram N Patel Inst. Of Tech. & Res. (Vidhyabharti Trust), Umrakh",INFORMATION TECHNOLOGY,TFWS,2025,69.4368
142,"Shri Sitaram N Patel Inst. Of Tech. & Res. (Vidhyabharti Trust), Umrakh",MECHANICAL ENGINEERING,OPEN,2025,15.0696
143,"Shri Swami Atmanand Saraswati Institute Of Tech., Surat",CIVIL ENGINEERING,OPEN,2025,42.608
143,"Shri Swami Atmanand Saraswati Institute Of Tech., Surat",COMPUTER ENGINEERING,EWS,2025,65.2938
143,"Shri Swami Atmanand Saraswati Institute Of Tech., Surat",COMPUTER ENGINEERING,OPEN,2025,67.7645
143,"Shri Swami Atmanand Saraswati Institute Of Tech., Surat",COMPUTER ENGINEERING,SC,2025,43.2654
143,"Shri Swami Atmanand Saraswati Institute Of Tech., Surat",COMPUTER ENGINEERING,SEBC,2025,26.2992
143,"Shri Swami Atmanand Saraswati Institute Of Tech., Surat",COMPUTER ENGINEERING,ST,2025,14.3997
143,"Shri Swami Atmanand Saraswati Institute Of Tech., Surat",COMPUTER ENGINEERING,TFWS,2025,85.4547
143,"Shri Swami Atmanand Saraswati Institute Of Tech., Surat",ELECTRICAL ENGINEERING,OPEN,2025,43.076
143,"Shri Swami Atmanand Saraswati Institute Of Tech., Surat",ELECTRONICS & COMMUNICATION ENGINEERING,EWS,2025,33.7122
143,"Shri Swami Atmanand Saraswati Institute Of Tech., Surat",ELECTRONICS & COMMUNICATION ENGINEERING,OPEN,2025,35.8747
143,"Shri Swami Atmanand Saraswati Institute Of Tech., Surat",ELECTRONICS & COMMUNICATION ENGINEERING,TFWS,2025,70.3802
143,"Shri Swami Atmanand Saraswati Institute Of Tech., Surat",INFORMATION TECHNOLOGY,EWS,2025,52.7451
143,"Shri Swami Atmanand Saraswati Institute Of Tech., Surat",INFORMATION TECHNOLOGY,OPEN,2025,55.2265
143,"Shri Swami Atmanand Saraswati Institute Of Tech., Surat",INFORMATION TECHNOLOGY,SC,2025,33.2831
143,"Shri Swami Atmanand Saraswati Institute Of Tech., Surat",INFORMATION TECHNOLOGY,SEBC,2025,5.7172
143,"Shri Swami Atmanand Saraswati Institute Of Tech., Surat",INFORMATION TECHNOLOGY,TFWS,2025,82.9546
143,"Shri Swami Atmanand Saraswati Institute Of Tech., Surat",MECHANICAL ENGINEERING,OPEN,2025,13.5386
144,"Shroff S.R.Rotary Inst. Of Chemical Technology, Vatatia,Bharuch",CHEMICAL ENGINEERING,OPEN,2025,12.0428
144,"Shroff S.R.Rotary Inst. Of Chemical Technology, Vatatia,Bharuch",CHEMICAL ENGINEERING,TFWS,2025,64.7014
144,"Shroff S.R.Rotary Inst. Of Chemical Technology, Vatatia,Bharuch",COMPUTER ENGINEERING,OPEN,2025,23.0163
144,"Shroff S.R.Rotary Inst. Of Chemical Technology, Vatatia,Bharuch",COMPUTER ENGINEERING,TFWS,2025,64.7821
144,"Shroff S.R.Rotary Inst. Of Chemical Technology, Vatatia,Bharuch",ENVIRONMENTAL SCIENCE & TECHNOLOGY,OPEN,2025,47.229
144,"Shroff S.R.Rotary Inst. Of Chemical Technology, Vatatia,Bharuch",ENVIRONMENTAL SCIENCE & TECHNOLOGY,TFWS,2025,55.1272
144,"Shroff S.R.Rotary Inst. Of Chemical Technology, Vatatia,Bharuch",INFORMATION TECHNOLOGY,OPEN,2025,8.7806
144,"Shroff S.R.Rotary Inst. Of Chemical Technology, Vatatia,Bharuch",INFORMATION TECHNOLOGY,TFWS,2025,72.938
145,"Sigma Institute Of Engg., Bakrol",CHEMICAL ENGINEERING,OPEN,2025,55.1996
145,"Sigma Institute Of Engg., Bakrol",COMPUTER ENGINEERING,OPEN,2025,38.2239
145,"Sigma Institute Of Engg., Bakrol",COMPUTER ENGINEERING,TFWS,2025,42.5105
146,"Silver Oak College Of Engg., & Tech. (WITHIN AMHEDABAD MUNICIPAL CORPORATION LIMIT), Ahmedabad",AERONAUTICAL ENGINEERING,OPEN,2025,41.9257
146,"Silver Oak College Of Engg., & Tech. (WITHIN AMHEDABAD MUNICIPAL CORPORATION LIMIT), Ahmedabad",BIOTECHNOLOGY,OPEN,2025,31.3582
146,"Silver Oak College Of Engg., & Tech. (WITHIN AMHEDABAD MUNICIPAL CORPORATION LIMIT), Ahmedabad",BIOTECHNOLOGY,TFWS,2025,38.9178
146,"Silver Oak College Of Engg., & Tech. (WITHIN AMHEDABAD MUNICIPAL CORPORATION LIMIT), Ahmedabad",CIVIL ENGINEERING,OPEN,2025,3.8932
146,"Silver Oak College Of Engg., & Tech. (WITHIN AMHEDABAD MUNICIPAL CORPORATION LIMIT), Ahmedabad",COMPUTER ENGINEERING,OPEN,2025,12.5555
146,"Silver Oak College Of Engg., & Tech. (WITHIN AMHEDABAD MUNICIPAL CORPORATION LIMIT), Ahmedabad",COMPUTER ENGINEERING (ARTIFICIAL INTELLIGENCE AND MACHINE LEARNING),OPEN,2025,16.6681
146,"Silver Oak College Of Engg., & Tech. (WITHIN AMHEDABAD MUNICIPAL CORPORATION LIMIT), Ahmedabad",COMPUTER ENGINEERING (ARTIFICIAL INTELLIGENCE AND MACHINE LEARNING),TFWS,2025,59.1124
146,"Silver Oak College Of Engg., & Tech. (WITHIN AMHEDABAD MUNICIPAL CORPORATION LIMIT), Ahmedabad",COMPUTER SCIENCE & BIOSCIENCES,OPEN,2025,32.9882
146,"Silver Oak College Of Engg., & Tech. (WITHIN AMHEDABAD MUNICIPAL CORPORATION LIMIT), Ahmedabad",COMPUTER SCIENCE & BIOSCIENCES,TFWS,2025,52.2555
146,"Silver Oak College Of Engg., & Tech. (WITHIN AMHEDABAD MUNICIPAL CORPORATION LIMIT), Ahmedabad",COMPUTER SCIENCE & ENGINEERING,OPEN,2025,37.9259
146,"Silver Oak College Of Engg., & Tech. (WITHIN AMHEDABAD MUNICIPAL CORPORATION LIMIT), Ahmedabad",COMPUTER SCIENCE & ENGINEERING,TFWS,2025,66.8234
146,"Silver Oak College Of Engg., & Tech. (WITHIN AMHEDABAD MUNICIPAL CORPORATION LIMIT), Ahmedabad",COMPUTER SCIENCE & ENGINEERING (CYBER SECURITY),OPEN,2025,14.2795
146,"Silver Oak College Of Engg., & Tech. (WITHIN AMHEDABAD MUNICIPAL CORPORATION LIMIT), Ahmedabad",COMPUTER SCIENCE & ENGINEERING (CYBER SECURITY),TFWS,2025,58.3857
146,"Silver Oak College Of Engg., & Tech. (WITHIN AMHEDABAD MUNICIPAL CORPORATION LIMIT), Ahmedabad",ELECTRONICS & COMMUNICATION ENGINEERING,OPEN,2025,31.7104
146,"Silver Oak College Of Engg., & Tech. (WITHIN AMHEDABAD MUNICIPAL CORPORATION LIMIT), Ahmedabad",ELECTRONICS & COMMUNICATION ENGINEERING,TFWS,2025,44.8256
146,"Silver Oak College Of Engg., & Tech. (WITHIN AMHEDABAD MUNICIPAL CORPORATION LIMIT), Ahmedabad",INFORMATION TECHNOLOGY,OPEN,2025,15.1072
147,"Smt. S.R. Patel Engg. College, Dabhi, Unjha",CIVIL ENGINEERING,OPEN,2025,65.5934
147,"Smt. S.R. Patel Engg. College, Dabhi, Unjha",COMPUTER ENGINEERING,OPEN,2025,27.3302
148,"Swaminarayan College Of Engg. & Tech., Kalol",COMPUTER ENGINEERING,OPEN,2025,18.3025
148,"Swaminarayan College Of Engg. & Tech., Kalol",INFORMATION TECHNOLOGY,OPEN,2025,63.9411
148,"Swaminarayan College Of Engg. & Tech., Kalol",MECHANICAL ENGINEERING,OPEN,2025,28.4048
149,Swarrnim Institute of Technology,ARTIFICIAL INTELLIGENCE,OPEN,2025,35.0679
149,Swarrnim Institute of Technology,COMPUTER ENGINEERING,OPEN,2025,50.0471
149,Swarrnim Institute of Technology,CYBER SECURITY,OPEN,2025,15.1614
149,Swarrnim Institute of Technology,INFORMATION TECHNOLOGY,OPEN,2025,13.9495
150,"Unitedworld Institute of Technology, Uvarsad, Gandhinagar",COMPUTER SCIENCE & ENGINEERING,OPEN,2025,14.3057
150,"Unitedworld Institute of Technology, Uvarsad, Gandhinagar",COMPUTER SCIENCE & ENGINEERING,TFWS,2025,74.6924
150,"Unitedworld Institute of Technology, Uvarsad, Gandhinagar",COMPUTER SCIENCE & ENGINEERING (ARTIFICIAL INTELLIGENCE AND MACHINE,OPEN,2025,10.4049
150,"Unitedworld Institute of Technology, Uvarsad, Gandhinagar",COMPUTER SCIENCE & ENGINEERING (ARTIFICIAL INTELLIGENCE AND MACHINE,TFWS,2025,62.9259
150,"Unitedworld Institute of Technology, Uvarsad, Gandhinagar",COMPUTER SCIENCE & ENGINEERING (CYBER SECURITY),OPEN,2025,6.6587
150,"Unitedworld Institute of Technology, Uvarsad, Gandhinagar",COMPUTER SCIENCE & ENGINEERING (CYBER SECURITY),TFWS,2025,72.3612
150,"Unitedworld Institute of Technology, Uvarsad, Gandhinagar",COMPUTER SCIENCE & ENGINEERING (DATA SCIENCE),OPEN,2025,14.6201
150,"Unitedworld Institute of Technology, Uvarsad, Gandhinagar",COMPUTER SCIENCE & ENGINEERING (DATA SCIENCE),TFWS,2025,71.9171
150,"Unitedworld Institute of Technology, Uvarsad, Gandhinagar",ELECTRONICS & COMMUNICATION ENGINEERING,OPEN,2025,14.1189
150,"Unitedworld Institute of Technology, Uvarsad, Gandhinagar",ELECTRONICS & COMMUNICATION ENGINEERING,TFWS,2025,61.6138
150,"Unitedworld Institute of Technology, Uvarsad, Gandhinagar",INFORMATION & COMMUNICATION TECHNOLOGY,OPEN,2025,25.2274
150,"Unitedworld Institute of Technology, Uvarsad, Gandhinagar",INFORMATION & COMMUNICATION TECHNOLOGY,TFWS,2025,71.5885
152,"V.V.P. Engineering College, Rajkot",BIOTECHNOLOGY,OPEN,2025,14.1952
152,"V.V.P. Engineering College, Rajkot",CHEMICAL ENGINEERING,OPEN,2025,37.1325
152,"V.V.P. Engineering College, Rajkot",CIVIL ENGINEERING,OPEN,2025,31.0809
152,"V.V.P. Engineering College, Rajkot",COMPUTER ENGINEERING,ESM,2025,22.974
152,"V.V.P. Engineering College, Rajkot",COMPUTER ENGINEERING,EWS,2025,60.2341
152,"V.V.P. Engineering College, Rajkot",COMPUTER ENGINEERING,OPEN,2025,65.7797
152,"V.V.P. Engineering College, Rajkot",COMPUTER ENGINEERING,SC,2025,19.9537
152,"V.V.P. Engineering College, Rajkot",COMPUTER ENGINEERING,SEBC,2025,23.3481
152,"V.V.P. Engineering College, Rajkot",COMPUTER ENGINEERING,TFWS,2025,90.5494
152,"V.V.P. Engineering College, Rajkot",ELECTRICAL ENGINEERING,OPEN,2025,9.9527
152,"V.V.P. Engineering College, Rajkot",ELECTRONICS & COMMUNICATION ENGINEERING,EWS,2025,49.1051
152,"V.V.P. Engineering College, Rajkot",ELECTRONICS & COMMUNICATION ENGINEERING,OPEN,2025,56.4946
152,"V.V.P. Engineering College, Rajkot",ELECTRONICS & COMMUNICATION ENGINEERING,SC,2025,31.6955
152,"V.V.P. Engineering College, Rajkot",INFORMATION TECHNOLOGY,ESM,2025,16.2335
152,"V.V.P. Engineering College, Rajkot",INFORMATION TECHNOLOGY,EWS,2025,48.2293
152,"V.V.P. Engineering College, Rajkot",INFORMATION TECHNOLOGY,OPEN,2025,56.9892
152,"V.V.P. Engineering College, Rajkot",INFORMATION TECHNOLOGY,SC,2025,18.845
152,"V.V.P. Engineering College, Rajkot",INFORMATION TECHNOLOGY,SEBC,2025,8.412
152,"V.V.P. Engineering College, Rajkot",INFORMATION TECHNOLOGY,TFWS,2025,86.4843
152,"V.V.P. Engineering College, Rajkot",MECHANICAL ENGINEERING,OPEN,2025,9.2301
154,"VEERAYATAN INSTITUTE OF ENGINEERING, Mandvi",COMPUTER ENGINEERING,OPEN,2025,27.7698
154,"VEERAYATAN INSTITUTE OF ENGINEERING, Mandvi",ELECTRICAL ENGINEERING,OPEN,2025,34.8506
154,"VEERAYATAN INSTITUTE OF ENGINEERING, Mandvi",MECHANICAL ENGINEERING,OPEN,2025,31.8741
155,"Vadodara Institute of Engineering, Kotambi, Waghodiya, Vadodara",COMPUTER ENGINEERING,OPEN,2025,26.9977
155,"Vadodara Institute of Engineering, Kotambi, Waghodiya, Vadodara",INFORMATION TECHNOLOGY,OPEN,2025,45.4664
156,"Vidhyadeep Institute of Engineering & Technology, Anita(Kim), Surat",CHEMICAL ENGINEERING,OPEN,2025,37.7214
156,"Vidhyadeep Institute of Engineering & Technology, Anita(Kim), Surat",CHEMICAL ENGINEERING,TFWS,2025,27.7597
156,"Vidhyadeep Institute of Engineering & Technology, Anita(Kim), Surat",CIVIL ENGINEERING,OPEN,2025,45.207
156,"Vidhyadeep Institute of Engineering & Technology, Anita(Kim), Surat",COMPUTER ENGINEERING,OPEN,2025,20.5259
156,"Vidhyadeep Institute of Engineering & Technology, Anita(Kim), Surat",COMPUTER ENGINEERING (ARTIFICIAL INTELLIGENCE AND MACHINE LEARNING),OPEN,2025,54.3964
156,"Vidhyadeep Institute of Engineering & Technology, Anita(Kim), Surat",INFORMATION TECHNOLOGY,OPEN,2025,16.6154
157,"Vidush Somany Institute Of Tech. & Res., Kadi",COMPUTER ENGINEERING,OPEN,2025,22.9619
157,"Vidush Somany Institute Of Tech. & Res., Kadi",COMPUTER SCIENCE & ENGINEERING,OPEN,2025,13.7307
157,"Vidush Somany Institute Of Tech. & Res., Kadi",INFORMATION TECHNOLOGY,OPEN,2025,10.9359
158,"Vishwakarma Government Engineering College, Chandkheda,Gandhinagar",CHEMICAL ENGINEERING,ESM,2025,56.5153
158,"Vishwakarma Government Engineering College, Chandkheda,Gandhinagar",CHEMICAL ENGINEERING,EWS,2025,72.8961
158,"Vishwakarma Government Engineering College, Chandkheda,Gandhinagar",CHEMICAL ENGINEERING,OPEN,2025,77.6744
158,"Vishwakarma Government Engineering College, Chandkheda,Gandhinagar",CHEMICAL ENGINEERING,SC,2025,50.6561
158,"Vishwakarma Government Engineering College, Chandkheda,Gandhinagar",CHEMICAL ENGINEERING,SEBC,2025,56.1994
158,"Vishwakarma Government Engineering College, Chandkheda,Gandhinagar",CHEMICAL ENGINEERING,ST,2025,21.094
158,"Vishwakarma Government Engineering College, Chandkheda,Gandhinagar",CHEMICAL ENGINEERING,TFWS,2025,86.5162
158,"Vishwakarma Government Engineering College, Chandkheda,Gandhinagar",CIVIL ENGINEERING,ESM,2025,52.9072
158,"Vishwakarma Government Engineering College, Chandkheda,Gandhinagar",CIVIL ENGINEERING,EWS,2025,66.8003
158,"Vishwakarma Government Engineering College, Chandkheda,Gandhinagar",CIVIL ENGINEERING,OPEN,2025,72.0479
158,"Vishwakarma Government Engineering College, Chandkheda,Gandhinagar",CIVIL ENGINEERING,SC,2025,50.6671
158,"Vishwakarma Government Engineering College, Chandkheda,Gandhinagar",CIVIL ENGINEERING,SEBC,2025,62.31
158,"Vishwakarma Government Engineering College, Chandkheda,Gandhinagar",CIVIL ENGINEERING,ST,2025,37.3726
158,"Vishwakarma Government Engineering College, Chandkheda,Gandhinagar",CIVIL ENGINEERING,TFWS,2025,82.9112
158,"Vishwakarma Government Engineering College, Chandkheda,Gandhinagar",COMPUTER ENGINEERING,ESM,2025,74.6352
158,"Vishwakarma Government Engineering College, Chandkheda,Gandhinagar",COMPUTER ENGINEERING,EWS,2025,96.3079
158,"Vishwakarma Government Engineering College, Chandkheda,Gandhinagar",COMPUTER ENGINEERING,OPEN,2025,96.6982
158,"Vishwakarma Government Engineering College, Chandkheda,Gandhinagar",COMPUTER ENGINEERING,SC,2025,87.0715
158,"Vishwakarma Government Engineering College, Chandkheda,Gandhinagar",COMPUTER ENGINEERING,SEBC,2025,94.8591
158,"Vishwakarma Government Engineering College, Chandkheda,Gandhinagar",COMPUTER ENGINEERING,ST,2025,47.6095
158,"Vishwakarma Government Engineering College, Chandkheda,Gandhinagar",COMPUTER ENGINEERING,TFWS,2025,97.4071
158,"Vishwakarma Government Engineering College, Chandkheda,Gandhinagar",COMPUTER SCIENCE & ENGINEERING (DATA SCIENCE),ESM,2025,79.0306
158,"Vishwakarma Government Engineering College, Chandkheda,Gandhinagar",COMPUTER SCIENCE & ENGINEERING (DATA SCIENCE),EWS,2025,94.5357
158,"Vishwakarma Government Engineering College, Chandkheda,Gandhinagar",COMPUTER SCIENCE & ENGINEERING (DATA SCIENCE),OPEN,2025,95.2831
158,"Vishwakarma Government Engineering College, Chandkheda,Gandhinagar",COMPUTER SCIENCE & ENGINEERING (DATA SCIENCE),SC,2025,82.6546
158,"Vishwakarma Government Engineering College, Chandkheda,Gandhinagar",COMPUTER SCIENCE & ENGINEERING (DATA SCIENCE),SEBC,2025,93.8007
158,"Vishwakarma Government Engineering College, Chandkheda,Gandhinagar",COMPUTER SCIENCE & ENGINEERING (DATA SCIENCE),ST,2025,32.9345
158,"Vishwakarma Government Engineering College, Chandkheda,Gandhinagar",COMPUTER SCIENCE & ENGINEERING (DATA SCIENCE),TFWS,2025,96.2845
158,"Vishwakarma Government Engineering College, Chandkheda,Gandhinagar",ELECTRICAL ENGINEERING,EWS,2025,64.8578
158,"Vishwakarma Government Engineering College, Chandkheda,Gandhinagar",ELECTRICAL ENGINEERING,OPEN,2025,72.5484
158,"Vishwakarma Government Engineering College, Chandkheda,Gandhinagar",ELECTRICAL ENGINEERING,SC,2025,32.856
158,"Vishwakarma Government Engineering College, Chandkheda,Gandhinagar",ELECTRICAL ENGINEERING,SEBC,2025,58.5737
158,"Vishwakarma Government Engineering College, Chandkheda,Gandhinagar",ELECTRICAL ENGINEERING,ST,2025,13.3066
158,"Vishwakarma Government Engineering College, Chandkheda,Gandhinagar",ELECTRICAL ENGINEERING,TFWS,2025,80.1402
158,"Vishwakarma Government Engineering College, Chandkheda,Gandhinagar",ELECTRONICS & COMMUNICATION ENGINEERING,ESM,2025,52.1105
158,"Vishwakarma Government Engineering College, Chandkheda,Gandhinagar",ELECTRONICS & COMMUNICATION ENGINEERING,EWS,2025,86.9108
158,"Vishwakarma Government Engineering College, Chandkheda,Gandhinagar",ELECTRONICS & COMMUNICATION ENGINEERING,OPEN,2025,88.7171
158,"Vishwakarma Government Engineering College, Chandkheda,Gandhinagar",ELECTRONICS & COMMUNICATION ENGINEERING,SC,2025,54.8719
158,"Vishwakarma Government Engineering College, Chandkheda,Gandhinagar",ELECTRONICS & COMMUNICATION ENGINEERING,SEBC,2025,79.0084
158,"Vishwakarma Government Engineering College, Chandkheda,Gandhinagar",ELECTRONICS & COMMUNICATION ENGINEERING,TFWS,2025,92.0403
158,"Vishwakarma Government Engineering College, Chandkheda,Gandhinagar",ELECTRONICS & INSTRUMENTATION ENGINEERING,EWS,2025,66.2145
158,"Vishwakarma Government Engineering College, Chandkheda,Gandhinagar",ELECTRONICS & INSTRUMENTATION ENGINEERING,OPEN,2025,71.5757
158,"Vishwakarma Government Engineering College, Chandkheda,Gandhinagar",ELECTRONICS & INSTRUMENTATION ENGINEERING,SC,2025,10.6281
158,"Vishwakarma Government Engineering College, Chandkheda,Gandhinagar",ELECTRONICS & INSTRUMENTATION ENGINEERING,SEBC,2025,53.9138
158,"Vishwakarma Government Engineering College, Chandkheda,Gandhinagar",ELECTRONICS & INSTRUMENTATION ENGINEERING,TFWS,2025,77.1078
158,"Vishwakarma Government Engineering College, Chandkheda,Gandhinagar",INFORMATION & COMMUNICATION TECHNOLOGY,ESM,2025,66.7449
158,"Vishwakarma Government Engineering College, Chandkheda,Gandhinagar",INFORMATION & COMMUNICATION TECHNOLOGY,EWS,2025,90.6099
158,"Vishwakarma Government Engineering College, Chandkheda,Gandhinagar",INFORMATION & COMMUNICATION TECHNOLOGY,OPEN,2025,92.5976
158,"Vishwakarma Government Engineering College, Chandkheda,Gandhinagar",INFORMATION & COMMUNICATION TECHNOLOGY,SC,2025,70.2292
158,"Vishwakarma Government Engineering College, Chandkheda,Gandhinagar",INFORMATION & COMMUNICATION TECHNOLOGY,SEBC,2025,87.9316
158,"Vishwakarma Government Engineering College, Chandkheda,Gandhinagar",INFORMATION & COMMUNICATION TECHNOLOGY,ST,2025,10.3334
158,"Vishwakarma Government Engineering College, Chandkheda,Gandhinagar",INFORMATION & COMMUNICATION TECHNOLOGY,TFWS,2025,94.7841
158,"Vishwakarma Government Engineering College, Chandkheda,Gandhinagar",INFORMATION TECHNOLOGY,ESM,2025,72.4701
158,"Vishwakarma Government Engineering College, Chandkheda,Gandhinagar",INFORMATION TECHNOLOGY,EWS,2025,94.9318
158,"Vishwakarma Government Engineering College, Chandkheda,Gandhinagar",INFORMATION TECHNOLOGY,OPEN,2025,95.5937
158,"Vishwakarma Government Engineering College, Chandkheda,Gandhinagar",INFORMATION TECHNOLOGY,SC,2025,81.1843
158,"Vishwakarma Government Engineering College, Chandkheda,Gandhinagar",INFORMATION TECHNOLOGY,SEBC,2025,94.3739
158,"Vishwakarma Government Engineering College, Chandkheda,Gandhinagar",INFORMATION TECHNOLOGY,ST,2025,41.6866
158,"Vishwakarma Government Engineering College, Chandkheda,Gandhinagar",INFORMATION TECHNOLOGY,TFWS,2025,96.2877
158,"Vishwakarma Government Engineering College, Chandkheda,Gandhinagar",INSTRUMENTATION & CONTROL ENGINEERING,EWS,2025,59.7209
158,"Vishwakarma Government Engineering College, Chandkheda,Gandhinagar",INSTRUMENTATION & CONTROL ENGINEERING,OPEN,2025,66.5659
158,"Vishwakarma Government Engineering College, Chandkheda,Gandhinagar",INSTRUMENTATION & CONTROL ENGINEERING,SC,2025,28.1707
158,"Vishwakarma Government Engineering College, Chandkheda,Gandhinagar",INSTRUMENTATION & CONTROL ENGINEERING,SEBC,2025,47.1078
158,"Vishwakarma Government Engineering College, Chandkheda,Gandhinagar",INSTRUMENTATION & CONTROL ENGINEERING,TFWS,2025,73.2244
158,"Vishwakarma Government Engineering College, Chandkheda,Gandhinagar",MECHANICAL ENGINEERING,ESM,2025,61.8442
158,"Vishwakarma Government Engineering College, Chandkheda,Gandhinagar",MECHANICAL ENGINEERING,EWS,2025,70.7249
158,"Vishwakarma Government Engineering College, Chandkheda,Gandhinagar",MECHANICAL ENGINEERING,OPEN,2025,73.6771
158,"Vishwakarma Government Engineering College, Chandkheda,Gandhinagar",MECHANICAL ENGINEERING,SC,2025,40.8636
158,"Vishwakarma Government Engineering College, Chandkheda,Gandhinagar",MECHANICAL ENGINEERING,SEBC,2025,63.0251
158,"Vishwakarma Government Engineering College, Chandkheda,Gandhinagar",MECHANICAL ENGINEERING,ST,2025,28.1246
158,"Vishwakarma Government Engineering College, Chandkheda,Gandhinagar",MECHANICAL ENGINEERING,TFWS,2025,80.6998
158,"Vishwakarma Government Engineering College, Chandkheda,Gandhinagar",POWER ELECTRONICS,EWS,2025,11.371
158,"Vishwakarma Government Engineering College, Chandkheda,Gandhinagar",POWER ELECTRONICS,OPEN,2025,35.751
158,"Vishwakarma Government Engineering College, Chandkheda,Gandhinagar",POWER ELECTRONICS,SEBC,2025,16.6075
158,"Vishwakarma Government Engineering College, Chandkheda,Gandhinagar",POWER ELECTRONICS,TFWS,2025,65.012
