Inst_Code,Inst_Name,Branch_Name,Category,Year,Closing_Rank
1,"A.D.Patel Institute Of Tech.,Karamsad",ARTIFICIAL INTELLIGENCE AND DATA SCIENCE,EWS,2022,18200
1,"A.D.Patel Institute Of Tech.,Karamsad",ARTIFICIAL INTELLIGENCE AND DATA SCIENCE,OPEN,2022,14510
1,"A.D.Patel Institute Of Tech.,Karamsad",ARTIFICIAL INTELLIGENCE AND DATA SCIENCE,TFW_Last_Adm,2022,4015
1,"A.D.Patel Institute Of Tech.,Karamsad",COMPUTER ENGINEERING,DS,2022,12154
1,"A.D.Patel Institute Of Tech.,Karamsad",COMPUTER ENGINEERING,EWS,2022,4563
1,"A.D.Patel Institute Of Tech.,Karamsad",COMPUTER ENGINEERING,OPEN,2022,4319
1,"A.D.Patel Institute Of Tech.,Karamsad",COMPUTER ENGINEERING,SC,2022,15999
1,"A.D.Patel Institute Of Tech.,Karamsad",COMPUTER ENGINEERING,SEBC,2022,8108
1,"A.D.Patel Institute Of Tech.,Karamsad",COMPUTER ENGINEERING,TFW_Last_Adm,2022,1915
1,"A.D.Patel Institute Of Tech.,Karamsad",COMPUTER SCIENCE & DESIGN,EWS,2022,12868
1,"A.D.Patel Institute Of Tech.,Karamsad",COMPUTER SCIENCE & DESIGN,OPEN,2022,10577
1,"A.D.Patel Institute Of Tech.,Karamsad",COMPUTER SCIENCE & DESIGN,SEBC,2022,22157
1,"A.D.Patel Institute Of Tech.,Karamsad",COMPUTER SCIENCE & DESIGN,TFW_Last_Adm,2022,4874
1,"A.D.Patel Institute Of Tech.,Karamsad",FOOD PROCESSING TECHNOLOGY,EWS,2022,30995
1,"A.D.Patel Institute Of Tech.,Karamsad",FOOD PROCESSING TECHNOLOGY,OPEN,2022,27530
1,"A.D.Patel Institute Of Tech.,Karamsad",FOOD PROCESSING TECHNOLOGY,SC,2022,33769
1,"A.D.Patel Institute Of Tech.,Karamsad",FOOD PROCESSING TECHNOLOGY,TFW_Last_Adm,2022,6030
1,"A.D.Patel Institute Of Tech.,Karamsad",INFORMATION TECHNOLOGY,EWS,2022,6558
1,"A.D.Patel Institute Of Tech.,Karamsad",INFORMATION TECHNOLOGY,OPEN,2022,5982
1,"A.D.Patel Institute Of Tech.,Karamsad",INFORMATION TECHNOLOGY,SC,2022,24411
1,"A.D.Patel Institute Of Tech.,Karamsad",INFORMATION TECHNOLOGY,SEBC,2022,10155
1,"A.D.Patel Institute Of Tech.,Karamsad",INFORMATION TECHNOLOGY,TFW_Last_Adm,2022,2286
3,"ADANI INSTITUTE OF INFRASTRUCTURE ENGINEERING,AHMEDABAD",CIVIL & INFRASTRUCTURE ENGINEERING,OPEN,2022,34378
3,"ADANI INSTITUTE OF INFRASTRUCTURE ENGINEERING,AHMEDABAD",COMPUTER SCIENCE & ENGINEERING ARTIFICIAL IN,EWS,2022,4248
3,"ADANI INSTITUTE OF INFRASTRUCTURE ENGINEERING,AHMEDABAD",COMPUTER SCIENCE & ENGINEERING ARTIFICIAL IN,SEBC,2022,13492
3,"ADANI INSTITUTE OF INFRASTRUCTURE ENGINEERING,AHMEDABAD",COMPUTER SCIENCE & ENGINEERING ARTIFICIAL IN,TFW_Last_Adm,2022,1455
3,"ADANI INSTITUTE OF INFRASTRUCTURE ENGINEERING,AHMEDABAD",INFORMATION & COMMUNICATION TECHNOLOGY,DS,2022,13013
3,"ADANI INSTITUTE OF INFRASTRUCTURE ENGINEERING,AHMEDABAD",INFORMATION & COMMUNICATION TECHNOLOGY,EWS,2022,5952
3,"ADANI INSTITUTE OF INFRASTRUCTURE ENGINEERING,AHMEDABAD",INFORMATION & COMMUNICATION TECHNOLOGY,OPEN,2022,5060
3,"ADANI INSTITUTE OF INFRASTRUCTURE ENGINEERING,AHMEDABAD",INFORMATION & COMMUNICATION TECHNOLOGY,SC,2022,12239
3,"ADANI INSTITUTE OF INFRASTRUCTURE ENGINEERING,AHMEDABAD",INFORMATION & COMMUNICATION TECHNOLOGY,SEBC,2022,14939
3,"ADANI INSTITUTE OF INFRASTRUCTURE ENGINEERING,AHMEDABAD",INFORMATION & COMMUNICATION TECHNOLOGY,TFW_Last_Adm,2022,1750
7,ADITYA SILVER OAK INSTITUTE OF TECHNOLOGY (WITHIN LIMITS OF AHMEDABAD MUNICIPAL CORPORATION) AHMEDABAD,COMPUTER ENGINEERING,OPEN,2022,34273
7,ADITYA SILVER OAK INSTITUTE OF TECHNOLOGY (WITHIN LIMITS OF AHMEDABAD MUNICIPAL CORPORATION) AHMEDABAD,COMPUTER ENGINEERING,TFW_Last_Adm,2022,8621
7,ADITYA SILVER OAK INSTITUTE OF TECHNOLOGY (WITHIN LIMITS OF AHMEDABAD MUNICIPAL CORPORATION) AHMEDABAD,COMPUTER SCIENCE & BIOSCIENCES,TFW_Last_Adm,2022,11327
7,ADITYA SILVER OAK INSTITUTE OF TECHNOLOGY (WITHIN LIMITS OF AHMEDABAD MUNICIPAL CORPORATION) AHMEDABAD,ELECTRONICS & COMMUNICATION ENGINEERING,TFW_Last_Adm,2022,15900
7,ADITYA SILVER OAK INSTITUTE OF TECHNOLOGY (WITHIN LIMITS OF AHMEDABAD MUNICIPAL CORPORATION) AHMEDABAD,INFORMATION TECHNOLOGY,OPEN,2022,34520
7,ADITYA SILVER OAK INSTITUTE OF TECHNOLOGY (WITHIN LIMITS OF AHMEDABAD MUNICIPAL CORPORATION) AHMEDABAD,INFORMATION TECHNOLOGY,TFW_Last_Adm,2022,8696
8,APOLLO INSTITUTE OF ENGINEERING & TECHNOLOGY AHMEDABAD,COMPUTER ENGINEERING,EWS,2022,29152
8,APOLLO INSTITUTE OF ENGINEERING & TECHNOLOGY AHMEDABAD,COMPUTER ENGINEERING,OPEN,2022,24866
8,APOLLO INSTITUTE OF ENGINEERING & TECHNOLOGY AHMEDABAD,COMPUTER ENGINEERING,TFW_Last_Adm,2022,5801
8,APOLLO INSTITUTE OF ENGINEERING & TECHNOLOGY AHMEDABAD,INFORMATION TECHNOLOGY,OPEN,2022,34131
10,"Ahmedabad Institute Of Tech, Ahmedabad",COMPUTER ENGINEERING,DS,2022,23389
10,"Ahmedabad Institute Of Tech, Ahmedabad",COMPUTER ENGINEERING,EWS,2022,12792
10,"Ahmedabad Institute Of Tech, Ahmedabad",COMPUTER ENGINEERING,OPEN,2022,11021
10,"Ahmedabad Institute Of Tech, Ahmedabad",COMPUTER ENGINEERING,SC,2022,25754
10,"Ahmedabad Institute Of Tech, Ahmedabad",COMPUTER ENGINEERING,SEBC,2022,27691
10,"Ahmedabad Institute Of Tech, Ahmedabad",COMPUTER ENGINEERING,TFW_Last_Adm,2022,4161
10,"Ahmedabad Institute Of Tech, Ahmedabad",INFORMATION TECHNOLOGY,DS,2022,31083
10,"Ahmedabad Institute Of Tech, Ahmedabad",INFORMATION TECHNOLOGY,EWS,2022,13880
10,"Ahmedabad Institute Of Tech, Ahmedabad",INFORMATION TECHNOLOGY,OPEN,2022,13091
10,"Ahmedabad Institute Of Tech, Ahmedabad",INFORMATION TECHNOLOGY,SC,2022,29307
10,"Ahmedabad Institute Of Tech, Ahmedabad",INFORMATION TECHNOLOGY,SEBC,2022,28186
10,"Ahmedabad Institute Of Tech, Ahmedabad",INFORMATION TECHNOLOGY,TFW_Last_Adm,2022,5230
13,"Amiraj College Of Engg & Tech., Sanand, Ahmedabad",COMPUTER SCIENCE & ENGINEERING,OPEN,2022,32954
13,"Amiraj College Of Engg & Tech., Sanand, Ahmedabad",COMPUTER SCIENCE & ENGINEERING,TFW_Last_Adm,2022,10555
16,Asha M. Tarsadia Institute of Computer Science & Tech. Bardoli,COMPUTER ENGINEERING (SOFTWARE ENGINEERIN,TFW_Last_Adm,2022,8835
16,Asha M. Tarsadia Institute of Computer Science & Tech. Bardoli,COMPUTER SCIENCE & ENGINEERING,OPEN,2022,34555
16,Asha M. Tarsadia Institute of Computer Science & Tech. Bardoli,COMPUTER SCIENCE & ENGINEERING,TFW_Last_Adm,2022,7131
16,Asha M. Tarsadia Institute of Computer Science & Tech. Bardoli,COMPUTER SCIENCE & ENGINEERING (CLOUD COMP,TFW_Last_Adm,2022,13885
17,"Atmiya University, Faculty of Engineering and Technology, Rajkot",COMPUTER ENGINEERING,OPEN,2022,26149
17,"Atmiya University, Faculty of Engineering and Technology, Rajkot",COMPUTER ENGINEERING,TFW_Last_Adm,2022,6031
17,"Atmiya University, Faculty of Engineering and Technology, Rajkot",INFORMATION TECHNOLOGY,OPEN,2022,33678
17,"Atmiya University, Faculty of Engineering and Technology, Rajkot",INFORMATION TECHNOLOGY,TFW_Last_Adm,2022,5990
18,"B.H.Gardi College Of Engg. & Technology , Rajkot",COMPUTER ENGINEERING,TFW_Last_Adm,2022,8570
19,"Bhagwan Arihant Institute of Tech., Surat",COMPUTER ENGINEERING,OPEN,2022,30291
19,"Bhagwan Arihant Institute of Tech., Surat",COMPUTER ENGINEERING,TFW_Last_Adm,2022,8181
19,"Bhagwan Arihant Institute of Tech., Surat",INFORMATION TECHNOLOGY,OPEN,2022,33802
19,"Bhagwan Arihant Institute of Tech., Surat",INFORMATION TECHNOLOGY,TFW_Last_Adm,2022,7809
19,"Bhagwan Arihant Institute of Tech., Surat",PHARMACEUTICAL ENGINEERING,TFW_Last_Adm,2022,29904
20,"Bhagwan Mahavir College Of Engg. And Tech., Surat",COMPUTER ENGINEERING,EWS,2022,24726
20,"Bhagwan Mahavir College Of Engg. And Tech., Surat",COMPUTER ENGINEERING,OPEN,2022,20501
20,"Bhagwan Mahavir College Of Engg. And Tech., Surat",COMPUTER ENGINEERING,TFW_Last_Adm,2022,6168
21,"Birla Vishvakarma Maha Vidhyalaya(Gia), V.V.Nagar",CIVIL ENGINEERING,AI-OP,2022,1003099
21,"Birla Vishvakarma Maha Vidhyalaya(Gia), V.V.Nagar",CIVIL ENGINEERING,DS,2022,24422
21,"Birla Vishvakarma Maha Vidhyalaya(Gia), V.V.Nagar",CIVIL ENGINEERING,EWS,2022,16241
21,"Birla Vishvakarma Maha Vidhyalaya(Gia), V.V.Nagar",CIVIL ENGINEERING,OPEN,2022,13586
21,"Birla Vishvakarma Maha Vidhyalaya(Gia), V.V.Nagar",CIVIL ENGINEERING,SC,2022,22304
21,"Birla Vishvakarma Maha Vidhyalaya(Gia), V.V.Nagar",CIVIL ENGINEERING,SEBC,2022,18405
21,"Birla Vishvakarma Maha Vidhyalaya(Gia), V.V.Nagar",CIVIL ENGINEERING,ST,2022,25492
21,"Birla Vishvakarma Maha Vidhyalaya(Gia), V.V.Nagar",CIVIL ENGINEERING,TFW_Last_Adm,2022,9488
21,"Birla Vishvakarma Maha Vidhyalaya(Gia), V.V.Nagar",COMPUTER ENGINEERING,AI-OP,2022,1000031
21,"Birla Vishvakarma Maha Vidhyalaya(Gia), V.V.Nagar",COMPUTER ENGINEERING,DS,2022,2033
21,"Birla Vishvakarma Maha Vidhyalaya(Gia), V.V.Nagar",COMPUTER ENGINEERING,EWS,2022,752
21,"Birla Vishvakarma Maha Vidhyalaya(Gia), V.V.Nagar",COMPUTER ENGINEERING,OPEN,2022,720
21,"Birla Vishvakarma Maha Vidhyalaya(Gia), V.V.Nagar",COMPUTER ENGINEERING,SC,2022,4628
21,"Birla Vishvakarma Maha Vidhyalaya(Gia), V.V.Nagar",COMPUTER ENGINEERING,SEBC,2022,1552
21,"Birla Vishvakarma Maha Vidhyalaya(Gia), V.V.Nagar",COMPUTER ENGINEERING,ST,2022,23726
21,"Birla Vishvakarma Maha Vidhyalaya(Gia), V.V.Nagar",COMPUTER ENGINEERING,TFW_Last_Adm,2022,520
21,"Birla Vishvakarma Maha Vidhyalaya(Gia), V.V.Nagar",ELECTRICAL ENGINEERING,AI-OP,2022,1001008
21,"Birla Vishvakarma Maha Vidhyalaya(Gia), V.V.Nagar",ELECTRICAL ENGINEERING,DS,2022,22715
21,"Birla Vishvakarma Maha Vidhyalaya(Gia), V.V.Nagar",ELECTRICAL ENGINEERING,EWS,2022,12249
21,"Birla Vishvakarma Maha Vidhyalaya(Gia), V.V.Nagar",ELECTRICAL ENGINEERING,OPEN,2022,9714
21,"Birla Vishvakarma Maha Vidhyalaya(Gia), V.V.Nagar",ELECTRICAL ENGINEERING,SC,2022,20660
21,"Birla Vishvakarma Maha Vidhyalaya(Gia), V.V.Nagar",ELECTRICAL ENGINEERING,SEBC,2022,15516
21,"Birla Vishvakarma Maha Vidhyalaya(Gia), V.V.Nagar",ELECTRICAL ENGINEERING,ST,2022,29233
21,"Birla Vishvakarma Maha Vidhyalaya(Gia), V.V.Nagar",ELECTRICAL ENGINEERING,TFW_Last_Adm,2022,7133
21,"Birla Vishvakarma Maha Vidhyalaya(Gia), V.V.Nagar",ELECTRONICS ENGINEERING,AI-OP,2022,1000995
21,"Birla Vishvakarma Maha Vidhyalaya(Gia), V.V.Nagar",ELECTRONICS ENGINEERING,AI_Rank,2022,1001546
21,"Birla Vishvakarma Maha Vidhyalaya(Gia), V.V.Nagar",ELECTRONICS ENGINEERING,DS,2022,19699
21,"Birla Vishvakarma Maha Vidhyalaya(Gia), V.V.Nagar",ELECTRONICS ENGINEERING,EWS,2022,14095
21,"Birla Vishvakarma Maha Vidhyalaya(Gia), V.V.Nagar",ELECTRONICS ENGINEERING,OPEN,2022,11663
21,"Birla Vishvakarma Maha Vidhyalaya(Gia), V.V.Nagar",ELECTRONICS ENGINEERING,SC,2022,31737
21,"Birla Vishvakarma Maha Vidhyalaya(Gia), V.V.Nagar",ELECTRONICS ENGINEERING,SEBC,2022,27474
21,"Birla Vishvakarma Maha Vidhyalaya(Gia), V.V.Nagar",ELECTRONICS ENGINEERING,TFW_Last_Adm,2022,9999
21,"Birla Vishvakarma Maha Vidhyalaya(Gia), V.V.Nagar",MECHANICAL ENGINEERING,AI-OP,2022,1001170
21,"Birla Vishvakarma Maha Vidhyalaya(Gia), V.V.Nagar",MECHANICAL ENGINEERING,DS,2022,17168
21,"Birla Vishvakarma Maha Vidhyalaya(Gia), V.V.Nagar",MECHANICAL ENGINEERING,EWS,2022,10464
21,"Birla Vishvakarma Maha Vidhyalaya(Gia), V.V.Nagar",MECHANICAL ENGINEERING,OPEN,2022,7891
21,"Birla Vishvakarma Maha Vidhyalaya(Gia), V.V.Nagar",MECHANICAL ENGINEERING,SC,2022,22968
21,"Birla Vishvakarma Maha Vidhyalaya(Gia), V.V.Nagar",MECHANICAL ENGINEERING,SEBC,2022,12084
21,"Birla Vishvakarma Maha Vidhyalaya(Gia), V.V.Nagar",MECHANICAL ENGINEERING,ST,2022,34319
21,"Birla Vishvakarma Maha Vidhyalaya(Gia), V.V.Nagar",MECHANICAL ENGINEERING,TFW_Last_Adm,2022,5344
21,"Birla Vishvakarma Maha Vidhyalaya(Gia), V.V.Nagar",PRODUCTION ENGINEERING,AI-OP,2022,1003997
21,"Birla Vishvakarma Maha Vidhyalaya(Gia), V.V.Nagar",PRODUCTION ENGINEERING,OPEN,2022,33697
21,"Birla Vishvakarma Maha Vidhyalaya(Gia), V.V.Nagar",PRODUCTION ENGINEERING,TFW_Last_Adm,2022,14513
22,"Birla Vishvakarma Maha Vidhylaya(Sfi), V.V.Nagar",ELECTRONICS & COMMUNICATION ENGINEERING,EWS,2022,17828
22,"Birla Vishvakarma Maha Vidhylaya(Sfi), V.V.Nagar",ELECTRONICS & COMMUNICATION ENGINEERING,OPEN,2022,15764
22,"Birla Vishvakarma Maha Vidhylaya(Sfi), V.V.Nagar",ELECTRONICS & COMMUNICATION ENGINEERING,TFW_Last_Adm,2022,5221
22,"Birla Vishvakarma Maha Vidhylaya(Sfi), V.V.Nagar",INFORMATION TECHNOLOGY,DS,2022,2965
22,"Birla Vishvakarma Maha Vidhylaya(Sfi), V.V.Nagar",INFORMATION TECHNOLOGY,EWS,2022,1758
22,"Birla Vishvakarma Maha Vidhylaya(Sfi), V.V.Nagar",INFORMATION TECHNOLOGY,OPEN,2022,1594
22,"Birla Vishvakarma Maha Vidhylaya(Sfi), V.V.Nagar",INFORMATION TECHNOLOGY,SC,2022,7784
22,"Birla Vishvakarma Maha Vidhylaya(Sfi), V.V.Nagar",INFORMATION TECHNOLOGY,SEBC,2022,3053
22,"Birla Vishvakarma Maha Vidhylaya(Sfi), V.V.Nagar",INFORMATION TECHNOLOGY,TFW_Last_Adm,2022,843
22,"Birla Vishvakarma Maha Vidhylaya(Sfi), V.V.Nagar",MECHANICAL ENGINEERING,OPEN,2022,14980
22,"Birla Vishvakarma Maha Vidhylaya(Sfi), V.V.Nagar",MECHANICAL ENGINEERING,SC,2022,33666
22,"Birla Vishvakarma Maha Vidhylaya(Sfi), V.V.Nagar",MECHANICAL ENGINEERING,SEBC,2022,30112
22,"Birla Vishvakarma Maha Vidhylaya(Sfi), V.V.Nagar",MECHANICAL ENGINEERING,TFW_Last_Adm,2022,7403
23,"C. K. Pithawala College Of Engg. & Tech., Surat",CIVIL ENGINEERING,OPEN,2022,34359
23,"C. K. Pithawala College Of Engg. & Tech., Surat",COMPUTER ENGINEERING,EWS,2022,10400
23,"C. K. Pithawala College Of Engg. & Tech., Surat",COMPUTER ENGINEERING,OPEN,2022,9506
23,"C. K. Pithawala College Of Engg. & Tech., Surat",COMPUTER ENGINEERING,SC,2022,29295
23,"C. K. Pithawala College Of Engg. & Tech., Surat",COMPUTER ENGINEERING,SEBC,2022,16052
23,"C. K. Pithawala College Of Engg. & Tech., Surat",COMPUTER ENGINEERING,TFW_Last_Adm,2022,4011
23,"C. K. Pithawala College Of Engg. & Tech., Surat",ELECTRICAL ENGINEERING,OPEN,2022,34353
24,"C.U.Shah College Of Engg.& Tech.,Wadhvan",COMPUTER ENGINEERING,OPEN,2022,33931
26,"Chandubhai S Patel Institute Of Technology, Changa",COMPUTER ENGINEERING,DS,2022,9757
26,"Chandubhai S Patel Institute Of Technology, Changa",COMPUTER ENGINEERING,EWS,2022,2540
26,"Chandubhai S Patel Institute Of Technology, Changa",COMPUTER ENGINEERING,OPEN,2022,2486
26,"Chandubhai S Patel Institute Of Technology, Changa",COMPUTER ENGINEERING,SC,2022,11267
26,"Chandubhai S Patel Institute Of Technology, Changa",COMPUTER ENGINEERING,SEBC,2022,4695
26,"Chandubhai S Patel Institute Of Technology, Changa",COMPUTER ENGINEERING,TFW_Last_Adm,2022,1141
26,"Chandubhai S Patel Institute Of Technology, Changa",COMPUTER SCIENCE & ENGINEERING,EWS,2022,2318
26,"Chandubhai S Patel Institute Of Technology, Changa",COMPUTER SCIENCE & ENGINEERING,OPEN,2022,2112
26,"Chandubhai S Patel Institute Of Technology, Changa",COMPUTER SCIENCE & ENGINEERING,SC,2022,8297
26,"Chandubhai S Patel Institute Of Technology, Changa",COMPUTER SCIENCE & ENGINEERING,SEBC,2022,4535
26,"Chandubhai S Patel Institute Of Technology, Changa",COMPUTER SCIENCE & ENGINEERING,TFW_Last_Adm,2022,803
26,"Chandubhai S Patel Institute Of Technology, Changa",ELECTRICAL ENGINEERING,OPEN,2022,32576
26,"Chandubhai S Patel Institute Of Technology, Changa",ELECTRONICS & COMMUNICATION ENGINEERING,OPEN,2022,32785
26,"Chandubhai S Patel Institute Of Technology, Changa",INFORMATION TECHNOLOGY,DS,2022,9501
26,"Chandubhai S Patel Institute Of Technology, Changa",INFORMATION TECHNOLOGY,EWS,2022,3453
26,"Chandubhai S Patel Institute Of Technology, Changa",INFORMATION TECHNOLOGY,OPEN,2022,3124
26,"Chandubhai S Patel Institute Of Technology, Changa",INFORMATION TECHNOLOGY,SC,2022,14106
26,"Chandubhai S Patel Institute Of Technology, Changa",INFORMATION TECHNOLOGY,SEBC,2022,7172
26,"Chandubhai S Patel Institute Of Technology, Changa",INFORMATION TECHNOLOGY,TFW_Last_Adm,2022,1331
31,"Chhotubhai Gopalbhai Patel Institute Of Tech., Tarsadi, Bardoli",ARTIFICIAL INTELLIGENCE AND DATA SCIENCE,OPEN,2022,34412
31,"Chhotubhai Gopalbhai Patel Institute Of Tech., Tarsadi, Bardoli",ARTIFICIAL INTELLIGENCE AND DATA SCIENCE,TFW_Last_Adm,2022,12821
31,"Chhotubhai Gopalbhai Patel Institute Of Tech., Tarsadi, Bardoli",COMPUTER ENGINEERING,OPEN,2022,34022
31,"Chhotubhai Gopalbhai Patel Institute Of Tech., Tarsadi, Bardoli",COMPUTER ENGINEERING,TFW_Last_Adm,2022,5272
31,"Chhotubhai Gopalbhai Patel Institute Of Tech., Tarsadi, Bardoli",INFORMATION TECHNOLOGY,OPEN,2022,34550
31,"Chhotubhai Gopalbhai Patel Institute Of Tech., Tarsadi, Bardoli",INFORMATION TECHNOLOGY,TFW_Last_Adm,2022,7614
33,DR. S & S.S.Ghandhi Government Engineering College Surat,CIVIL ENGINEERING,AI-OP,2022,1002698
33,DR. S & S.S.Ghandhi Government Engineering College Surat,CIVIL ENGINEERING,EWS,2022,18088
33,DR. S & S.S.Ghandhi Government Engineering College Surat,CIVIL ENGINEERING,OPEN,2022,13482
33,DR. S & S.S.Ghandhi Government Engineering College Surat,CIVIL ENGINEERING,SC,2022,33693
33,DR. S & S.S.Ghandhi Government Engineering College Surat,CIVIL ENGINEERING,SEBC,2022,22221
33,DR. S & S.S.Ghandhi Government Engineering College Surat,CIVIL ENGINEERING,ST,2022,19749
33,DR. S & S.S.Ghandhi Government Engineering College Surat,CIVIL ENGINEERING,TFW_Last_Adm,2022,8185
33,DR. S & S.S.Ghandhi Government Engineering College Surat,ELECTRICAL ENGINEERING,AI-OP,2022,1000841
33,DR. S & S.S.Ghandhi Government Engineering College Surat,ELECTRICAL ENGINEERING,AI_Rank,2022,1002379
33,DR. S & S.S.Ghandhi Government Engineering College Surat,ELECTRICAL ENGINEERING,EWS,2022,21613
33,DR. S & S.S.Ghandhi Government Engineering College Surat,ELECTRICAL ENGINEERING,OPEN,2022,14105
33,DR. S & S.S.Ghandhi Government Engineering College Surat,ELECTRICAL ENGINEERING,SC,2022,31963
33,DR. S & S.S.Ghandhi Government Engineering College Surat,ELECTRICAL ENGINEERING,SEBC,2022,22336
33,DR. S & S.S.Ghandhi Government Engineering College Surat,ELECTRICAL ENGINEERING,ST,2022,27794
33,DR. S & S.S.Ghandhi Government Engineering College Surat,ELECTRICAL ENGINEERING,TFW_Last_Adm,2022,8298
33,DR. S & S.S.Ghandhi Government Engineering College Surat,ELECTRONICS & COMMUNICATION ENGINEERING,AI-OP,2022,1000724
33,DR. S & S.S.Ghandhi Government Engineering College Surat,ELECTRONICS & COMMUNICATION ENGINEERING,EWS,2022,16592
33,DR. S & S.S.Ghandhi Government Engineering College Surat,ELECTRONICS & COMMUNICATION ENGINEERING,OPEN,2022,13666
33,DR. S & S.S.Ghandhi Government Engineering College Surat,ELECTRONICS & COMMUNICATION ENGINEERING,SEBC,2022,25736
33,DR. S & S.S.Ghandhi Government Engineering College Surat,ELECTRONICS & COMMUNICATION ENGINEERING,TFW_Last_Adm,2022,6412
33,DR. S & S.S.Ghandhi Government Engineering College Surat,ENVIRONMENTAL ENGINEERING,AI-OP,2022,1002075
33,DR. S & S.S.Ghandhi Government Engineering College Surat,ENVIRONMENTAL ENGINEERING,OPEN,2022,28520
33,DR. S & S.S.Ghandhi Government Engineering College Surat,ENVIRONMENTAL ENGINEERING,TFW_Last_Adm,2022,11698
33,DR. S & S.S.Ghandhi Government Engineering College Surat,MECHANICAL ENGINEERING,AI-OP,2022,1001383
33,DR. S & S.S.Ghandhi Government Engineering College Surat,MECHANICAL ENGINEERING,EWS,2022,14419
33,DR. S & S.S.Ghandhi Government Engineering College Surat,MECHANICAL ENGINEERING,OPEN,2022,11574
33,DR. S & S.S.Ghandhi Government Engineering College Surat,MECHANICAL ENGINEERING,SEBC,2022,17251
33,DR. S & S.S.Ghandhi Government Engineering College Surat,MECHANICAL ENGINEERING,ST,2022,33803
33,DR. S & S.S.Ghandhi Government Engineering College Surat,MECHANICAL ENGINEERING,TFW_Last_Adm,2022,6440
37,"Darshan Institute Of Engg. & Tech., Rajkot-Morbi Highway, Hadala",COMPUTER ENGINEERING,EWS,2022,17943
37,"Darshan Institute Of Engg. & Tech., Rajkot-Morbi Highway, Hadala",COMPUTER ENGINEERING,OPEN,2022,14227
37,"Darshan Institute Of Engg. & Tech., Rajkot-Morbi Highway, Hadala",COMPUTER ENGINEERING,TFW_Last_Adm,2022,2263
38,"Department of Engineering and Computing , Institute of Advance Research, Gandhinagar",BIOTECHNOLOGY,EWS,2022,10420
38,"Department of Engineering and Computing , Institute of Advance Research, Gandhinagar",BIOTECHNOLOGY,OPEN,2022,5371
38,"Department of Engineering and Computing , Institute of Advance Research, Gandhinagar",BIOTECHNOLOGY,SC,2022,25395
38,"Department of Engineering and Computing , Institute of Advance Research, Gandhinagar",BIOTECHNOLOGY,SEBC,2022,17341
38,"Department of Engineering and Computing , Institute of Advance Research, Gandhinagar",CHEMICAL ENGINEERING,OPEN,2022,28797
38,"Department of Engineering and Computing , Institute of Advance Research, Gandhinagar",COMPUTER ENGINEERING,EWS,2022,13176
38,"Department of Engineering and Computing , Institute of Advance Research, Gandhinagar",COMPUTER ENGINEERING,OPEN,2022,10096
38,"Department of Engineering and Computing , Institute of Advance Research, Gandhinagar",COMPUTER ENGINEERING,SC,2022,26054
38,"Department of Engineering and Computing , Institute of Advance Research, Gandhinagar",COMPUTER ENGINEERING,SEBC,2022,28627
38,"Department of Engineering and Computing , Institute of Advance Research, Gandhinagar",COMPUTER ENGINEERING,TFW_Last_Adm,2022,4120
38,"Department of Engineering and Computing , Institute of Advance Research, Gandhinagar",INFORMATION & COMMUNICATION TECHNOLOGY,EWS,2022,16264
38,"Department of Engineering and Computing , Institute of Advance Research, Gandhinagar",INFORMATION & COMMUNICATION TECHNOLOGY,OPEN,2022,14148
38,"Department of Engineering and Computing , Institute of Advance Research, Gandhinagar",INFORMATION & COMMUNICATION TECHNOLOGY,SC,2022,16574
38,"Department of Engineering and Computing , Institute of Advance Research, Gandhinagar",INFORMATION TECHNOLOGY,DS,2022,23274
38,"Department of Engineering and Computing , Institute of Advance Research, Gandhinagar",INFORMATION TECHNOLOGY,EWS,2022,12659
38,"Department of Engineering and Computing , Institute of Advance Research, Gandhinagar",INFORMATION TECHNOLOGY,OPEN,2022,10352
38,"Department of Engineering and Computing , Institute of Advance Research, Gandhinagar",INFORMATION TECHNOLOGY,SC,2022,25319
38,"Department of Engineering and Computing , Institute of Advance Research, Gandhinagar",INFORMATION TECHNOLOGY,SEBC,2022,26040
39,"Devang Patel Institute of Advance Technology And Research, Changa",COMPUTER ENGINEERING,DS,2022,8848
39,"Devang Patel Institute of Advance Technology And Research, Changa",COMPUTER ENGINEERING,EWS,2022,3589
39,"Devang Patel Institute of Advance Technology And Research, Changa",COMPUTER ENGINEERING,OPEN,2022,3472
39,"Devang Patel Institute of Advance Technology And Research, Changa",COMPUTER ENGINEERING,SC,2022,18723
39,"Devang Patel Institute of Advance Technology And Research, Changa",COMPUTER ENGINEERING,SEBC,2022,7677
39,"Devang Patel Institute of Advance Technology And Research, Changa",COMPUTER ENGINEERING,TFW_Last_Adm,2022,1556
39,"Devang Patel Institute of Advance Technology And Research, Changa",COMPUTER SCIENCE & ENGINEERING,DS,2022,10007
39,"Devang Patel Institute of Advance Technology And Research, Changa",COMPUTER SCIENCE & ENGINEERING,EWS,2022,3205
39,"Devang Patel Institute of Advance Technology And Research, Changa",COMPUTER SCIENCE & ENGINEERING,OPEN,2022,2968
39,"Devang Patel Institute of Advance Technology And Research, Changa",COMPUTER SCIENCE & ENGINEERING,SC,2022,16531
39,"Devang Patel Institute of Advance Technology And Research, Changa",COMPUTER SCIENCE & ENGINEERING,SEBC,2022,7507
39,"Devang Patel Institute of Advance Technology And Research, Changa",COMPUTER SCIENCE & ENGINEERING,TFW_Last_Adm,2022,1707
39,"Devang Patel Institute of Advance Technology And Research, Changa",INFORMATION TECHNOLOGY,EWS,2022,3792
39,"Devang Patel Institute of Advance Technology And Research, Changa",INFORMATION TECHNOLOGY,OPEN,2022,3640
39,"Devang Patel Institute of Advance Technology And Research, Changa",INFORMATION TECHNOLOGY,SC,2022,21043
39,"Devang Patel Institute of Advance Technology And Research, Changa",INFORMATION TECHNOLOGY,SEBC,2022,8595
39,"Devang Patel Institute of Advance Technology And Research, Changa",INFORMATION TECHNOLOGY,TFW_Last_Adm,2022,1711
40,"Dhirubhai Ambani Institute of Info. & Comm. Tech., Gandhinagar",HONS. IN ICT WITH MINOR IN COMPUTATIONAL SCI,DS,2022,821
40,"Dhirubhai Ambani Institute of Info. & Comm. Tech., Gandhinagar",HONS. IN ICT WITH MINOR IN COMPUTATIONAL SCI,EWS,2022,112
40,"Dhirubhai Ambani Institute of Info. & Comm. Tech., Gandhinagar",HONS. IN ICT WITH MINOR IN COMPUTATIONAL SCI,SC,2022,1639
40,"Dhirubhai Ambani Institute of Info. & Comm. Tech., Gandhinagar",HONS. IN ICT WITH MINOR IN COMPUTATIONAL SCI,SEBC,2022,154
40,"Dhirubhai Ambani Institute of Info. & Comm. Tech., Gandhinagar",HONS. IN ICT WITH MINOR IN COMPUTATIONAL SCI,ST,2022,4053
40,"Dhirubhai Ambani Institute of Info. & Comm. Tech., Gandhinagar",HONS. IN ICT WITH MINOR IN COMPUTATIONAL SCI,TFW_Last_Adm,2022,14
40,"Dhirubhai Ambani Institute of Info. & Comm. Tech., Gandhinagar",INFORMATION & COMMUNICATION TECHNOLOGY,DS,2022,337
40,"Dhirubhai Ambani Institute of Info. & Comm. Tech., Gandhinagar",INFORMATION & COMMUNICATION TECHNOLOGY,EWS,2022,195
40,"Dhirubhai Ambani Institute of Info. & Comm. Tech., Gandhinagar",INFORMATION & COMMUNICATION TECHNOLOGY,OPEN,2022,158
40,"Dhirubhai Ambani Institute of Info. & Comm. Tech., Gandhinagar",INFORMATION & COMMUNICATION TECHNOLOGY,SC,2022,2208
40,"Dhirubhai Ambani Institute of Info. & Comm. Tech., Gandhinagar",INFORMATION & COMMUNICATION TECHNOLOGY,SEBC,2022,487
40,"Dhirubhai Ambani Institute of Info. & Comm. Tech., Gandhinagar",INFORMATION & COMMUNICATION TECHNOLOGY,ST,2022,13555
40,"Dhirubhai Ambani Institute of Info. & Comm. Tech., Gandhinagar",INFORMATION & COMMUNICATION TECHNOLOGY,TFW_Last_Adm,2022,61
40,"Dhirubhai Ambani Institute of Info. & Comm. Tech., Gandhinagar",MATHEMATICS AND COMPUTING,EWS,2022,191
40,"Dhirubhai Ambani Institute of Info. & Comm. Tech., Gandhinagar",MATHEMATICS AND COMPUTING,OPEN,2022,123
40,"Dhirubhai Ambani Institute of Info. & Comm. Tech., Gandhinagar",MATHEMATICS AND COMPUTING,SC,2022,3073
40,"Dhirubhai Ambani Institute of Info. & Comm. Tech., Gandhinagar",MATHEMATICS AND COMPUTING,SEBC,2022,563
40,"Dhirubhai Ambani Institute of Info. & Comm. Tech., Gandhinagar",MATHEMATICS AND COMPUTING,ST,2022,10709
40,"Dhirubhai Ambani Institute of Info. & Comm. Tech., Gandhinagar",MATHEMATICS AND COMPUTING,TFW_Last_Adm,2022,39
41,"Dr. Jivraj Mehta Institute Of Technology, Anand",COMPUTER ENGINEERING,OPEN,2022,34572
41,"Dr. Jivraj Mehta Institute Of Technology, Anand",INFORMATION TECHNOLOGY,OPEN,2022,31091
48,"Faculty Of Technology & Engineering(MSU), Vadodara",CHEMICAL ENGINEERING,AI-OP,2022,1000186
48,"Faculty Of Technology & Engineering(MSU), Vadodara",CHEMICAL ENGINEERING,EWS,2022,1871
48,"Faculty Of Technology & Engineering(MSU), Vadodara",CHEMICAL ENGINEERING,OPEN,2022,1597
48,"Faculty Of Technology & Engineering(MSU), Vadodara",CHEMICAL ENGINEERING,SC,2022,7873
48,"Faculty Of Technology & Engineering(MSU), Vadodara",CHEMICAL ENGINEERING,SEBC,2022,5084
48,"Faculty Of Technology & Engineering(MSU), Vadodara",CHEMICAL ENGINEERING,ST,2022,19365
48,"Faculty Of Technology & Engineering(MSU), Vadodara",CHEMICAL ENGINEERING,TFW_Last_Adm,2022,1009
48,"Faculty Of Technology & Engineering(MSU), Vadodara",CIVIL ENGINEERING,AI-OP,2022,1001239
48,"Faculty Of Technology & Engineering(MSU), Vadodara",CIVIL ENGINEERING,DS,2022,13270
48,"Faculty Of Technology & Engineering(MSU), Vadodara",CIVIL ENGINEERING,EWS,2022,14056
48,"Faculty Of Technology & Engineering(MSU), Vadodara",CIVIL ENGINEERING,OPEN,2022,8269
48,"Faculty Of Technology & Engineering(MSU), Vadodara",CIVIL ENGINEERING,SC,2022,18956
48,"Faculty Of Technology & Engineering(MSU), Vadodara",CIVIL ENGINEERING,SEBC,2022,13753
48,"Faculty Of Technology & Engineering(MSU), Vadodara",CIVIL ENGINEERING,ST,2022,21532
48,"Faculty Of Technology & Engineering(MSU), Vadodara",CIVIL ENGINEERING,TFW_Last_Adm,2022,6029
48,"Faculty Of Technology & Engineering(MSU), Vadodara",COMPUTER SCIENCE & ENGINEERING,AI-OP,2022,1000011
48,"Faculty Of Technology & Engineering(MSU), Vadodara",COMPUTER SCIENCE & ENGINEERING,AI_Rank,2022,1000079
48,"Faculty Of Technology & Engineering(MSU), Vadodara",COMPUTER SCIENCE & ENGINEERING,DS,2022,1615
48,"Faculty Of Technology & Engineering(MSU), Vadodara",COMPUTER SCIENCE & ENGINEERING,EWS,2022,601
48,"Faculty Of Technology & Engineering(MSU), Vadodara",COMPUTER SCIENCE & ENGINEERING,OPEN,2022,467
48,"Faculty Of Technology & Engineering(MSU), Vadodara",COMPUTER SCIENCE & ENGINEERING,SC,2022,3326
48,"Faculty Of Technology & Engineering(MSU), Vadodara",COMPUTER SCIENCE & ENGINEERING,SEBC,2022,1106
48,"Faculty Of Technology & Engineering(MSU), Vadodara",COMPUTER SCIENCE & ENGINEERING,ST,2022,10530
48,"Faculty Of Technology & Engineering(MSU), Vadodara",COMPUTER SCIENCE & ENGINEERING,TFW_Last_Adm,2022,320
48,"Faculty Of Technology & Engineering(MSU), Vadodara",ELECTRICAL ENGINEERING,AI-OP,2022,1000314
48,"Faculty Of Technology & Engineering(MSU), Vadodara",ELECTRICAL ENGINEERING,DS,2022,5741
48,"Faculty Of Technology & Engineering(MSU), Vadodara",ELECTRICAL ENGINEERING,EWS,2022,6787
48,"Faculty Of Technology & Engineering(MSU), Vadodara",ELECTRICAL ENGINEERING,OPEN,2022,4593
48,"Faculty Of Technology & Engineering(MSU), Vadodara",ELECTRICAL ENGINEERING,SC,2022,14966
48,"Faculty Of Technology & Engineering(MSU), Vadodara",ELECTRICAL ENGINEERING,SEBC,2022,8651
48,"Faculty Of Technology & Engineering(MSU), Vadodara",ELECTRICAL ENGINEERING,ST,2022,23021
48,"Faculty Of Technology & Engineering(MSU), Vadodara",ELECTRICAL ENGINEERING,TFW_Last_Adm,2022,3331
48,"Faculty Of Technology & Engineering(MSU), Vadodara",ELECTRONICS ENGINEERING,AI-OP,2022,1000221
48,"Faculty Of Technology & Engineering(MSU), Vadodara",ELECTRONICS ENGINEERING,DS,2022,3616
48,"Faculty Of Technology & Engineering(MSU), Vadodara",ELECTRONICS ENGINEERING,EWS,2022,5716
48,"Faculty Of Technology & Engineering(MSU), Vadodara",ELECTRONICS ENGINEERING,OPEN,2022,3488
48,"Faculty Of Technology & Engineering(MSU), Vadodara",ELECTRONICS ENGINEERING,SC,2022,17354
48,"Faculty Of Technology & Engineering(MSU), Vadodara",ELECTRONICS ENGINEERING,SEBC,2022,9878
48,"Faculty Of Technology & Engineering(MSU), Vadodara",ELECTRONICS ENGINEERING,TFW_Last_Adm,2022,2902
48,"Faculty Of Technology & Engineering(MSU), Vadodara",MECHANICAL ENGINEERING,AI-OP,2022,1000276
48,"Faculty Of Technology & Engineering(MSU), Vadodara",MECHANICAL ENGINEERING,AI_Rank,2022,1000351
48,"Faculty Of Technology & Engineering(MSU), Vadodara",MECHANICAL ENGINEERING,DS,2022,14840
48,"Faculty Of Technology & Engineering(MSU), Vadodara",MECHANICAL ENGINEERING,EWS,2022,6050
48,"Faculty Of Technology & Engineering(MSU), Vadodara",MECHANICAL ENGINEERING,OPEN,2022,3614
48,"Faculty Of Technology & Engineering(MSU), Vadodara",MECHANICAL ENGINEERING,SC,2022,15826
48,"Faculty Of Technology & Engineering(MSU), Vadodara",MECHANICAL ENGINEERING,SEBC,2022,8947
48,"Faculty Of Technology & Engineering(MSU), Vadodara",MECHANICAL ENGINEERING,ST,2022,26055
48,"Faculty Of Technology & Engineering(MSU), Vadodara",MECHANICAL ENGINEERING,TFW_Last_Adm,2022,1565
48,"Faculty Of Technology & Engineering(MSU), Vadodara",METALLURGICAL AND MATERIALS ENGINEERING,AI-OP,2022,1002496
48,"Faculty Of Technology & Engineering(MSU), Vadodara",METALLURGICAL AND MATERIALS ENGINEERING,EWS,2022,25106
48,"Faculty Of Technology & Engineering(MSU), Vadodara",METALLURGICAL AND MATERIALS ENGINEERING,OPEN,2022,18373
48,"Faculty Of Technology & Engineering(MSU), Vadodara",METALLURGICAL AND MATERIALS ENGINEERING,TFW_Last_Adm,2022,12680
48,"Faculty Of Technology & Engineering(MSU), Vadodara",TEXTILE ENGINEERING,AI-OP,2022,1003812
48,"Faculty Of Technology & Engineering(MSU), Vadodara",TEXTILE ENGINEERING,EWS,2022,22105
48,"Faculty Of Technology & Engineering(MSU), Vadodara",TEXTILE ENGINEERING,OPEN,2022,17786
48,"Faculty Of Technology & Engineering(MSU), Vadodara",TEXTILE ENGINEERING,SC,2022,27511
48,"Faculty Of Technology & Engineering(MSU), Vadodara",TEXTILE ENGINEERING,TFW_Last_Adm,2022,10238
48,"Faculty Of Technology & Engineering(MSU), Vadodara",TEXTILE PROCESSING,AI-OP,2022,1010996
48,"Faculty Of Technology & Engineering(MSU), Vadodara",TEXTILE TECHNOLOGY,AI-OP,2022,1004868
48,"Faculty Of Technology & Engineering(MSU), Vadodara",TEXTILE TECHNOLOGY,OPEN,2022,33721
48,"Faculty Of Technology & Engineering(MSU), Vadodara",WATER MANAGEMENT ***,AI-OP,2022,1007522
48,"Faculty Of Technology & Engineering(MSU), Vadodara",WATER MANAGEMENT ***,OPEN,2022,34041
48,"Faculty Of Technology & Engineering(MSU), Vadodara",WATER MANAGEMENT ***,TFW_Last_Adm,2022,16881
49,"Faculty Of Technology And Engineering(GIA), Dharmsinh Desai University, (DDU), Nadiad",CHEMICAL ENGINEERING,AI-OP,2022,1000109
49,"Faculty Of Technology And Engineering(GIA), Dharmsinh Desai University, (DDU), Nadiad",CHEMICAL ENGINEERING,EWS,2022,3549
49,"Faculty Of Technology And Engineering(GIA), Dharmsinh Desai University, (DDU), Nadiad",CHEMICAL ENGINEERING,OPEN,2022,2779
49,"Faculty Of Technology And Engineering(GIA), Dharmsinh Desai University, (DDU), Nadiad",CHEMICAL ENGINEERING,SC,2022,9532
49,"Faculty Of Technology And Engineering(GIA), Dharmsinh Desai University, (DDU), Nadiad",CHEMICAL ENGINEERING,SEBC,2022,7348
49,"Faculty Of Technology And Engineering(GIA), Dharmsinh Desai University, (DDU), Nadiad",CHEMICAL ENGINEERING,TFW_Last_Adm,2022,1017
49,"Faculty Of Technology And Engineering(GIA), Dharmsinh Desai University, (DDU), Nadiad",CIVIL ENGINEERING,AI-OP,2022,1003263
49,"Faculty Of Technology And Engineering(GIA), Dharmsinh Desai University, (DDU), Nadiad",CIVIL ENGINEERING,EWS,2022,14329
49,"Faculty Of Technology And Engineering(GIA), Dharmsinh Desai University, (DDU), Nadiad",CIVIL ENGINEERING,OPEN,2022,12388
49,"Faculty Of Technology And Engineering(GIA), Dharmsinh Desai University, (DDU), Nadiad",CIVIL ENGINEERING,SC,2022,23099
49,"Faculty Of Technology And Engineering(GIA), Dharmsinh Desai University, (DDU), Nadiad",CIVIL ENGINEERING,SEBC,2022,15692
49,"Faculty Of Technology And Engineering(GIA), Dharmsinh Desai University, (DDU), Nadiad",CIVIL ENGINEERING,ST,2022,25079
49,"Faculty Of Technology And Engineering(GIA), Dharmsinh Desai University, (DDU), Nadiad",CIVIL ENGINEERING,TFW_Last_Adm,2022,8436
49,"Faculty Of Technology And Engineering(GIA), Dharmsinh Desai University, (DDU), Nadiad",COMPUTER ENGINEERING,DS,2022,939
49,"Faculty Of Technology And Engineering(GIA), Dharmsinh Desai University, (DDU), Nadiad",COMPUTER ENGINEERING,EWS,2022,277
49,"Faculty Of Technology And Engineering(GIA), Dharmsinh Desai University, (DDU), Nadiad",COMPUTER ENGINEERING,OPEN,2022,265
49,"Faculty Of Technology And Engineering(GIA), Dharmsinh Desai University, (DDU), Nadiad",COMPUTER ENGINEERING,SC,2022,3388
49,"Faculty Of Technology And Engineering(GIA), Dharmsinh Desai University, (DDU), Nadiad",COMPUTER ENGINEERING,SEBC,2022,634
49,"Faculty Of Technology And Engineering(GIA), Dharmsinh Desai University, (DDU), Nadiad",COMPUTER ENGINEERING,ST,2022,16161
49,"Faculty Of Technology And Engineering(GIA), Dharmsinh Desai University, (DDU), Nadiad",COMPUTER ENGINEERING,TFW_Last_Adm,2022,159
49,"Faculty Of Technology And Engineering(GIA), Dharmsinh Desai University, (DDU), Nadiad",ELECTRONICS & COMMUNICATION ENGINEERING,AI-OP,2022,1000168
49,"Faculty Of Technology And Engineering(GIA), Dharmsinh Desai University, (DDU), Nadiad",ELECTRONICS & COMMUNICATION ENGINEERING,AI_Rank,2022,1000311
49,"Faculty Of Technology And Engineering(GIA), Dharmsinh Desai University, (DDU), Nadiad",ELECTRONICS & COMMUNICATION ENGINEERING,DS,2022,10297
49,"Faculty Of Technology And Engineering(GIA), Dharmsinh Desai University, (DDU), Nadiad",ELECTRONICS & COMMUNICATION ENGINEERING,EWS,2022,4814
49,"Faculty Of Technology And Engineering(GIA), Dharmsinh Desai University, (DDU), Nadiad",ELECTRONICS & COMMUNICATION ENGINEERING,OPEN,2022,3403
49,"Faculty Of Technology And Engineering(GIA), Dharmsinh Desai University, (DDU), Nadiad",ELECTRONICS & COMMUNICATION ENGINEERING,SC,2022,16097
49,"Faculty Of Technology And Engineering(GIA), Dharmsinh Desai University, (DDU), Nadiad",ELECTRONICS & COMMUNICATION ENGINEERING,SEBC,2022,7259
49,"Faculty Of Technology And Engineering(GIA), Dharmsinh Desai University, (DDU), Nadiad",ELECTRONICS & COMMUNICATION ENGINEERING,TFW_Last_Adm,2022,904
49,"Faculty Of Technology And Engineering(GIA), Dharmsinh Desai University, (DDU), Nadiad",INSTRUMENTATION & CONTROL ENGINEERING,AI-OP,2022,1001275
49,"Faculty Of Technology And Engineering(GIA), Dharmsinh Desai University, (DDU), Nadiad",INSTRUMENTATION & CONTROL ENGINEERING,EWS,2022,15981
49,"Faculty Of Technology And Engineering(GIA), Dharmsinh Desai University, (DDU), Nadiad",INSTRUMENTATION & CONTROL ENGINEERING,OPEN,2022,12611
49,"Faculty Of Technology And Engineering(GIA), Dharmsinh Desai University, (DDU), Nadiad",INSTRUMENTATION & CONTROL ENGINEERING,SEBC,2022,24732
49,"Faculty Of Technology And Engineering(GIA), Dharmsinh Desai University, (DDU), Nadiad",INSTRUMENTATION & CONTROL ENGINEERING,TFW_Last_Adm,2022,5409
50,"Faculty Of Technology(Sfi), Dharmsinh Desai University, Nadiad",CHEMICAL ENGINEERING,DS,2022,22764
50,"Faculty Of Technology(Sfi), Dharmsinh Desai University, Nadiad",CHEMICAL ENGINEERING,EWS,2022,9315
50,"Faculty Of Technology(Sfi), Dharmsinh Desai University, Nadiad",CHEMICAL ENGINEERING,OPEN,2022,7992
50,"Faculty Of Technology(Sfi), Dharmsinh Desai University, Nadiad",CHEMICAL ENGINEERING,SC,2022,24369
50,"Faculty Of Technology(Sfi), Dharmsinh Desai University, Nadiad",CHEMICAL ENGINEERING,SEBC,2022,16335
50,"Faculty Of Technology(Sfi), Dharmsinh Desai University, Nadiad",CHEMICAL ENGINEERING,TFW_Last_Adm,2022,3178
50,"Faculty Of Technology(Sfi), Dharmsinh Desai University, Nadiad",COMPUTER ENGINEERING,EWS,2022,595
50,"Faculty Of Technology(Sfi), Dharmsinh Desai University, Nadiad",COMPUTER ENGINEERING,OPEN,2022,496
50,"Faculty Of Technology(Sfi), Dharmsinh Desai University, Nadiad",COMPUTER ENGINEERING,SC,2022,4371
50,"Faculty Of Technology(Sfi), Dharmsinh Desai University, Nadiad",COMPUTER ENGINEERING,SEBC,2022,1201
50,"Faculty Of Technology(Sfi), Dharmsinh Desai University, Nadiad",COMPUTER ENGINEERING,ST,2022,31750
50,"Faculty Of Technology(Sfi), Dharmsinh Desai University, Nadiad",COMPUTER ENGINEERING,TFW_Last_Adm,2022,289
50,"Faculty Of Technology(Sfi), Dharmsinh Desai University, Nadiad",ELECTRONICS & COMMUNICATION ENGINEERING,EWS,2022,8561
50,"Faculty Of Technology(Sfi), Dharmsinh Desai University, Nadiad",ELECTRONICS & COMMUNICATION ENGINEERING,OPEN,2022,6800
50,"Faculty Of Technology(Sfi), Dharmsinh Desai University, Nadiad",ELECTRONICS & COMMUNICATION ENGINEERING,SC,2022,20523
50,"Faculty Of Technology(Sfi), Dharmsinh Desai University, Nadiad",ELECTRONICS & COMMUNICATION ENGINEERING,TFW_Last_Adm,2022,3733
50,"Faculty Of Technology(Sfi), Dharmsinh Desai University, Nadiad",INFORMATION TECHNOLOGY,DS,2022,1368
50,"Faculty Of Technology(Sfi), Dharmsinh Desai University, Nadiad",INFORMATION TECHNOLOGY,EWS,2022,1256
50,"Faculty Of Technology(Sfi), Dharmsinh Desai University, Nadiad",INFORMATION TECHNOLOGY,OPEN,2022,1108
50,"Faculty Of Technology(Sfi), Dharmsinh Desai University, Nadiad",INFORMATION TECHNOLOGY,SC,2022,6247
50,"Faculty Of Technology(Sfi), Dharmsinh Desai University, Nadiad",INFORMATION TECHNOLOGY,SEBC,2022,2116
50,"Faculty Of Technology(Sfi), Dharmsinh Desai University, Nadiad",INFORMATION TECHNOLOGY,TFW_Last_Adm,2022,473
50,"Faculty Of Technology(Sfi), Dharmsinh Desai University, Nadiad",INSTRUMENTATION & CONTROL ENGINEERING,OPEN,2022,22955
50,"Faculty Of Technology(Sfi), Dharmsinh Desai University, Nadiad",INSTRUMENTATION & CONTROL ENGINEERING,TFW_Last_Adm,2022,10645
50,"Faculty Of Technology(Sfi), Dharmsinh Desai University, Nadiad",MECHANICAL ENGINEERING,OPEN,2022,31679
50,"Faculty Of Technology(Sfi), Dharmsinh Desai University, Nadiad",MECHANICAL ENGINEERING,TFW_Last_Adm,2022,8065
54,"G.H.Patel College Of Engg. & Tech. , V. V. Nagar",CHEMICAL ENGINEERING,OPEN,2022,33206
54,"G.H.Patel College Of Engg. & Tech. , V. V. Nagar",CHEMICAL ENGINEERING,TFW_Last_Adm,2022,6535
54,"G.H.Patel College Of Engg. & Tech. , V. V. Nagar",COMPUTER ENGINEERING,EWS,2022,2147
54,"G.H.Patel College Of Engg. & Tech. , V. V. Nagar",COMPUTER ENGINEERING,OPEN,2022,1769
54,"G.H.Patel College Of Engg. & Tech. , V. V. Nagar",COMPUTER ENGINEERING,SC,2022,9768
54,"G.H.Patel College Of Engg. & Tech. , V. V. Nagar",COMPUTER ENGINEERING,SEBC,2022,3278
54,"G.H.Patel College Of Engg. & Tech. , V. V. Nagar",COMPUTER ENGINEERING,TFW_Last_Adm,2022,1151
54,"G.H.Patel College Of Engg. & Tech. , V. V. Nagar",COMPUTER SCIENCE & DESIGN,EWS,2022,6611
54,"G.H.Patel College Of Engg. & Tech. , V. V. Nagar",COMPUTER SCIENCE & DESIGN,OPEN,2022,5433
54,"G.H.Patel College Of Engg. & Tech. , V. V. Nagar",COMPUTER SCIENCE & DESIGN,SC,2022,29474
54,"G.H.Patel College Of Engg. & Tech. , V. V. Nagar",COMPUTER SCIENCE & DESIGN,SEBC,2022,12866
54,"G.H.Patel College Of Engg. & Tech. , V. V. Nagar",COMPUTER SCIENCE & DESIGN,TFW_Last_Adm,2022,2930
54,"G.H.Patel College Of Engg. & Tech. , V. V. Nagar",COMPUTER SCIENCE & ENGINEERING (IOT),DS,2022,10483
54,"G.H.Patel College Of Engg. & Tech. , V. V. Nagar",COMPUTER SCIENCE & ENGINEERING (IOT),EWS,2022,5571
54,"G.H.Patel College Of Engg. & Tech. , V. V. Nagar",COMPUTER SCIENCE & ENGINEERING (IOT),OPEN,2022,4688
54,"G.H.Patel College Of Engg. & Tech. , V. V. Nagar",COMPUTER SCIENCE & ENGINEERING (IOT),SC,2022,21187
54,"G.H.Patel College Of Engg. & Tech. , V. V. Nagar",COMPUTER SCIENCE & ENGINEERING (IOT),SEBC,2022,11877
54,"G.H.Patel College Of Engg. & Tech. , V. V. Nagar",COMPUTER SCIENCE & ENGINEERING (IOT),TFW_Last_Adm,2022,1964
54,"G.H.Patel College Of Engg. & Tech. , V. V. Nagar",ELECTRONICS & COMMUNICATION ENGINEERING,OPEN,2022,33754
54,"G.H.Patel College Of Engg. & Tech. , V. V. Nagar",INFORMATION TECHNOLOGY,EWS,2022,2697
54,"G.H.Patel College Of Engg. & Tech. , V. V. Nagar",INFORMATION TECHNOLOGY,OPEN,2022,2412
54,"G.H.Patel College Of Engg. & Tech. , V. V. Nagar",INFORMATION TECHNOLOGY,SC,2022,12956
54,"G.H.Patel College Of Engg. & Tech. , V. V. Nagar",INFORMATION TECHNOLOGY,SEBC,2022,5076
54,"G.H.Patel College Of Engg. & Tech. , V. V. Nagar",INFORMATION TECHNOLOGY,TFW_Last_Adm,2022,1385
54,"G.H.Patel College Of Engg. & Tech. , V. V. Nagar",MECHATRONICS,TFW_Last_Adm,2022,12349
55,"GIDC Degree Engineering College, Abrama, Navsari",COMPUTER ENGINEERING,EWS,2022,18562
55,"GIDC Degree Engineering College, Abrama, Navsari",COMPUTER ENGINEERING,OPEN,2022,13946
55,"GIDC Degree Engineering College, Abrama, Navsari",COMPUTER ENGINEERING,SC,2022,34538
55,"GIDC Degree Engineering College, Abrama, Navsari",COMPUTER ENGINEERING,SEBC,2022,17705
55,"GIDC Degree Engineering College, Abrama, Navsari",COMPUTER ENGINEERING,TFW_Last_Adm,2022,8463
55,"GIDC Degree Engineering College, Abrama, Navsari",ELECTRICAL ENGINEERING,TFW_Last_Adm,2022,16636
55,"GIDC Degree Engineering College, Abrama, Navsari",MECHANICAL ENGINEERING,OPEN,2022,34449
56,GYANMANJARI INSTITUTE OF TECHNOLOGY Bhavnagar,COMPUTER ENGINEERING,EWS,2022,30058
56,GYANMANJARI INSTITUTE OF TECHNOLOGY Bhavnagar,COMPUTER ENGINEERING,OPEN,2022,25219
56,GYANMANJARI INSTITUTE OF TECHNOLOGY Bhavnagar,COMPUTER ENGINEERING,TFW_Last_Adm,2022,7601
56,GYANMANJARI INSTITUTE OF TECHNOLOGY Bhavnagar,INFORMATION TECHNOLOGY,EWS,2022,33621
56,GYANMANJARI INSTITUTE OF TECHNOLOGY Bhavnagar,INFORMATION TECHNOLOGY,OPEN,2022,25863
56,GYANMANJARI INSTITUTE OF TECHNOLOGY Bhavnagar,INFORMATION TECHNOLOGY,TFW_Last_Adm,2022,7653
57,"Gandhinagar Institute Of Technology, Moti Bhoyan, Kalol, Gandhinagar",COMPUTER ENGINEERING,DS,2022,31898
57,"Gandhinagar Institute Of Technology, Moti Bhoyan, Kalol, Gandhinagar",COMPUTER ENGINEERING,EWS,2022,15105
57,"Gandhinagar Institute Of Technology, Moti Bhoyan, Kalol, Gandhinagar",COMPUTER ENGINEERING,OPEN,2022,12693
57,"Gandhinagar Institute Of Technology, Moti Bhoyan, Kalol, Gandhinagar",COMPUTER ENGINEERING,SC,2022,25287
57,"Gandhinagar Institute Of Technology, Moti Bhoyan, Kalol, Gandhinagar",COMPUTER ENGINEERING,SEBC,2022,30145
57,"Gandhinagar Institute Of Technology, Moti Bhoyan, Kalol, Gandhinagar",COMPUTER ENGINEERING,TFW_Last_Adm,2022,4232
57,"Gandhinagar Institute Of Technology, Moti Bhoyan, Kalol, Gandhinagar",ELECTRONICS & COMMUNICATION ENGINEERING,TFW_Last_Adm,2022,11954
57,"Gandhinagar Institute Of Technology, Moti Bhoyan, Kalol, Gandhinagar",INFORMATION TECHNOLOGY,EWS,2022,15427
57,"Gandhinagar Institute Of Technology, Moti Bhoyan, Kalol, Gandhinagar",INFORMATION TECHNOLOGY,OPEN,2022,14321
57,"Gandhinagar Institute Of Technology, Moti Bhoyan, Kalol, Gandhinagar",INFORMATION TECHNOLOGY,SC,2022,27965
57,"Gandhinagar Institute Of Technology, Moti Bhoyan, Kalol, Gandhinagar",INFORMATION TECHNOLOGY,SEBC,2022,34331
57,"Gandhinagar Institute Of Technology, Moti Bhoyan, Kalol, Gandhinagar",INFORMATION TECHNOLOGY,TFW_Last_Adm,2022,4663
58,"Ganpat University, Institute of Computer Tech., Kherva, Mehsana",COMPUTER SCIENCE & ENGINEERING (BIG DATA AN,EWS,2022,32411
58,"Ganpat University, Institute of Computer Tech., Kherva, Mehsana",COMPUTER SCIENCE & ENGINEERING (BIG DATA AN,TFW_Last_Adm,2022,6688
58,"Ganpat University, Institute of Computer Tech., Kherva, Mehsana",COMPUTER SCIENCE & ENGINEERING (CYBER SECUR,TFW_Last_Adm,2022,10603
58,"Ganpat University, Institute of Computer Tech., Kherva, Mehsana",INFORMATION & COMMUNICATION TECHNOLOGY,OPEN,2022,34324
59,"Ganpat University, U.V.Patel College of Engineering, Kherva, Mehsana",BIOMEDICAL ENGINEERING,EWS,2022,19745
59,"Ganpat University, U.V.Patel College of Engineering, Kherva, Mehsana",BIOMEDICAL ENGINEERING,OPEN,2022,16614
59,"Ganpat University, U.V.Patel College of Engineering, Kherva, Mehsana",BIOMEDICAL ENGINEERING,SC,2022,27431
59,"Ganpat University, U.V.Patel College of Engineering, Kherva, Mehsana",BIOMEDICAL ENGINEERING,ST,2022,31603
59,"Ganpat University, U.V.Patel College of Engineering, Kherva, Mehsana",COMPUTER ENGINEERING,EWS,2022,22655
59,"Ganpat University, U.V.Patel College of Engineering, Kherva, Mehsana",COMPUTER ENGINEERING,OPEN,2022,19884
59,"Ganpat University, U.V.Patel College of Engineering, Kherva, Mehsana",COMPUTER ENGINEERING,SC,2022,30976
59,"Ganpat University, U.V.Patel College of Engineering, Kherva, Mehsana",COMPUTER ENGINEERING,TFW_Last_Adm,2022,3738
59,"Ganpat University, U.V.Patel College of Engineering, Kherva, Mehsana",COMPUTER ENGINEERING (ARTIFICIAL INTELLIGENC,TFW_Last_Adm,2022,8643
59,"Ganpat University, U.V.Patel College of Engineering, Kherva, Mehsana",COMPUTER SCIENCE & BUSINESS SYSTEMS,OPEN,2022,33593
59,"Ganpat University, U.V.Patel College of Engineering, Kherva, Mehsana",COMPUTER SCIENCE & BUSINESS SYSTEMS,TFW_Last_Adm,2022,8014
59,"Ganpat University, U.V.Patel College of Engineering, Kherva, Mehsana",INFORMATION TECHNOLOGY,EWS,2022,23671
59,"Ganpat University, U.V.Patel College of Engineering, Kherva, Mehsana",INFORMATION TECHNOLOGY,OPEN,2022,19495
59,"Ganpat University, U.V.Patel College of Engineering, Kherva, Mehsana",INFORMATION TECHNOLOGY,SC,2022,32803
59,"Ganpat University, U.V.Patel College of Engineering, Kherva, Mehsana",INFORMATION TECHNOLOGY,SEBC,2022,33414
59,"Ganpat University, U.V.Patel College of Engineering, Kherva, Mehsana",INFORMATION TECHNOLOGY,TFW_Last_Adm,2022,5024
60,"Government Engineering College, Bharuch",CHEMICAL ENGINEERING,AI-OP,2022,1002734
60,"Government Engineering College, Bharuch",CHEMICAL ENGINEERING,DS,2022,30168
60,"Government Engineering College, Bharuch",CHEMICAL ENGINEERING,EWS,2022,12916
60,"Government Engineering College, Bharuch",CHEMICAL ENGINEERING,OPEN,2022,10593
60,"Government Engineering College, Bharuch",CHEMICAL ENGINEERING,SC,2022,25836
60,"Government Engineering College, Bharuch",CHEMICAL ENGINEERING,SEBC,2022,13597
60,"Government Engineering College, Bharuch",CHEMICAL ENGINEERING,TFW_Last_Adm,2022,6838
60,"Government Engineering College, Bharuch",CIVIL ENGINEERING,AI-OP,2022,1005706
60,"Government Engineering College, Bharuch",CIVIL ENGINEERING,AI_Rank,2022,1005463
60,"Government Engineering College, Bharuch",CIVIL ENGINEERING,OPEN,2022,26159
60,"Government Engineering College, Bharuch",CIVIL ENGINEERING,ST,2022,29667
60,"Government Engineering College, Bharuch",CIVIL ENGINEERING,TFW_Last_Adm,2022,18724
60,"Government Engineering College, Bharuch",ELECTRICAL ENGINEERING,AI-OP,2022,1003508
60,"Government Engineering College, Bharuch",ELECTRICAL ENGINEERING,OPEN,2022,27101
60,"Government Engineering College, Bharuch",ELECTRICAL ENGINEERING,SEBC,2022,34390
60,"Government Engineering College, Bharuch",ELECTRICAL ENGINEERING,ST,2022,34399
60,"Government Engineering College, Bharuch",ELECTRICAL ENGINEERING,TFW_Last_Adm,2022,18429
60,"Government Engineering College, Bharuch",ELECTRONICS & COMMUNICATION ENGINEERING,AI-OP,2022,1004531
60,"Government Engineering College, Bharuch",ELECTRONICS & COMMUNICATION ENGINEERING,OPEN,2022,34500
60,"Government Engineering College, Bharuch",MECHANICAL ENGINEERING,AI-OP,2022,1004286
60,"Government Engineering College, Bharuch",MECHANICAL ENGINEERING,OPEN,2022,25159
60,"Government Engineering College, Bharuch",MECHANICAL ENGINEERING,SEBC,2022,34583
60,"Government Engineering College, Bharuch",MECHANICAL ENGINEERING,TFW_Last_Adm,2022,15393
61,"Government Engineering College, Bhavnagar",CIVIL ENGINEERING,AI-OP,2022,1007026
61,"Government Engineering College, Bhavnagar",CIVIL ENGINEERING,AI_Rank,2022,1003437
61,"Government Engineering College, Bhavnagar",CIVIL ENGINEERING,EWS,2022,27666
61,"Government Engineering College, Bhavnagar",CIVIL ENGINEERING,OPEN,2022,18711
61,"Government Engineering College, Bhavnagar",CIVIL ENGINEERING,SEBC,2022,24086
61,"Government Engineering College, Bhavnagar",CIVIL ENGINEERING,TFW_Last_Adm,2022,6459
61,"Government Engineering College, Bhavnagar",COMPUTER ENGINEERING,AI-OP,2022,1000820
61,"Government Engineering College, Bhavnagar",COMPUTER ENGINEERING,DS,2022,18076
61,"Government Engineering College, Bhavnagar",COMPUTER ENGINEERING,EWS,2022,4287
61,"Government Engineering College, Bhavnagar",COMPUTER ENGINEERING,OPEN,2022,3674
61,"Government Engineering College, Bhavnagar",COMPUTER ENGINEERING,SC,2022,9017
61,"Government Engineering College, Bhavnagar",COMPUTER ENGINEERING,SEBC,2022,6570
61,"Government Engineering College, Bhavnagar",COMPUTER ENGINEERING,TFW_Last_Adm,2022,2257
61,"Government Engineering College, Bhavnagar",ELECTRONICS & COMMUNICATION ENGINEERING,AI-OP,2022,1001194
61,"Government Engineering College, Bhavnagar",ELECTRONICS & COMMUNICATION ENGINEERING,OPEN,2022,27643
61,"Government Engineering College, Bhavnagar",ELECTRONICS & COMMUNICATION ENGINEERING,TFW_Last_Adm,2022,13502
61,"Government Engineering College, Bhavnagar",INFORMATION TECHNOLOGY,AI-OP,2022,1001259
61,"Government Engineering College, Bhavnagar",INFORMATION TECHNOLOGY,DS,2022,12740
61,"Government Engineering College, Bhavnagar",INFORMATION TECHNOLOGY,EWS,2022,5120
61,"Government Engineering College, Bhavnagar",INFORMATION TECHNOLOGY,OPEN,2022,4818
61,"Government Engineering College, Bhavnagar",INFORMATION TECHNOLOGY,SC,2022,14843
61,"Government Engineering College, Bhavnagar",INFORMATION TECHNOLOGY,SEBC,2022,6877
61,"Government Engineering College, Bhavnagar",INFORMATION TECHNOLOGY,TFW_Last_Adm,2022,3899
61,"Government Engineering College, Bhavnagar",MECHANICAL ENGINEERING,AI-OP,2022,1009588
61,"Government Engineering College, Bhavnagar",MECHANICAL ENGINEERING,OPEN,2022,34231
61,"Government Engineering College, Bhavnagar",MECHANICAL ENGINEERING,TFW_Last_Adm,2022,14593
62,"Government Engineering College, Bhuj",CHEMICAL ENGINEERING,AI-OP,2022,1004722
62,"Government Engineering College, Bhuj",CHEMICAL ENGINEERING,EWS,2022,25604
62,"Government Engineering College, Bhuj",CHEMICAL ENGINEERING,OPEN,2022,22121
62,"Government Engineering College, Bhuj",CHEMICAL ENGINEERING,SEBC,2022,27118
62,"Government Engineering College, Bhuj",CHEMICAL ENGINEERING,TFW_Last_Adm,2022,11840
62,"Government Engineering College, Bhuj",CIVIL ENGINEERING,AI-OP,2022,1008501
62,"Government Engineering College, Bhuj",CIVIL ENGINEERING,OPEN,2022,34206
62,"Government Engineering College, Bhuj",ELECTRICAL ENGINEERING,AI-OP,2022,1009751
62,"Government Engineering College, Bhuj",ELECTRICAL ENGINEERING,OPEN,2022,34479
62,"Government Engineering College, Bhuj",ENVIRONMENTAL ENGINEERING,AI-OP,2022,1002395
62,"Government Engineering College, Bhuj",ENVIRONMENTAL ENGINEERING,OPEN,2022,34195
62,"Government Engineering College, Bhuj",MECHANICAL ENGINEERING,AI-OP,2022,1010977
62,"Government Engineering College, Bhuj",MECHANICAL ENGINEERING,OPEN,2022,34501
62,"Government Engineering College, Bhuj",MINING ENGINEERING,AI-OP,2022,1018496
63,"Government Engineering College, Dahod",CIVIL ENGINEERING,AI-OP,2022,1013702
63,"Government Engineering College, Dahod",CIVIL ENGINEERING,OPEN,2022,34560
63,"Government Engineering College, Dahod",COMPUTER ENGINEERING,AI-OP,2022,1000424
63,"Government Engineering College, Dahod",COMPUTER ENGINEERING,AI_Rank,2022,1003151
63,"Government Engineering College, Dahod",COMPUTER ENGINEERING,DS,2022,11121
63,"Government Engineering College, Dahod",COMPUTER ENGINEERING,EWS,2022,12771
63,"Government Engineering College, Dahod",COMPUTER ENGINEERING,OPEN,2022,11003
63,"Government Engineering College, Dahod",COMPUTER ENGINEERING,SC,2022,25833
63,"Government Engineering College, Dahod",COMPUTER ENGINEERING,SEBC,2022,15504
63,"Government Engineering College, Dahod",COMPUTER ENGINEERING,TFW_Last_Adm,2022,9003
63,"Government Engineering College, Dahod",ELECTRICAL ENGINEERING,AI-OP,2022,1012744
63,"Government Engineering College, Dahod",ELECTRICAL ENGINEERING,OPEN,2022,34526
63,"Government Engineering College, Dahod",ELECTRONICS & COMMUNICATION ENGINEERING,AI-OP,2022,1005824
63,"Government Engineering College, Dahod",MECHANICAL ENGINEERING,AI-OP,2022,1013649
64,"Government Engineering College, Godhra",CIVIL ENGINEERING,AI-OP,2022,1010124
64,"Government Engineering College, Godhra",CIVIL ENGINEERING,OPEN,2022,33932
64,"Government Engineering College, Godhra",ELECTRICAL ENGINEERING,AI-OP,2022,1011613
64,"Government Engineering College, Godhra",ELECTRICAL ENGINEERING,OPEN,2022,34257
64,"Government Engineering College, Godhra",MECHANICAL ENGINEERING,AI-OP,2022,1012601
65,"Government Engineering College, Modasa",AUTOMOBILE ENGINEERING,AI-OP,2022,1010123
65,"Government Engineering College, Modasa",CIVIL ENGINEERING,AI-OP,2022,1008608
65,"Government Engineering College, Modasa",CIVIL ENGINEERING,OPEN,2022,34519
65,"Government Engineering College, Modasa",COMPUTER ENGINEERING,AI-OP,2022,1001178
65,"Government Engineering College, Modasa",COMPUTER ENGINEERING,DS,2022,17425
65,"Government Engineering College, Modasa",COMPUTER ENGINEERING,EWS,2022,11254
65,"Government Engineering College, Modasa",COMPUTER ENGINEERING,OPEN,2022,9595
65,"Government Engineering College, Modasa",COMPUTER ENGINEERING,SC,2022,24325
65,"Government Engineering College, Modasa",COMPUTER ENGINEERING,SEBC,2022,13743
65,"Government Engineering College, Modasa",COMPUTER ENGINEERING,TFW_Last_Adm,2022,5100
65,"Government Engineering College, Modasa",ELECTRICAL ENGINEERING,AI-OP,2022,1010465
65,"Government Engineering College, Modasa",ELECTRICAL ENGINEERING,OPEN,2022,34202
65,"Government Engineering College, Modasa",ELECTRONICS & COMMUNICATION ENGINEERING,AI-OP,2022,1004013
65,"Government Engineering College, Modasa",ELECTRONICS & COMMUNICATION ENGINEERING,OPEN,2022,27223
65,"Government Engineering College, Modasa",ELECTRONICS & COMMUNICATION ENGINEERING,TFW_Last_Adm,2022,14122
65,"Government Engineering College, Modasa",INFORMATION TECHNOLOGY,AI-OP,2022,1001977
65,"Government Engineering College, Modasa",INFORMATION TECHNOLOGY,AI_Rank,2022,1002422
65,"Government Engineering College, Modasa",INFORMATION TECHNOLOGY,DS,2022,21537
65,"Government Engineering College, Modasa",INFORMATION TECHNOLOGY,EWS,2022,11966
65,"Government Engineering College, Modasa",INFORMATION TECHNOLOGY,OPEN,2022,10975
65,"Government Engineering College, Modasa",INFORMATION TECHNOLOGY,SC,2022,30116
65,"Government Engineering College, Modasa",INFORMATION TECHNOLOGY,SEBC,2022,14601
65,"Government Engineering College, Modasa",INFORMATION TECHNOLOGY,TFW_Last_Adm,2022,6725
65,"Government Engineering College, Modasa",MECHANICAL ENGINEERING,AI-OP,2022,1012016
65,"Government Engineering College, Modasa",MECHANICAL ENGINEERING,OPEN,2022,34484
66,"Government Engineering College, Palanpur",CIVIL ENGINEERING,AI-OP,2022,1003654
66,"Government Engineering College, Palanpur",CIVIL ENGINEERING,EWS,2022,33319
66,"Government Engineering College, Palanpur",CIVIL ENGINEERING,OPEN,2022,26017
66,"Government Engineering College, Palanpur",CIVIL ENGINEERING,SEBC,2022,32217
66,"Government Engineering College, Palanpur",CIVIL ENGINEERING,TFW_Last_Adm,2022,11680
66,"Government Engineering College, Palanpur",ELECTRICAL ENGINEERING,AI-OP,2022,1007827
66,"Government Engineering College, Palanpur",ELECTRICAL ENGINEERING,OPEN,2022,34297
66,"Government Engineering College, Palanpur",ELECTRICAL ENGINEERING,TFW_Last_Adm,2022,13275
66,"Government Engineering College, Palanpur",MECHANICAL ENGINEERING,AI-OP,2022,1011617
66,"Government Engineering College, Palanpur",MINING ENGINEERING,AI-OP,2022,1019153
67,"Government Engineering College, Patan",CIVIL ENGINEERING,AI-OP,2022,1007385
67,"Government Engineering College, Patan",CIVIL ENGINEERING,AI_Rank,2022,1006519
67,"Government Engineering College, Patan",CIVIL ENGINEERING,EWS,2022,29093
67,"Government Engineering College, Patan",CIVIL ENGINEERING,OPEN,2022,24567
67,"Government Engineering College, Patan",CIVIL ENGINEERING,SEBC,2022,33070
67,"Government Engineering College, Patan",CIVIL ENGINEERING,TFW_Last_Adm,2022,16021
67,"Government Engineering College, Patan",COMPUTER SCIENCE & ENGINEERING,AI-OP,2022,1000765
67,"Government Engineering College, Patan",COMPUTER SCIENCE & ENGINEERING,DS,2022,27477
67,"Government Engineering College, Patan",COMPUTER SCIENCE & ENGINEERING,EWS,2022,11407
67,"Government Engineering College, Patan",COMPUTER SCIENCE & ENGINEERING,OPEN,2022,9280
67,"Government Engineering College, Patan",COMPUTER SCIENCE & ENGINEERING,SC,2022,27709
67,"Government Engineering College, Patan",COMPUTER SCIENCE & ENGINEERING,SEBC,2022,14103
67,"Government Engineering College, Patan",COMPUTER SCIENCE & ENGINEERING,TFW_Last_Adm,2022,5150
67,"Government Engineering College, Patan",ELECTRICAL ENGINEERING,AI-OP,2022,1009282
67,"Government Engineering College, Patan",ELECTRICAL ENGINEERING,OPEN,2022,34546
67,"Government Engineering College, Patan",ELECTRONICS & COMMUNICATION ENGINEERING,AI-OP,2022,1006463
67,"Government Engineering College, Patan",ELECTRONICS & COMMUNICATION ENGINEERING,OPEN,2022,31782
67,"Government Engineering College, Patan",MECHANICAL ENGINEERING,AI-OP,2022,1009687
67,"Government Engineering College, Patan",MECHANICAL ENGINEERING,OPEN,2022,34314
68,"Government Engineering College, Rajkot",AUTOMOBILE ENGINEERING,AI-OP,2022,1010238
68,"Government Engineering College, Rajkot",AUTOMOBILE ENGINEERING,OPEN,2022,33952
68,"Government Engineering College, Rajkot",AUTOMOBILE ENGINEERING,TFW_Last_Adm,2022,17739
68,"Government Engineering College, Rajkot",CIVIL ENGINEERING,AI-OP,2022,1005705
68,"Government Engineering College, Rajkot",CIVIL ENGINEERING,EWS,2022,25731
68,"Government Engineering College, Rajkot",CIVIL ENGINEERING,OPEN,2022,18806
68,"Government Engineering College, Rajkot",CIVIL ENGINEERING,SC,2022,26217
68,"Government Engineering College, Rajkot",CIVIL ENGINEERING,SEBC,2022,22908
68,"Government Engineering College, Rajkot",CIVIL ENGINEERING,TFW_Last_Adm,2022,10740
68,"Government Engineering College, Rajkot",COMPUTER ENGINEERING,AI-OP,2022,1000596
68,"Government Engineering College, Rajkot",COMPUTER ENGINEERING,DS,2022,18252
68,"Government Engineering College, Rajkot",COMPUTER ENGINEERING,EWS,2022,5819
68,"Government Engineering College, Rajkot",COMPUTER ENGINEERING,OPEN,2022,5163
68,"Government Engineering College, Rajkot",COMPUTER ENGINEERING,SC,2022,16195
68,"Government Engineering College, Rajkot",COMPUTER ENGINEERING,SEBC,2022,7290
68,"Government Engineering College, Rajkot",COMPUTER ENGINEERING,TFW_Last_Adm,2022,3310
68,"Government Engineering College, Rajkot",ELECTRICAL ENGINEERING,AI-OP,2022,1005814
68,"Government Engineering College, Rajkot",ELECTRICAL ENGINEERING,DS,2022,29021
68,"Government Engineering College, Rajkot",ELECTRICAL ENGINEERING,EWS,2022,32426
68,"Government Engineering College, Rajkot",ELECTRICAL ENGINEERING,OPEN,2022,19190
68,"Government Engineering College, Rajkot",ELECTRICAL ENGINEERING,SC,2022,27380
68,"Government Engineering College, Rajkot",ELECTRICAL ENGINEERING,SEBC,2022,24902
68,"Government Engineering College, Rajkot",ELECTRICAL ENGINEERING,TFW_Last_Adm,2022,14048
68,"Government Engineering College, Rajkot",ELECTRONICS & COMMUNICATION ENGINEERING,AI-OP,2022,1004977
68,"Government Engineering College, Rajkot",ELECTRONICS & COMMUNICATION ENGINEERING,OPEN,2022,34377
68,"Government Engineering College, Rajkot",ELECTRONICS & COMMUNICATION ENGINEERING,TFW_Last_Adm,2022,17038
68,"Government Engineering College, Rajkot",INSTRUMENTATION & CONTROL ENGINEERING,AI-OP,2022,1014464
68,"Government Engineering College, Rajkot",INSTRUMENTATION & CONTROL ENGINEERING,OPEN,2022,34280
68,"Government Engineering College, Rajkot",MECHANICAL ENGINEERING,AI-OP,2022,1004589
68,"Government Engineering College, Rajkot",MECHANICAL ENGINEERING,AI_Rank,2022,1003376
68,"Government Engineering College, Rajkot",MECHANICAL ENGINEERING,EWS,2022,32170
68,"Government Engineering College, Rajkot",MECHANICAL ENGINEERING,OPEN,2022,18511
68,"Government Engineering College, Rajkot",MECHANICAL ENGINEERING,SC,2022,33974
68,"Government Engineering College, Rajkot",MECHANICAL ENGINEERING,SEBC,2022,26012
68,"Government Engineering College, Rajkot",MECHANICAL ENGINEERING,TFW_Last_Adm,2022,10004
69,"Government Engineering College, Sector 28 Gandhinagar",BIOMEDICAL ENGINEERING,AI-OP,2022,1004305
69,"Government Engineering College, Sector 28 Gandhinagar",BIOMEDICAL ENGINEERING,EWS,2022,13798
69,"Government Engineering College, Sector 28 Gandhinagar",BIOMEDICAL ENGINEERING,OPEN,2022,9100
69,"Government Engineering College, Sector 28 Gandhinagar",BIOMEDICAL ENGINEERING,SC,2022,21747
69,"Government Engineering College, Sector 28 Gandhinagar",BIOMEDICAL ENGINEERING,SEBC,2022,30050
69,"Government Engineering College, Sector 28 Gandhinagar",COMPUTER ENGINEERING,AI-OP,2022,1000228
69,"Government Engineering College, Sector 28 Gandhinagar",COMPUTER ENGINEERING,AI_Rank,2022,1000125
69,"Government Engineering College, Sector 28 Gandhinagar",COMPUTER ENGINEERING,DS,2022,5271
69,"Government Engineering College, Sector 28 Gandhinagar",COMPUTER ENGINEERING,EWS,2022,2082
69,"Government Engineering College, Sector 28 Gandhinagar",COMPUTER ENGINEERING,OPEN,2022,1924
69,"Government Engineering College, Sector 28 Gandhinagar",COMPUTER ENGINEERING,SC,2022,8047
69,"Government Engineering College, Sector 28 Gandhinagar",COMPUTER ENGINEERING,SEBC,2022,2984
69,"Government Engineering College, Sector 28 Gandhinagar",COMPUTER ENGINEERING,ST,2022,29616
69,"Government Engineering College, Sector 28 Gandhinagar",COMPUTER ENGINEERING,TFW_Last_Adm,2022,1521
69,"Government Engineering College, Sector 28 Gandhinagar",ELECTRONICS & COMMUNICATION ENGINEERING,AI-OP,2022,1001648
69,"Government Engineering College, Sector 28 Gandhinagar",ELECTRONICS & COMMUNICATION ENGINEERING,DS,2022,21911
69,"Government Engineering College, Sector 28 Gandhinagar",ELECTRONICS & COMMUNICATION ENGINEERING,EWS,2022,15108
69,"Government Engineering College, Sector 28 Gandhinagar",ELECTRONICS & COMMUNICATION ENGINEERING,OPEN,2022,13114
69,"Government Engineering College, Sector 28 Gandhinagar",ELECTRONICS & COMMUNICATION ENGINEERING,SC,2022,30862
69,"Government Engineering College, Sector 28 Gandhinagar",ELECTRONICS & COMMUNICATION ENGINEERING,SEBC,2022,23080
69,"Government Engineering College, Sector 28 Gandhinagar",ELECTRONICS & COMMUNICATION ENGINEERING,TFW_Last_Adm,2022,9628
69,"Government Engineering College, Sector 28 Gandhinagar",INFORMATION TECHNOLOGY,AI-OP,2022,1000252
69,"Government Engineering College, Sector 28 Gandhinagar",INFORMATION TECHNOLOGY,DS,2022,5477
69,"Government Engineering College, Sector 28 Gandhinagar",INFORMATION TECHNOLOGY,EWS,2022,2320
69,"Government Engineering College, Sector 28 Gandhinagar",INFORMATION TECHNOLOGY,OPEN,2022,2261
69,"Government Engineering College, Sector 28 Gandhinagar",INFORMATION TECHNOLOGY,SC,2022,8351
69,"Government Engineering College, Sector 28 Gandhinagar",INFORMATION TECHNOLOGY,SEBC,2022,3224
69,"Government Engineering College, Sector 28 Gandhinagar",INFORMATION TECHNOLOGY,ST,2022,31216
69,"Government Engineering College, Sector 28 Gandhinagar",INFORMATION TECHNOLOGY,TFW_Last_Adm,2022,1936
69,"Government Engineering College, Sector 28 Gandhinagar",INSTRUMENTATION & CONTROL ENGINEERING,AI-OP,2022,1007061
69,"Government Engineering College, Sector 28 Gandhinagar",INSTRUMENTATION & CONTROL ENGINEERING,OPEN,2022,34534
69,"Government Engineering College, Sector 28 Gandhinagar",METALLURGY,AI-OP,2022,1010391
69,"Government Engineering College, Sector 28 Gandhinagar",METALLURGY,OPEN,2022,32163
70,"Government Engineering College, Valsad",CHEMICAL ENGINEERING,AI-OP,2022,1004691
70,"Government Engineering College, Valsad",CHEMICAL ENGINEERING,EWS,2022,22233
70,"Government Engineering College, Valsad",CHEMICAL ENGINEERING,OPEN,2022,16671
70,"Government Engineering College, Valsad",CHEMICAL ENGINEERING,SC,2022,30916
70,"Government Engineering College, Valsad",CHEMICAL ENGINEERING,SEBC,2022,23643
70,"Government Engineering College, Valsad",CHEMICAL ENGINEERING,TFW_Last_Adm,2022,11391
70,"Government Engineering College, Valsad",CIVIL ENGINEERING,AI-OP,2022,1007555
70,"Government Engineering College, Valsad",CIVIL ENGINEERING,OPEN,2022,23948
70,"Government Engineering College, Valsad",CIVIL ENGINEERING,SEBC,2022,30491
70,"Government Engineering College, Valsad",CIVIL ENGINEERING,ST,2022,27451
70,"Government Engineering College, Valsad",CIVIL ENGINEERING,TFW_Last_Adm,2022,10413
70,"Government Engineering College, Valsad",ELECTRICAL ENGINEERING,AI-OP,2022,1004382
70,"Government Engineering College, Valsad",ELECTRICAL ENGINEERING,OPEN,2022,23276
70,"Government Engineering College, Valsad",ELECTRICAL ENGINEERING,SEBC,2022,26650
70,"Government Engineering College, Valsad",ELECTRICAL ENGINEERING,ST,2022,29690
70,"Government Engineering College, Valsad",ELECTRICAL ENGINEERING,TFW_Last_Adm,2022,14088
70,"Government Engineering College, Valsad",ENVIRONMENTAL ENGINEERING,AI-OP,2022,1009161
70,"Government Engineering College, Valsad",ENVIRONMENTAL ENGINEERING,OPEN,2022,34495
70,"Government Engineering College, Valsad",MECHANICAL ENGINEERING,AI-OP,2022,1007331
70,"Government Engineering College, Valsad",MECHANICAL ENGINEERING,AI_Rank,2022,1004506
70,"Government Engineering College, Valsad",MECHANICAL ENGINEERING,OPEN,2022,26892
70,"Government Engineering College, Valsad",MECHANICAL ENGINEERING,SEBC,2022,31402
70,"Government Engineering College, Valsad",MECHANICAL ENGINEERING,TFW_Last_Adm,2022,14217
72,"Grow More Faculty of Engineering, Berna, Himmatnagar",COMPUTER ENGINEERING,OPEN,2022,34527
73,"Gujarat Power Engg. And Res. Inst. (Gperi) (Ppp), Mevad, Mehsana",COMPUTER ENGINEERING,OPEN,2022,34398
73,"Gujarat Power Engg. And Res. Inst. (Gperi) (Ppp), Mevad, Mehsana",COMPUTER ENGINEERING,TFW_Last_Adm,2022,9121
77,"Hjd Institute Of Technical Education And Reserch, Kera",COMPUTER SCIENCE & ENGINEERING,OPEN,2022,34040
78,"ITM (SLS) Baroda University (Formerly Known as ITM Universe), Vadodara",COMPUTER SCIENCE & ENGINEERING,OPEN,2022,28625
78,"ITM (SLS) Baroda University (Formerly Known as ITM Universe), Vadodara",COMPUTER SCIENCE & ENGINEERING (ARTIFICIAL IN,TFW_Last_Adm,2022,8090
78,"ITM (SLS) Baroda University (Formerly Known as ITM Universe), Vadodara",COMPUTER SCIENCE & ENGINEERING (CYBER SECUR,TFW_Last_Adm,2022,10465
78,"ITM (SLS) Baroda University (Formerly Known as ITM Universe), Vadodara",INFORMATION TECHNOLOGY,EWS,2022,32034
78,"ITM (SLS) Baroda University (Formerly Known as ITM Universe), Vadodara",INFORMATION TECHNOLOGY,OPEN,2022,21267
78,"ITM (SLS) Baroda University (Formerly Known as ITM Universe), Vadodara",INFORMATION TECHNOLOGY,SC,2022,27940
80,"Indus Institute Of Tech. & Engg., Racharda, Ahmedabad",COMPUTER ENGINEERING,EWS,2022,11561
80,"Indus Institute Of Tech. & Engg., Racharda, Ahmedabad",COMPUTER ENGINEERING,OPEN,2022,10290
80,"Indus Institute Of Tech. & Engg., Racharda, Ahmedabad",COMPUTER ENGINEERING,SC,2022,25570
80,"Indus Institute Of Tech. & Engg., Racharda, Ahmedabad",COMPUTER ENGINEERING,SEBC,2022,25165
80,"Indus Institute Of Tech. & Engg., Racharda, Ahmedabad",COMPUTER ENGINEERING,TFW_Last_Adm,2022,3865
80,"Indus Institute Of Tech. & Engg., Racharda, Ahmedabad",COMPUTER SCIENCE & ENGINEERING,DS,2022,22163
80,"Indus Institute Of Tech. & Engg., Racharda, Ahmedabad",COMPUTER SCIENCE & ENGINEERING,EWS,2022,13065
80,"Indus Institute Of Tech. & Engg., Racharda, Ahmedabad",COMPUTER SCIENCE & ENGINEERING,OPEN,2022,10702
80,"Indus Institute Of Tech. & Engg., Racharda, Ahmedabad",COMPUTER SCIENCE & ENGINEERING,SC,2022,28249
80,"Indus Institute Of Tech. & Engg., Racharda, Ahmedabad",COMPUTER SCIENCE & ENGINEERING,SEBC,2022,24225
80,"Indus Institute Of Tech. & Engg., Racharda, Ahmedabad",COMPUTER SCIENCE & ENGINEERING,TFW_Last_Adm,2022,4014
80,"Indus Institute Of Tech. & Engg., Racharda, Ahmedabad",ELECTRICAL ENGINEERING,TFW_Last_Adm,2022,14334
80,"Indus Institute Of Tech. & Engg., Racharda, Ahmedabad",INFORMATION TECHNOLOGY,DS,2022,22787
80,"Indus Institute Of Tech. & Engg., Racharda, Ahmedabad",INFORMATION TECHNOLOGY,EWS,2022,11870
80,"Indus Institute Of Tech. & Engg., Racharda, Ahmedabad",INFORMATION TECHNOLOGY,OPEN,2022,11494
80,"Indus Institute Of Tech. & Engg., Racharda, Ahmedabad",INFORMATION TECHNOLOGY,SC,2022,26376
80,"Indus Institute Of Tech. & Engg., Racharda, Ahmedabad",INFORMATION TECHNOLOGY,SEBC,2022,29765
80,"Indus Institute Of Tech. & Engg., Racharda, Ahmedabad",INFORMATION TECHNOLOGY,TFW_Last_Adm,2022,4088
81,"Institute Of Technology, Nirma University Of Science & Technology, Ahmedabad",CHEMICAL ENGINEERING,EWS,2022,4923
81,"Institute Of Technology, Nirma University Of Science & Technology, Ahmedabad",CHEMICAL ENGINEERING,OPEN,2022,4061
81,"Institute Of Technology, Nirma University Of Science & Technology, Ahmedabad",CHEMICAL ENGINEERING,SC,2022,8224
81,"Institute Of Technology, Nirma University Of Science & Technology, Ahmedabad",CHEMICAL ENGINEERING,SEBC,2022,13304
81,"Institute Of Technology, Nirma University Of Science & Technology, Ahmedabad",CHEMICAL ENGINEERING,TFW_Last_Adm,2022,310
81,"Institute Of Technology, Nirma University Of Science & Technology, Ahmedabad",CIVIL ENGINEERING,DS,2022,18615
81,"Institute Of Technology, Nirma University Of Science & Technology, Ahmedabad",CIVIL ENGINEERING,EWS,2022,14643
81,"Institute Of Technology, Nirma University Of Science & Technology, Ahmedabad",CIVIL ENGINEERING,OPEN,2022,9296
81,"Institute Of Technology, Nirma University Of Science & Technology, Ahmedabad",CIVIL ENGINEERING,SC,2022,21723
81,"Institute Of Technology, Nirma University Of Science & Technology, Ahmedabad",CIVIL ENGINEERING,SEBC,2022,23305
81,"Institute Of Technology, Nirma University Of Science & Technology, Ahmedabad",CIVIL ENGINEERING,ST,2022,30781
81,"Institute Of Technology, Nirma University Of Science & Technology, Ahmedabad",CIVIL ENGINEERING,TFW_Last_Adm,2022,3556
81,"Institute Of Technology, Nirma University Of Science & Technology, Ahmedabad",COMPUTER SCIENCE & ENGINEERING,DS,2022,1205
81,"Institute Of Technology, Nirma University Of Science & Technology, Ahmedabad",COMPUTER SCIENCE & ENGINEERING,EWS,2022,419
81,"Institute Of Technology, Nirma University Of Science & Technology, Ahmedabad",COMPUTER SCIENCE & ENGINEERING,OPEN,2022,325
81,"Institute Of Technology, Nirma University Of Science & Technology, Ahmedabad",COMPUTER SCIENCE & ENGINEERING,SC,2022,3455
81,"Institute Of Technology, Nirma University Of Science & Technology, Ahmedabad",COMPUTER SCIENCE & ENGINEERING,SEBC,2022,967
81,"Institute Of Technology, Nirma University Of Science & Technology, Ahmedabad",COMPUTER SCIENCE & ENGINEERING,ST,2022,27032
81,"Institute Of Technology, Nirma University Of Science & Technology, Ahmedabad",COMPUTER SCIENCE & ENGINEERING,TFW_Last_Adm,2022,167
81,"Institute Of Technology, Nirma University Of Science & Technology, Ahmedabad",ELECTRICAL ENGINEERING,DS,2022,9908
81,"Institute Of Technology, Nirma University Of Science & Technology, Ahmedabad",ELECTRICAL ENGINEERING,EWS,2022,12124
81,"Institute Of Technology, Nirma University Of Science & Technology, Ahmedabad",ELECTRICAL ENGINEERING,OPEN,2022,6913
81,"Institute Of Technology, Nirma University Of Science & Technology, Ahmedabad",ELECTRICAL ENGINEERING,SC,2022,14651
81,"Institute Of Technology, Nirma University Of Science & Technology, Ahmedabad",ELECTRICAL ENGINEERING,SEBC,2022,20448
81,"Institute Of Technology, Nirma University Of Science & Technology, Ahmedabad",ELECTRICAL ENGINEERING,TFW_Last_Adm,2022,2222
81,"Institute Of Technology, Nirma University Of Science & Technology, Ahmedabad",ELECTRONICS & COMMUNICATION ENGINEERING,DS,2022,2565
81,"Institute Of Technology, Nirma University Of Science & Technology, Ahmedabad",ELECTRONICS & COMMUNICATION ENGINEERING,EWS,2022,2551
81,"Institute Of Technology, Nirma University Of Science & Technology, Ahmedabad",ELECTRONICS & COMMUNICATION ENGINEERING,OPEN,2022,1907
81,"Institute Of Technology, Nirma University Of Science & Technology, Ahmedabad",ELECTRONICS & COMMUNICATION ENGINEERING,SC,2022,13448
81,"Institute Of Technology, Nirma University Of Science & Technology, Ahmedabad",ELECTRONICS & COMMUNICATION ENGINEERING,SEBC,2022,6834
81,"Institute Of Technology, Nirma University Of Science & Technology, Ahmedabad",ELECTRONICS & COMMUNICATION ENGINEERING,TFW_Last_Adm,2022,853
81,"Institute Of Technology, Nirma University Of Science & Technology, Ahmedabad",ELECTRONICS & INSTRUMENTATION ENGINEERING,EWS,2022,10992
81,"Institute Of Technology, Nirma University Of Science & Technology, Ahmedabad",ELECTRONICS & INSTRUMENTATION ENGINEERING,OPEN,2022,7484
81,"Institute Of Technology, Nirma University Of Science & Technology, Ahmedabad",ELECTRONICS & INSTRUMENTATION ENGINEERING,SC,2022,19469
81,"Institute Of Technology, Nirma University Of Science & Technology, Ahmedabad",ELECTRONICS & INSTRUMENTATION ENGINEERING,TFW_Last_Adm,2022,4223
81,"Institute Of Technology, Nirma University Of Science & Technology, Ahmedabad",MECHANICAL ENGINEERING,DS,2022,7740
81,"Institute Of Technology, Nirma University Of Science & Technology, Ahmedabad",MECHANICAL ENGINEERING,EWS,2022,6641
81,"Institute Of Technology, Nirma University Of Science & Technology, Ahmedabad",MECHANICAL ENGINEERING,OPEN,2022,4622
81,"Institute Of Technology, Nirma University Of Science & Technology, Ahmedabad",MECHANICAL ENGINEERING,SC,2022,13877
81,"Institute Of Technology, Nirma University Of Science & Technology, Ahmedabad",MECHANICAL ENGINEERING,SEBC,2022,12709
81,"Institute Of Technology, Nirma University Of Science & Technology, Ahmedabad",MECHANICAL ENGINEERING,TFW_Last_Adm,2022,1325
83,"Institute of Infrastructure, Tech., Research & Management (IITRAM), Maninagar, Ahmedabad",CIVIL ENGINEERING,OPEN,2022,34455
83,"Institute of Infrastructure, Tech., Research & Management (IITRAM), Maninagar, Ahmedabad",ELECTRICAL ENGINEERING,OPEN,2022,31269
83,"Institute of Infrastructure, Tech., Research & Management (IITRAM), Maninagar, Ahmedabad",ELECTRICAL ENGINEERING,TFW_Last_Adm,2022,13292
83,"Institute of Infrastructure, Tech., Research & Management (IITRAM), Maninagar, Ahmedabad",MECHANICAL ENGINEERING,OPEN,2022,27604
83,"Institute of Infrastructure, Tech., Research & Management (IITRAM), Maninagar, Ahmedabad",MECHANICAL ENGINEERING,SC,2022,31751
83,"Institute of Infrastructure, Tech., Research & Management (IITRAM), Maninagar, Ahmedabad",MECHANICAL ENGINEERING,TFW_Last_Adm,2022,8076
86,"K.J. Institute Of Engg. And Tech., Savali",COMPUTER ENGINEERING,OPEN,2022,32967
86,"K.J. Institute Of Engg. And Tech., Savali",INFORMATION TECHNOLOGY,OPEN,2022,34407
88,"Kalol Institute Of Tech. & Research Center ,Kalol",COMPUTER ENGINEERING,TFW_Last_Adm,2022,8906
89,"Knowledge Institute of Technology and Engineering, Bakrol, Anand",COMPUTER ENGINEERING,OPEN,2022,33278
89,"Knowledge Institute of Technology and Engineering, Bakrol, Anand",INFORMATION TECHNOLOGY,OPEN,2022,33444
91,"Krishna School of Emerging Technology & Applied Research (Formerly Known as Babaria Institute Of Technology) , Varnama, Vadodara",COMPUTER SCIENCE & ENGINEERING,EWS,2022,21330
91,"Krishna School of Emerging Technology & Applied Research (Formerly Known as Babaria Institute Of Technology) , Varnama, Vadodara",COMPUTER SCIENCE & ENGINEERING,OPEN,2022,13451
91,"Krishna School of Emerging Technology & Applied Research (Formerly Known as Babaria Institute Of Technology) , Varnama, Vadodara",COMPUTER SCIENCE & ENGINEERING,SC,2022,26911
91,"Krishna School of Emerging Technology & Applied Research (Formerly Known as Babaria Institute Of Technology) , Varnama, Vadodara",COMPUTER SCIENCE & ENGINEERING,SEBC,2022,33400
91,"Krishna School of Emerging Technology & Applied Research (Formerly Known as Babaria Institute Of Technology) , Varnama, Vadodara",COMPUTER SCIENCE & ENGINEERING,TFW_Last_Adm,2022,7209
91,"Krishna School of Emerging Technology & Applied Research (Formerly Known as Babaria Institute Of Technology) , Varnama, Vadodara",INFORMATION TECHNOLOGY,EWS,2022,24351
91,"Krishna School of Emerging Technology & Applied Research (Formerly Known as Babaria Institute Of Technology) , Varnama, Vadodara",INFORMATION TECHNOLOGY,OPEN,2022,17400
91,"Krishna School of Emerging Technology & Applied Research (Formerly Known as Babaria Institute Of Technology) , Varnama, Vadodara",INFORMATION TECHNOLOGY,SC,2022,27613
91,"Krishna School of Emerging Technology & Applied Research (Formerly Known as Babaria Institute Of Technology) , Varnama, Vadodara",INFORMATION TECHNOLOGY,TFW_Last_Adm,2022,6161
93,"L.D.College Of Engineering, Ahmedabad",AUTOMOBILE ENGINEERING,AI-OP,2022,1001665
93,"L.D.College Of Engineering, Ahmedabad",AUTOMOBILE ENGINEERING,AI_Rank,2022,1002501
93,"L.D.College Of Engineering, Ahmedabad",AUTOMOBILE ENGINEERING,DS,2022,15643
93,"L.D.College Of Engineering, Ahmedabad",AUTOMOBILE ENGINEERING,EWS,2022,16093
93,"L.D.College Of Engineering, Ahmedabad",AUTOMOBILE ENGINEERING,OPEN,2022,13200
93,"L.D.College Of Engineering, Ahmedabad",AUTOMOBILE ENGINEERING,SC,2022,27955
93,"L.D.College Of Engineering, Ahmedabad",AUTOMOBILE ENGINEERING,SEBC,2022,21279
93,"L.D.College Of Engineering, Ahmedabad",AUTOMOBILE ENGINEERING,TFW_Last_Adm,2022,6767
93,"L.D.College Of Engineering, Ahmedabad",BIOMEDICAL ENGINEERING,AI-OP,2022,1001716
93,"L.D.College Of Engineering, Ahmedabad",BIOMEDICAL ENGINEERING,DS,2022,11791
93,"L.D.College Of Engineering, Ahmedabad",BIOMEDICAL ENGINEERING,EWS,2022,4835
93,"L.D.College Of Engineering, Ahmedabad",BIOMEDICAL ENGINEERING,OPEN,2022,3446
93,"L.D.College Of Engineering, Ahmedabad",BIOMEDICAL ENGINEERING,SC,2022,10816
93,"L.D.College Of Engineering, Ahmedabad",BIOMEDICAL ENGINEERING,SEBC,2022,14305
93,"L.D.College Of Engineering, Ahmedabad",BIOMEDICAL ENGINEERING,ST,2022,33706
93,"L.D.College Of Engineering, Ahmedabad",BIOMEDICAL ENGINEERING,TFW_Last_Adm,2022,1258
93,"L.D.College Of Engineering, Ahmedabad",CHEMICAL ENGINEERING,AI-OP,2022,1000556
93,"L.D.College Of Engineering, Ahmedabad",CHEMICAL ENGINEERING,DS,2022,7038
93,"L.D.College Of Engineering, Ahmedabad",CHEMICAL ENGINEERING,EWS,2022,4687
93,"L.D.College Of Engineering, Ahmedabad",CHEMICAL ENGINEERING,OPEN,2022,3784
93,"L.D.College Of Engineering, Ahmedabad",CHEMICAL ENGINEERING,SC,2022,11306
93,"L.D.College Of Engineering, Ahmedabad",CHEMICAL ENGINEERING,SEBC,2022,6021
93,"L.D.College Of Engineering, Ahmedabad",CHEMICAL ENGINEERING,ST,2022,30042
93,"L.D.College Of Engineering, Ahmedabad",CHEMICAL ENGINEERING,TFW_Last_Adm,2022,2388
93,"L.D.College Of Engineering, Ahmedabad",CIVIL ENGINEERING,AI-OP,2022,1000593
93,"L.D.College Of Engineering, Ahmedabad",CIVIL ENGINEERING,DS,2022,11309
93,"L.D.College Of Engineering, Ahmedabad",CIVIL ENGINEERING,EWS,2022,8640
93,"L.D.College Of Engineering, Ahmedabad",CIVIL ENGINEERING,OPEN,2022,5887
93,"L.D.College Of Engineering, Ahmedabad",CIVIL ENGINEERING,SC,2022,15202
93,"L.D.College Of Engineering, Ahmedabad",CIVIL ENGINEERING,SEBC,2022,9161
93,"L.D.College Of Engineering, Ahmedabad",CIVIL ENGINEERING,ST,2022,14333
93,"L.D.College Of Engineering, Ahmedabad",CIVIL ENGINEERING,TFW_Last_Adm,2022,3445
93,"L.D.College Of Engineering, Ahmedabad",COMPUTER ENGINEERING,AI-OP,2022,1000022
93,"L.D.College Of Engineering, Ahmedabad",COMPUTER ENGINEERING,DS,2022,1685
93,"L.D.College Of Engineering, Ahmedabad",COMPUTER ENGINEERING,EWS,2022,643
93,"L.D.College Of Engineering, Ahmedabad",COMPUTER ENGINEERING,OPEN,2022,545
93,"L.D.College Of Engineering, Ahmedabad",COMPUTER ENGINEERING,SC,2022,3416
93,"L.D.College Of Engineering, Ahmedabad",COMPUTER ENGINEERING,SEBC,2022,1159
93,"L.D.College Of Engineering, Ahmedabad",COMPUTER ENGINEERING,ST,2022,15728
93,"L.D.College Of Engineering, Ahmedabad",COMPUTER ENGINEERING,TFW_Last_Adm,2022,270
93,"L.D.College Of Engineering, Ahmedabad",ELECTRICAL ENGINEERING,AI-OP,2022,1000631
93,"L.D.College Of Engineering, Ahmedabad",ELECTRICAL ENGINEERING,DS,2022,7237
93,"L.D.College Of Engineering, Ahmedabad",ELECTRICAL ENGINEERING,EWS,2022,7189
93,"L.D.College Of Engineering, Ahmedabad",ELECTRICAL ENGINEERING,OPEN,2022,5174
93,"L.D.College Of Engineering, Ahmedabad",ELECTRICAL ENGINEERING,SC,2022,13928
93,"L.D.College Of Engineering, Ahmedabad",ELECTRICAL ENGINEERING,SEBC,2022,10230
93,"L.D.College Of Engineering, Ahmedabad",ELECTRICAL ENGINEERING,ST,2022,17630
93,"L.D.College Of Engineering, Ahmedabad",ELECTRICAL ENGINEERING,TFW_Last_Adm,2022,3169
93,"L.D.College Of Engineering, Ahmedabad",ELECTRONICS & COMMUNICATION ENGINEERING,AI-OP,2022,1000212
93,"L.D.College Of Engineering, Ahmedabad",ELECTRONICS & COMMUNICATION ENGINEERING,DS,2022,5379
93,"L.D.College Of Engineering, Ahmedabad",ELECTRONICS & COMMUNICATION ENGINEERING,EWS,2022,4409
93,"L.D.College Of Engineering, Ahmedabad",ELECTRONICS & COMMUNICATION ENGINEERING,OPEN,2022,3412
93,"L.D.College Of Engineering, Ahmedabad",ELECTRONICS & COMMUNICATION ENGINEERING,SC,2022,12179
93,"L.D.College Of Engineering, Ahmedabad",ELECTRONICS & COMMUNICATION ENGINEERING,SEBC,2022,7842
93,"L.D.College Of Engineering, Ahmedabad",ELECTRONICS & COMMUNICATION ENGINEERING,TFW_Last_Adm,2022,2077
93,"L.D.College Of Engineering, Ahmedabad",ENVIRONMENTAL ENGINEERING,AI-OP,2022,1001113
93,"L.D.College Of Engineering, Ahmedabad",ENVIRONMENTAL ENGINEERING,DS,2022,15012
93,"L.D.College Of Engineering, Ahmedabad",ENVIRONMENTAL ENGINEERING,EWS,2022,16923
93,"L.D.College Of Engineering, Ahmedabad",ENVIRONMENTAL ENGINEERING,OPEN,2022,13299
93,"L.D.College Of Engineering, Ahmedabad",ENVIRONMENTAL ENGINEERING,SEBC,2022,25973
93,"L.D.College Of Engineering, Ahmedabad",ENVIRONMENTAL ENGINEERING,TFW_Last_Adm,2022,6505
93,"L.D.College Of Engineering, Ahmedabad",INFORMATION TECHNOLOGY,AI-OP,2022,1000057
93,"L.D.College Of Engineering, Ahmedabad",INFORMATION TECHNOLOGY,DS,2022,2584
93,"L.D.College Of Engineering, Ahmedabad",INFORMATION TECHNOLOGY,EWS,2022,923
93,"L.D.College Of Engineering, Ahmedabad",INFORMATION TECHNOLOGY,OPEN,2022,855
93,"L.D.College Of Engineering, Ahmedabad",INFORMATION TECHNOLOGY,SC,2022,5322
93,"L.D.College Of Engineering, Ahmedabad",INFORMATION TECHNOLOGY,SEBC,2022,1679
93,"L.D.College Of Engineering, Ahmedabad",INFORMATION TECHNOLOGY,ST,2022,20056
93,"L.D.College Of Engineering, Ahmedabad",INFORMATION TECHNOLOGY,TFW_Last_Adm,2022,628
93,"L.D.College Of Engineering, Ahmedabad",INSTRUMENTATION & CONTROL ENGINEERING,AI-OP,2022,1000638
93,"L.D.College Of Engineering, Ahmedabad",INSTRUMENTATION & CONTROL ENGINEERING,AI_Rank,2022,1004084
93,"L.D.College Of Engineering, Ahmedabad",INSTRUMENTATION & CONTROL ENGINEERING,DS,2022,14221
93,"L.D.College Of Engineering, Ahmedabad",INSTRUMENTATION & CONTROL ENGINEERING,EWS,2022,13834
93,"L.D.College Of Engineering, Ahmedabad",INSTRUMENTATION & CONTROL ENGINEERING,OPEN,2022,10298
93,"L.D.College Of Engineering, Ahmedabad",INSTRUMENTATION & CONTROL ENGINEERING,SC,2022,26600
93,"L.D.College Of Engineering, Ahmedabad",INSTRUMENTATION & CONTROL ENGINEERING,SEBC,2022,17511
93,"L.D.College Of Engineering, Ahmedabad",INSTRUMENTATION & CONTROL ENGINEERING,TFW_Last_Adm,2022,6387
93,"L.D.College Of Engineering, Ahmedabad",MECHANICAL ENGINEERING,AI-OP,2022,1000526
93,"L.D.College Of Engineering, Ahmedabad",MECHANICAL ENGINEERING,DS,2022,15629
93,"L.D.College Of Engineering, Ahmedabad",MECHANICAL ENGINEERING,EWS,2022,6270
93,"L.D.College Of Engineering, Ahmedabad",MECHANICAL ENGINEERING,OPEN,2022,4039
93,"L.D.College Of Engineering, Ahmedabad",MECHANICAL ENGINEERING,SC,2022,11863
93,"L.D.College Of Engineering, Ahmedabad",MECHANICAL ENGINEERING,SEBC,2022,8354
93,"L.D.College Of Engineering, Ahmedabad",MECHANICAL ENGINEERING,ST,2022,22235
93,"L.D.College Of Engineering, Ahmedabad",MECHANICAL ENGINEERING,TFW_Last_Adm,2022,2473
93,"L.D.College Of Engineering, Ahmedabad",PLASTIC TECHNOLOGY,AI-OP,2022,1006440
93,"L.D.College Of Engineering, Ahmedabad",PLASTIC TECHNOLOGY,OPEN,2022,30142
93,"L.D.College Of Engineering, Ahmedabad",PLASTIC TECHNOLOGY,TFW_Last_Adm,2022,16752
93,"L.D.College Of Engineering, Ahmedabad",RUBBER TECHNOLOGY,AI-OP,2022,1004852
93,"L.D.College Of Engineering, Ahmedabad",RUBBER TECHNOLOGY,OPEN,2022,21668
93,"L.D.College Of Engineering, Ahmedabad",RUBBER TECHNOLOGY,SEBC,2022,32610
93,"L.D.College Of Engineering, Ahmedabad",RUBBER TECHNOLOGY,TFW_Last_Adm,2022,8579
93,"L.D.College Of Engineering, Ahmedabad",TEXTILE TECHNOLOGY,AI-OP,2022,1005874
93,"L.D.College Of Engineering, Ahmedabad",TEXTILE TECHNOLOGY,AI_Rank,2022,1008091
93,"L.D.College Of Engineering, Ahmedabad",TEXTILE TECHNOLOGY,OPEN,2022,33439
93,"L.D.College Of Engineering, Ahmedabad",TEXTILE TECHNOLOGY,TFW_Last_Adm,2022,11183
94,"L.D.R.P. Institute Of Tech. & Research., Gandhinagar",COMPUTER ENGINEERING,DS,2022,26193
94,"L.D.R.P. Institute Of Tech. & Research., Gandhinagar",COMPUTER ENGINEERING,EWS,2022,10463
94,"L.D.R.P. Institute Of Tech. & Research., Gandhinagar",COMPUTER ENGINEERING,OPEN,2022,9049
94,"L.D.R.P. Institute Of Tech. & Research., Gandhinagar",COMPUTER ENGINEERING,SC,2022,21651
94,"L.D.R.P. Institute Of Tech. & Research., Gandhinagar",COMPUTER ENGINEERING,SEBC,2022,20607
94,"L.D.R.P. Institute Of Tech. & Research., Gandhinagar",COMPUTER ENGINEERING,TFW_Last_Adm,2022,3079
94,"L.D.R.P. Institute Of Tech. & Research., Gandhinagar",INFORMATION TECHNOLOGY,DS,2022,13628
94,"L.D.R.P. Institute Of Tech. & Research., Gandhinagar",INFORMATION TECHNOLOGY,EWS,2022,11236
94,"L.D.R.P. Institute Of Tech. & Research., Gandhinagar",INFORMATION TECHNOLOGY,OPEN,2022,10667
94,"L.D.R.P. Institute Of Tech. & Research., Gandhinagar",INFORMATION TECHNOLOGY,SC,2022,20792
94,"L.D.R.P. Institute Of Tech. & Research., Gandhinagar",INFORMATION TECHNOLOGY,SEBC,2022,22794
94,"L.D.R.P. Institute Of Tech. & Research., Gandhinagar",INFORMATION TECHNOLOGY,TFW_Last_Adm,2022,3304
94,"L.D.R.P. Institute Of Tech. & Research., Gandhinagar",MECHANICAL ENGINEERING,OPEN,2022,34208
94,"L.D.R.P. Institute Of Tech. & Research., Gandhinagar",MECHANICAL ENGINEERING,TFW_Last_Adm,2022,9970
95,"L.E.College ,Morbi",CHEMICAL ENGINEERING,AI-OP,2022,1005093
95,"L.E.College ,Morbi",CHEMICAL ENGINEERING,EWS,2022,23782
95,"L.E.College ,Morbi",CHEMICAL ENGINEERING,OPEN,2022,19094
95,"L.E.College ,Morbi",CHEMICAL ENGINEERING,SEBC,2022,25272
95,"L.E.College ,Morbi",CHEMICAL ENGINEERING,TFW_Last_Adm,2022,10474
95,"L.E.College ,Morbi",CIVIL ENGINEERING,AI-OP,2022,1013831
95,"L.E.College ,Morbi",CIVIL ENGINEERING,OPEN,2022,34365
95,"L.E.College ,Morbi",ELECTRICAL ENGINEERING,AI-OP,2022,1014415
95,"L.E.College ,Morbi",ELECTRICAL ENGINEERING,OPEN,2022,34323
95,"L.E.College ,Morbi",INDUSTRIAL ENGINEERING,AI-OP,2022,1018025
95,"L.E.College ,Morbi",INFORMATION TECHNOLOGY,AI-OP,2022,1000635
95,"L.E.College ,Morbi",INFORMATION TECHNOLOGY,AI_Rank,2022,1002600
95,"L.E.College ,Morbi",INFORMATION TECHNOLOGY,DS,2022,29293
95,"L.E.College ,Morbi",INFORMATION TECHNOLOGY,EWS,2022,9068
95,"L.E.College ,Morbi",INFORMATION TECHNOLOGY,OPEN,2022,7772
95,"L.E.College ,Morbi",INFORMATION TECHNOLOGY,SC,2022,16635
95,"L.E.College ,Morbi",INFORMATION TECHNOLOGY,SEBC,2022,9863
95,"L.E.College ,Morbi",INFORMATION TECHNOLOGY,TFW_Last_Adm,2022,4541
95,"L.E.College ,Morbi",MECHANICAL ENGINEERING,AI-OP,2022,1007307
95,"L.E.College ,Morbi",MECHANICAL ENGINEERING,OPEN,2022,33671
95,"L.E.College ,Morbi",MECHANICAL ENGINEERING,TFW_Last_Adm,2022,18468
95,"L.E.College ,Morbi",POWER ELECTRONICS,AI-OP,2022,1024485
95,"L.E.College ,Morbi",PRODUCTION ENGINEERING,AI-OP,2022,1019585
96,"L.J. Institute Of Engg And Tech., Ahmedabad",ARTIFICIAL INTELLIGENCE AND DATA SCIENCE,EWS,2022,14574
96,"L.J. Institute Of Engg And Tech., Ahmedabad",ARTIFICIAL INTELLIGENCE AND DATA SCIENCE,OPEN,2022,11324
96,"L.J. Institute Of Engg And Tech., Ahmedabad",ARTIFICIAL INTELLIGENCE AND DATA SCIENCE,SC,2022,28574
96,"L.J. Institute Of Engg And Tech., Ahmedabad",ARTIFICIAL INTELLIGENCE AND DATA SCIENCE,SEBC,2022,27542
96,"L.J. Institute Of Engg And Tech., Ahmedabad",ARTIFICIAL INTELLIGENCE AND DATA SCIENCE,TFW_Last_Adm,2022,4030
96,"L.J. Institute Of Engg And Tech., Ahmedabad",ARTIFICIAL INTELLIGENCE(AI) AND MACHINE LEARNI,EWS,2022,15748
96,"L.J. Institute Of Engg And Tech., Ahmedabad",ARTIFICIAL INTELLIGENCE(AI) AND MACHINE LEARNI,SC,2022,32079
96,"L.J. Institute Of Engg And Tech., Ahmedabad",ARTIFICIAL INTELLIGENCE(AI) AND MACHINE LEARNI,SEBC,2022,29553
96,"L.J. Institute Of Engg And Tech., Ahmedabad",ARTIFICIAL INTELLIGENCE(AI) AND MACHINE LEARNI,TFW_Last_Adm,2022,5886
96,"L.J. Institute Of Engg And Tech., Ahmedabad",CHEMICAL ENGINEERING,OPEN,2022,33533
96,"L.J. Institute Of Engg And Tech., Ahmedabad",CHEMICAL ENGINEERING,TFW_Last_Adm,2022,12057
96,"L.J. Institute Of Engg And Tech., Ahmedabad",CIVIL ENGINEERING,OPEN,2022,34475
96,"L.J. Institute Of Engg And Tech., Ahmedabad",COMPUTER ENGINEERING,DS,2022,16498
96,"L.J. Institute Of Engg And Tech., Ahmedabad",COMPUTER ENGINEERING,EWS,2022,5551
96,"L.J. Institute Of Engg And Tech., Ahmedabad",COMPUTER ENGINEERING,OPEN,2022,4815
96,"L.J. Institute Of Engg And Tech., Ahmedabad",COMPUTER ENGINEERING,SC,2022,13965
96,"L.J. Institute Of Engg And Tech., Ahmedabad",COMPUTER ENGINEERING,SEBC,2022,8841
96,"L.J. Institute Of Engg And Tech., Ahmedabad",COMPUTER ENGINEERING,TFW_Last_Adm,2022,2321
96,"L.J. Institute Of Engg And Tech., Ahmedabad",COMPUTER SCIENCE & DESIGN,EWS,2022,15125
96,"L.J. Institute Of Engg And Tech., Ahmedabad",COMPUTER SCIENCE & DESIGN,OPEN,2022,12527
96,"L.J. Institute Of Engg And Tech., Ahmedabad",COMPUTER SCIENCE & DESIGN,SC,2022,21939
96,"L.J. Institute Of Engg And Tech., Ahmedabad",COMPUTER SCIENCE & DESIGN,SEBC,2022,21056
96,"L.J. Institute Of Engg And Tech., Ahmedabad",COMPUTER SCIENCE & DESIGN,TFW_Last_Adm,2022,3911
96,"L.J. Institute Of Engg And Tech., Ahmedabad",COMPUTER SCIENCE & ENGINEERING,DS,2022,10920
96,"L.J. Institute Of Engg And Tech., Ahmedabad",COMPUTER SCIENCE & ENGINEERING,EWS,2022,6936
96,"L.J. Institute Of Engg And Tech., Ahmedabad",COMPUTER SCIENCE & ENGINEERING,OPEN,2022,6215
96,"L.J. Institute Of Engg And Tech., Ahmedabad",COMPUTER SCIENCE & ENGINEERING,SC,2022,17390
96,"L.J. Institute Of Engg And Tech., Ahmedabad",COMPUTER SCIENCE & ENGINEERING,SEBC,2022,12184
96,"L.J. Institute Of Engg And Tech., Ahmedabad",COMPUTER SCIENCE & ENGINEERING,TFW_Last_Adm,2022,2687
96,"L.J. Institute Of Engg And Tech., Ahmedabad",ELECTRONICS & COMMUNICATION ENGINEERING,OPEN,2022,32674
96,"L.J. Institute Of Engg And Tech., Ahmedabad",ELECTRONICS & COMMUNICATION ENGINEERING,TFW_Last_Adm,2022,10346
96,"L.J. Institute Of Engg And Tech., Ahmedabad",INFORMATION TECHNOLOGY,DS,2022,22904
96,"L.J. Institute Of Engg And Tech., Ahmedabad",INFORMATION TECHNOLOGY,EWS,2022,7362
96,"L.J. Institute Of Engg And Tech., Ahmedabad",INFORMATION TECHNOLOGY,OPEN,2022,7030
96,"L.J. Institute Of Engg And Tech., Ahmedabad",INFORMATION TECHNOLOGY,SC,2022,15168
96,"L.J. Institute Of Engg And Tech., Ahmedabad",INFORMATION TECHNOLOGY,SEBC,2022,11539
96,"L.J. Institute Of Engg And Tech., Ahmedabad",INFORMATION TECHNOLOGY,TFW_Last_Adm,2022,2588
96,"L.J. Institute Of Engg And Tech., Ahmedabad",MECHANICAL ENGINEERING,OPEN,2022,33122
96,"L.J. Institute Of Engg And Tech., Ahmedabad",ROBOTICS & ARTIFICIAL INTELLIGENCE,EWS,2022,25932
96,"L.J. Institute Of Engg And Tech., Ahmedabad",ROBOTICS & ARTIFICIAL INTELLIGENCE,OPEN,2022,21858
96,"L.J. Institute Of Engg And Tech., Ahmedabad",ROBOTICS & ARTIFICIAL INTELLIGENCE,SC,2022,32450
96,"L.J. Institute Of Engg And Tech., Ahmedabad",ROBOTICS & ARTIFICIAL INTELLIGENCE,TFW_Last_Adm,2022,7227
98,"Laxmi Institute Of Technology, Sarigam, Valsad",COMPUTER SCIENCE & ENGINEERING,OPEN,2022,34502
98,"Laxmi Institute Of Technology, Sarigam, Valsad",INFORMATION TECHNOLOGY,OPEN,2022,34542
99,"Madhuben & Bhanubhai Patel Institute of Technology, New V.V.Nagar",COMPUTER ENGINEERING,EWS,2022,18025
99,"Madhuben & Bhanubhai Patel Institute of Technology, New V.V.Nagar",COMPUTER ENGINEERING,OPEN,2022,15257
99,"Madhuben & Bhanubhai Patel Institute of Technology, New V.V.Nagar",COMPUTER ENGINEERING,SEBC,2022,28462
99,"Madhuben & Bhanubhai Patel Institute of Technology, New V.V.Nagar",COMPUTER ENGINEERING,TFW_Last_Adm,2022,5363
99,"Madhuben & Bhanubhai Patel Institute of Technology, New V.V.Nagar",INFORMATION TECHNOLOGY,DS,2022,22134
99,"Madhuben & Bhanubhai Patel Institute of Technology, New V.V.Nagar",INFORMATION TECHNOLOGY,EWS,2022,19283
99,"Madhuben & Bhanubhai Patel Institute of Technology, New V.V.Nagar",INFORMATION TECHNOLOGY,OPEN,2022,16544
99,"Madhuben & Bhanubhai Patel Institute of Technology, New V.V.Nagar",INFORMATION TECHNOLOGY,SEBC,2022,31883
99,"Madhuben & Bhanubhai Patel Institute of Technology, New V.V.Nagar",INFORMATION TECHNOLOGY,TFW_Last_Adm,2022,5875
100,"Mahatma Gandhi Inst.Of Technical Edu. And Research Center,Navasari",COMPUTER ENGINEERING,OPEN,2022,34469
102,"Mahavir Swami College Of Engineering & Technology, Bharthana- Vesu, Surat",COMPUTER ENGINEERING,OPEN,2022,33662
104,"Marwadi Edu. Foundation Group Of Institutions, Faculty Of Engg., Rajkot",COMPUTER ENGINEERING,OPEN,2022,33585
104,"Marwadi Edu. Foundation Group Of Institutions, Faculty Of Engg., Rajkot",COMPUTER ENGINEERING,TFW_Last_Adm,2022,2732
104,"Marwadi Edu. Foundation Group Of Institutions, Faculty Of Engg., Rajkot",INFORMATION TECHNOLOGY,OPEN,2022,33848
104,"Marwadi Edu. Foundation Group Of Institutions, Faculty Of Engg., Rajkot",INFORMATION TECHNOLOGY,TFW_Last_Adm,2022,3543
104,"Marwadi Edu. Foundation Group Of Institutions, Faculty Of Engg., Rajkot",MECHANICAL ENGINEERING,TFW_Last_Adm,2022,12935
105,"Marwadi Edu. Foundation Group Of Institutions, Faculty Of Tech., Rajkot",COMPUTER ENGINEERING,OPEN,2022,34425
105,"Marwadi Edu. Foundation Group Of Institutions, Faculty Of Tech., Rajkot",COMPUTER ENGINEERING,TFW_Last_Adm,2022,5251
105,"Marwadi Edu. Foundation Group Of Institutions, Faculty Of Tech., Rajkot",INFORMATION & COMMUNICATION TECHNOLOGY,OPEN,2022,34031
105,"Marwadi Edu. Foundation Group Of Institutions, Faculty Of Tech., Rajkot",INFORMATION & COMMUNICATION TECHNOLOGY,TFW_Last_Adm,2022,3297
105,"Marwadi Edu. Foundation Group Of Institutions, Faculty Of Tech., Rajkot",INFORMATION TECHNOLOGY,OPEN,2022,34516
105,"Marwadi Edu. Foundation Group Of Institutions, Faculty Of Tech., Rajkot",INFORMATION TECHNOLOGY,TFW_Last_Adm,2022,4561
108,"Narnarayan Shastri Institute of Technology, Jetalpur, Ahmedabad",COMPUTER SCIENCE & ENGINEERING,OPEN,2022,32268
110,New L.J. Institute of Engineering & Technology,COMPUTER SCIENCE & ENGINEERING,EWS,2022,7020
110,New L.J. Institute of Engineering & Technology,COMPUTER SCIENCE & ENGINEERING,OPEN,2022,6068
110,New L.J. Institute of Engineering & Technology,COMPUTER SCIENCE & ENGINEERING,SC,2022,17545
110,New L.J. Institute of Engineering & Technology,COMPUTER SCIENCE & ENGINEERING,SEBC,2022,12677
110,New L.J. Institute of Engineering & Technology,COMPUTER SCIENCE & ENGINEERING,TFW_Last_Adm,2022,3044
110,New L.J. Institute of Engineering & Technology,COMPUTER SCIENCE & ENGINEERING (ARTIFICIAL IN,EWS,2022,15996
110,New L.J. Institute of Engineering & Technology,COMPUTER SCIENCE & ENGINEERING (ARTIFICIAL IN,SEBC,2022,30410
110,New L.J. Institute of Engineering & Technology,COMPUTER SCIENCE & ENGINEERING (ARTIFICIAL IN,TFW_Last_Adm,2022,4648
110,New L.J. Institute of Engineering & Technology,INFORMATION TECHNOLOGY,EWS,2022,9149
110,New L.J. Institute of Engineering & Technology,INFORMATION TECHNOLOGY,OPEN,2022,8585
110,New L.J. Institute of Engineering & Technology,INFORMATION TECHNOLOGY,SC,2022,16036
110,New L.J. Institute of Engineering & Technology,INFORMATION TECHNOLOGY,SEBC,2022,13165
110,New L.J. Institute of Engineering & Technology,INFORMATION TECHNOLOGY,TFW_Last_Adm,2022,3333
114,"P.P. Savani School of Engineering, P.P. Savani University, Kosamba",COMPUTER ENGINEERING,EWS,2022,20608
114,"P.P. Savani School of Engineering, P.P. Savani University, Kosamba",COMPUTER ENGINEERING,OPEN,2022,18554
114,"P.P. Savani School of Engineering, P.P. Savani University, Kosamba",COMPUTER ENGINEERING,TFW_Last_Adm,2022,5529
114,"P.P. Savani School of Engineering, P.P. Savani University, Kosamba",COMPUTER ENGINEERING (MACHINE LEARNING & A,TFW_Last_Adm,2022,8495
114,"P.P. Savani School of Engineering, P.P. Savani University, Kosamba",COMPUTER SCIENCE & ENGINEERING,EWS,2022,23423
114,"P.P. Savani School of Engineering, P.P. Savani University, Kosamba",COMPUTER SCIENCE & ENGINEERING,OPEN,2022,18859
114,"P.P. Savani School of Engineering, P.P. Savani University, Kosamba",COMPUTER SCIENCE & ENGINEERING,SC,2022,32675
114,"P.P. Savani School of Engineering, P.P. Savani University, Kosamba",COMPUTER SCIENCE & ENGINEERING,TFW_Last_Adm,2022,6534
114,"P.P. Savani School of Engineering, P.P. Savani University, Kosamba",INFORMATION TECHNOLOGY,EWS,2022,29584
114,"P.P. Savani School of Engineering, P.P. Savani University, Kosamba",INFORMATION TECHNOLOGY,OPEN,2022,23185
114,"P.P. Savani School of Engineering, P.P. Savani University, Kosamba",INFORMATION TECHNOLOGY,TFW_Last_Adm,2022,7017
114,"P.P. Savani School of Engineering, P.P. Savani University, Kosamba",INFORMATION TECHNOLOGY & ENGINEERING,OPEN,2022,33437
114,"P.P. Savani School of Engineering, P.P. Savani University, Kosamba",INFORMATION TECHNOLOGY & ENGINEERING,TFW_Last_Adm,2022,7159
114,"P.P. Savani School of Engineering, P.P. Savani University, Kosamba",PHARMACEUTICAL ENGINEERING,TFW_Last_Adm,2022,21445
115,"Pacific School Of Engineering, Surat",COMPUTER ENGINEERING,EWS,2022,33404
115,"Pacific School Of Engineering, Surat",COMPUTER ENGINEERING,OPEN,2022,24874
115,"Pacific School Of Engineering, Surat",COMPUTER ENGINEERING,TFW_Last_Adm,2022,7847
116,"Pandit Deendayal Energy University ,Gandhinagar",AUTOMOBILE ENGINEERING,OPEN,2022,33491
116,"Pandit Deendayal Energy University ,Gandhinagar",CHEMICAL ENGINEERING,EWS,2022,16383
116,"Pandit Deendayal Energy University ,Gandhinagar",CHEMICAL ENGINEERING,OPEN,2022,13831
116,"Pandit Deendayal Energy University ,Gandhinagar",CHEMICAL ENGINEERING,SC,2022,19730
116,"Pandit Deendayal Energy University ,Gandhinagar",CHEMICAL ENGINEERING,TFW_Last_Adm,2022,3768
116,"Pandit Deendayal Energy University ,Gandhinagar",CIVIL ENGINEERING,OPEN,2022,28822
116,"Pandit Deendayal Energy University ,Gandhinagar",COMPUTER ENGINEERING,DS,2022,5009
116,"Pandit Deendayal Energy University ,Gandhinagar",COMPUTER ENGINEERING,EWS,2022,2179
116,"Pandit Deendayal Energy University ,Gandhinagar",COMPUTER ENGINEERING,OPEN,2022,1665
116,"Pandit Deendayal Energy University ,Gandhinagar",COMPUTER ENGINEERING,SC,2022,6768
116,"Pandit Deendayal Energy University ,Gandhinagar",COMPUTER ENGINEERING,SEBC,2022,4463
116,"Pandit Deendayal Energy University ,Gandhinagar",COMPUTER ENGINEERING,TFW_Last_Adm,2022,648
116,"Pandit Deendayal Energy University ,Gandhinagar",ELECTRICAL ENGINEERING,EWS,2022,27638
116,"Pandit Deendayal Energy University ,Gandhinagar",ELECTRICAL ENGINEERING,OPEN,2022,19544
116,"Pandit Deendayal Energy University ,Gandhinagar",ELECTRICAL ENGINEERING,SC,2022,26034
116,"Pandit Deendayal Energy University ,Gandhinagar",ELECTRICAL ENGINEERING,TFW_Last_Adm,2022,6427
116,"Pandit Deendayal Energy University ,Gandhinagar",ELECTRONICS & COMMUNICATION ENGINEERING,EWS,2022,6054
116,"Pandit Deendayal Energy University ,Gandhinagar",ELECTRONICS & COMMUNICATION ENGINEERING,OPEN,2022,4399
116,"Pandit Deendayal Energy University ,Gandhinagar",ELECTRONICS & COMMUNICATION ENGINEERING,SC,2022,17881
116,"Pandit Deendayal Energy University ,Gandhinagar",ELECTRONICS & COMMUNICATION ENGINEERING,SEBC,2022,15977
116,"Pandit Deendayal Energy University ,Gandhinagar",ELECTRONICS & COMMUNICATION ENGINEERING,TFW_Last_Adm,2022,3263
116,"Pandit Deendayal Energy University ,Gandhinagar",INFORMATION & COMMUNICATION TECHNOLOGY,DS,2022,3173
116,"Pandit Deendayal Energy University ,Gandhinagar",INFORMATION & COMMUNICATION TECHNOLOGY,EWS,2022,2511
116,"Pandit Deendayal Energy University ,Gandhinagar",INFORMATION & COMMUNICATION TECHNOLOGY,OPEN,2022,2194
116,"Pandit Deendayal Energy University ,Gandhinagar",INFORMATION & COMMUNICATION TECHNOLOGY,SC,2022,7277
116,"Pandit Deendayal Energy University ,Gandhinagar",INFORMATION & COMMUNICATION TECHNOLOGY,SEBC,2022,5956
116,"Pandit Deendayal Energy University ,Gandhinagar",INFORMATION & COMMUNICATION TECHNOLOGY,TFW_Last_Adm,2022,847
116,"Pandit Deendayal Energy University ,Gandhinagar",MECHANICAL ENGINEERING,EWS,2022,15921
116,"Pandit Deendayal Energy University ,Gandhinagar",MECHANICAL ENGINEERING,OPEN,2022,12083
116,"Pandit Deendayal Energy University ,Gandhinagar",MECHANICAL ENGINEERING,SC,2022,24921
116,"Pandit Deendayal Energy University ,Gandhinagar",MECHANICAL ENGINEERING,SEBC,2022,33441
116,"Pandit Deendayal Energy University ,Gandhinagar",MECHANICAL ENGINEERING,TFW_Last_Adm,2022,5088
116,"Pandit Deendayal Energy University ,Gandhinagar",PETROCHEMICAL ENGINEERING,EWS,2022,26311
116,"Pandit Deendayal Energy University ,Gandhinagar",PETROCHEMICAL ENGINEERING,OPEN,2022,19545
116,"Pandit Deendayal Energy University ,Gandhinagar",PETROCHEMICAL ENGINEERING,SC,2022,33960
116,"Pandit Deendayal Energy University ,Gandhinagar",PETROCHEMICAL ENGINEERING,TFW_Last_Adm,2022,3648
116,"Pandit Deendayal Energy University ,Gandhinagar",PETROLEUM ENGINEERING,DS,2022,23835
116,"Pandit Deendayal Energy University ,Gandhinagar",PETROLEUM ENGINEERING,EWS,2022,19998
116,"Pandit Deendayal Energy University ,Gandhinagar",PETROLEUM ENGINEERING,OPEN,2022,13795
116,"Pandit Deendayal Energy University ,Gandhinagar",PETROLEUM ENGINEERING,SC,2022,20533
116,"Pandit Deendayal Energy University ,Gandhinagar",PETROLEUM ENGINEERING,TFW_Last_Adm,2022,3104
117,"Parul Institute of Engineering & Technology, Waghodia, Vadodara",AERONAUTICAL ENGINEERING,TFW_Last_Adm,2022,12755
117,"Parul Institute of Engineering & Technology, Waghodia, Vadodara",AIRCRAFT MAINTENANCE ENGINEERING,TFW_Last_Adm,2022,8304
117,"Parul Institute of Engineering & Technology, Waghodia, Vadodara",COMPUTER ENGINEERING,EWS,2022,14715
117,"Parul Institute of Engineering & Technology, Waghodia, Vadodara",COMPUTER ENGINEERING,OPEN,2022,13217
117,"Parul Institute of Engineering & Technology, Waghodia, Vadodara",COMPUTER ENGINEERING,SC,2022,30379
117,"Parul Institute of Engineering & Technology, Waghodia, Vadodara",COMPUTER ENGINEERING,SEBC,2022,32559
117,"Parul Institute of Engineering & Technology, Waghodia, Vadodara",COMPUTER ENGINEERING,TFW_Last_Adm,2022,3513
117,"Parul Institute of Engineering & Technology, Waghodia, Vadodara",COMPUTER ENGINEERING (SOFTWARE ENGINEERIN,TFW_Last_Adm,2022,8402
117,"Parul Institute of Engineering & Technology, Waghodia, Vadodara",COMPUTER SCIENCE & ENGINEERING,EWS,2022,19435
117,"Parul Institute of Engineering & Technology, Waghodia, Vadodara",COMPUTER SCIENCE & ENGINEERING,OPEN,2022,15407
117,"Parul Institute of Engineering & Technology, Waghodia, Vadodara",COMPUTER SCIENCE & ENGINEERING,SC,2022,26619
117,"Parul Institute of Engineering & Technology, Waghodia, Vadodara",COMPUTER SCIENCE & ENGINEERING,TFW_Last_Adm,2022,4744
117,"Parul Institute of Engineering & Technology, Waghodia, Vadodara",COMPUTER SCIENCE & ENGINEERING (ARTIFICIAL IN,TFW_Last_Adm,2022,11517
117,"Parul Institute of Engineering & Technology, Waghodia, Vadodara",COMPUTER SCIENCE & ENGINEERING (ARTIFICIAL IN,TFW_Last_Adm,2022,11277
117,"Parul Institute of Engineering & Technology, Waghodia, Vadodara",COMPUTER SCIENCE & ENGINEERING (BLOCK CHAIN,TFW_Last_Adm,2022,14932
117,"Parul Institute of Engineering & Technology, Waghodia, Vadodara",COMPUTER SCIENCE & ENGINEERING (CLOUD COMP,TFW_Last_Adm,2022,10374
117,"Parul Institute of Engineering & Technology, Waghodia, Vadodara",COMPUTER SCIENCE & ENGINEERING (CYBER SECUR,TFW_Last_Adm,2022,10861
117,"Parul Institute of Engineering & Technology, Waghodia, Vadodara",COMPUTER SCIENCE & ENGINEERING (DATA SCIENC,TFW_Last_Adm,2022,8843
117,"Parul Institute of Engineering & Technology, Waghodia, Vadodara",COMPUTER SCIENCE & ENGINEERING (INTERNET OF,TFW_Last_Adm,2022,13458
117,"Parul Institute of Engineering & Technology, Waghodia, Vadodara",COMPUTER SCIENCE & ENGINEERING (IOT),TFW_Last_Adm,2022,16112
117,"Parul Institute of Engineering & Technology, Waghodia, Vadodara",COMPUTER SCIENCE & ENGINEERING (NETWORKS),TFW_Last_Adm,2022,15754
117,"Parul Institute of Engineering & Technology, Waghodia, Vadodara",COMPUTER SCIENCE & TECHNOLOGY,OPEN,2022,33548
117,"Parul Institute of Engineering & Technology, Waghodia, Vadodara",COMPUTER SCIENCE & TECHNOLOGY,TFW_Last_Adm,2022,8913
117,"Parul Institute of Engineering & Technology, Waghodia, Vadodara",COMPUTER TECHNOLOGY,TFW_Last_Adm,2022,12678
117,"Parul Institute of Engineering & Technology, Waghodia, Vadodara",ELECTRICAL ENGINEERING,TFW_Last_Adm,2022,17740
117,"Parul Institute of Engineering & Technology, Waghodia, Vadodara",INFORMATION TECHNOLOGY,EWS,2022,22345
117,"Parul Institute of Engineering & Technology, Waghodia, Vadodara",INFORMATION TECHNOLOGY,OPEN,2022,17860
117,"Parul Institute of Engineering & Technology, Waghodia, Vadodara",INFORMATION TECHNOLOGY,SC,2022,28646
117,"Parul Institute of Engineering & Technology, Waghodia, Vadodara",INFORMATION TECHNOLOGY,TFW_Last_Adm,2022,6080
117,"Parul Institute of Engineering & Technology, Waghodia, Vadodara",INFORMATION TECHNOLOGY (ARTIFICIAL INTELLIGE,TFW_Last_Adm,2022,12278
117,"Parul Institute of Engineering & Technology, Waghodia, Vadodara",INFORMATION TECHNOLOGY (CYBER SECURITY),TFW_Last_Adm,2022,9453
117,"Parul Institute of Engineering & Technology, Waghodia, Vadodara",MECHANICAL ENGINEERING,TFW_Last_Adm,2022,17145
118,"Parul Institute of Technology, Waghodia, Vadodara",AGRICULTURAL ENGINEERING,OPEN,2022,34211
118,"Parul Institute of Technology, Waghodia, Vadodara",AUTOMOBILE ENGINEERING,TFW_Last_Adm,2022,29627
118,"Parul Institute of Technology, Waghodia, Vadodara",BIOMEDICAL ENGINEERING,EWS,2022,16351
118,"Parul Institute of Technology, Waghodia, Vadodara",BIOMEDICAL ENGINEERING,OPEN,2022,14098
118,"Parul Institute of Technology, Waghodia, Vadodara",BIOMEDICAL ENGINEERING,SC,2022,22203
118,"Parul Institute of Technology, Waghodia, Vadodara",BIOTECHNOLOGY,EWS,2022,10445
118,"Parul Institute of Technology, Waghodia, Vadodara",BIOTECHNOLOGY,OPEN,2022,7383
118,"Parul Institute of Technology, Waghodia, Vadodara",BIOTECHNOLOGY,SC,2022,26342
118,"Parul Institute of Technology, Waghodia, Vadodara",BIOTECHNOLOGY,ST,2022,27360
118,"Parul Institute of Technology, Waghodia, Vadodara",BIOTECHNOLOGY,TFW_Last_Adm,2022,7096
118,"Parul Institute of Technology, Waghodia, Vadodara",CHEMICAL ENGINEERING,OPEN,2022,33344
118,"Parul Institute of Technology, Waghodia, Vadodara",COMPUTER ENGINEERING,EWS,2022,22421
118,"Parul Institute of Technology, Waghodia, Vadodara",COMPUTER ENGINEERING,OPEN,2022,19045
118,"Parul Institute of Technology, Waghodia, Vadodara",COMPUTER ENGINEERING,SC,2022,29282
118,"Parul Institute of Technology, Waghodia, Vadodara",COMPUTER ENGINEERING,SEBC,2022,32842
118,"Parul Institute of Technology, Waghodia, Vadodara",COMPUTER ENGINEERING,TFW_Last_Adm,2022,4583
118,"Parul Institute of Technology, Waghodia, Vadodara",COMPUTER ENGINEERING (SOFTWARE ENGINEERIN,TFW_Last_Adm,2022,9708
118,"Parul Institute of Technology, Waghodia, Vadodara",COMPUTER SCIENCE & ENGINEERING,EWS,2022,30717
118,"Parul Institute of Technology, Waghodia, Vadodara",COMPUTER SCIENCE & ENGINEERING,OPEN,2022,21978
118,"Parul Institute of Technology, Waghodia, Vadodara",COMPUTER SCIENCE & ENGINEERING,SC,2022,30077
118,"Parul Institute of Technology, Waghodia, Vadodara",COMPUTER SCIENCE & ENGINEERING,TFW_Last_Adm,2022,5364
118,"Parul Institute of Technology, Waghodia, Vadodara",COMPUTER SCIENCE & ENGINEERING (ARTIFICIAL IN,TFW_Last_Adm,2022,13386
118,"Parul Institute of Technology, Waghodia, Vadodara",COMPUTER SCIENCE & ENGINEERING (ARTIFICIAL IN,TFW_Last_Adm,2022,13183
118,"Parul Institute of Technology, Waghodia, Vadodara",COMPUTER SCIENCE & ENGINEERING (BLOCK CHAIN,TFW_Last_Adm,2022,16259
118,"Parul Institute of Technology, Waghodia, Vadodara",COMPUTER SCIENCE & ENGINEERING (CLOUD COMP,TFW_Last_Adm,2022,11948
118,"Parul Institute of Technology, Waghodia, Vadodara",COMPUTER SCIENCE & ENGINEERING (DATA SCIENC,TFW_Last_Adm,2022,15193
118,"Parul Institute of Technology, Waghodia, Vadodara",COMPUTER SCIENCE & ENGINEERING (INTERNET OF,TFW_Last_Adm,2022,15901
118,"Parul Institute of Technology, Waghodia, Vadodara",COMPUTER SCIENCE & ENGINEERING (NETWORKS),TFW_Last_Adm,2022,17865
118,"Parul Institute of Technology, Waghodia, Vadodara",COMPUTER SCIENCE & TECHNOLOGY,TFW_Last_Adm,2022,8022
118,"Parul Institute of Technology, Waghodia, Vadodara",COMPUTER TECHNOLOGY,TFW_Last_Adm,2022,14717
118,"Parul Institute of Technology, Waghodia, Vadodara",DAIRY TECHNOLOGY,OPEN,2022,33979
118,"Parul Institute of Technology, Waghodia, Vadodara",DAIRY TECHNOLOGY,TFW_Last_Adm,2022,7738
118,"Parul Institute of Technology, Waghodia, Vadodara",ENVIRONMENTAL ENGINEERING,TFW_Last_Adm,2022,21971
118,"Parul Institute of Technology, Waghodia, Vadodara",FIRE & SAFETY ENGINEERING,TFW_Last_Adm,2022,28615
118,"Parul Institute of Technology, Waghodia, Vadodara",FOOD TECHNOLOGY,OPEN,2022,33266
118,"Parul Institute of Technology, Waghodia, Vadodara",FOOD TECHNOLOGY,TFW_Last_Adm,2022,7473
120,"R.K. University - School of Engineering, Rajkot",COMPUTER ENGINEERING,TFW_Last_Adm,2022,8448
120,"R.K. University - School of Engineering, Rajkot",INFORMATION TECHNOLOGY,OPEN,2022,33214
122,"R.N.G. Patel Institute of Technology-RNGPIT , Bardoli",CIVIL ENGINEERING,OPEN,2022,34504
122,"R.N.G. Patel Institute of Technology-RNGPIT , Bardoli",CIVIL ENGINEERING,TFW_Last_Adm,2022,19825
122,"R.N.G. Patel Institute of Technology-RNGPIT , Bardoli",COMPUTER SCIENCE & ENGINEERING,EWS,2022,12138
122,"R.N.G. Patel Institute of Technology-RNGPIT , Bardoli",COMPUTER SCIENCE & ENGINEERING,OPEN,2022,11377
122,"R.N.G. Patel Institute of Technology-RNGPIT , Bardoli",COMPUTER SCIENCE & ENGINEERING,SC,2022,18241
122,"R.N.G. Patel Institute of Technology-RNGPIT , Bardoli",COMPUTER SCIENCE & ENGINEERING,SEBC,2022,15753
122,"R.N.G. Patel Institute of Technology-RNGPIT , Bardoli",COMPUTER SCIENCE & ENGINEERING,ST,2022,32302
122,"R.N.G. Patel Institute of Technology-RNGPIT , Bardoli",COMPUTER SCIENCE & ENGINEERING,TFW_Last_Adm,2022,5911
123,"Rai School of Engineering, Dholka, Ahmedabad",COMPUTER SCIENCE & ENGINEERING,OPEN,2022,33244
123,"Rai School of Engineering, Dholka, Ahmedabad",CYBER SECURITY,TFW_Last_Adm,2022,15044
124,"S.P.B. Patel Engg. College, (Saffrony), Linch, Mehsana",COMPUTER ENGINEERING,OPEN,2022,24835
124,"S.P.B. Patel Engg. College, (Saffrony), Linch, Mehsana",COMPUTER ENGINEERING,TFW_Last_Adm,2022,6821
124,"S.P.B. Patel Engg. College, (Saffrony), Linch, Mehsana",INFORMATION TECHNOLOGY,OPEN,2022,30071
124,"S.P.B. Patel Engg. College, (Saffrony), Linch, Mehsana",INFORMATION TECHNOLOGY,TFW_Last_Adm,2022,8828
125,S.S.AGRAWAL INSTITUTE OF ENGINEERING & TECHNOLOGY NAVSARI,CIVIL ENGINEERING,OPEN,2022,34248
125,S.S.AGRAWAL INSTITUTE OF ENGINEERING & TECHNOLOGY NAVSARI,COMPUTER ENGINEERING,OPEN,2022,25418
125,S.S.AGRAWAL INSTITUTE OF ENGINEERING & TECHNOLOGY NAVSARI,COMPUTER ENGINEERING,SEBC,2022,29669
125,S.S.AGRAWAL INSTITUTE OF ENGINEERING & TECHNOLOGY NAVSARI,COMPUTER ENGINEERING,ST,2022,33793
125,S.S.AGRAWAL INSTITUTE OF ENGINEERING & TECHNOLOGY NAVSARI,COMPUTER ENGINEERING,TFW_Last_Adm,2022,10375
125,S.S.AGRAWAL INSTITUTE OF ENGINEERING & TECHNOLOGY NAVSARI,ELECTRICAL ENGINEERING,OPEN,2022,34575
125,S.S.AGRAWAL INSTITUTE OF ENGINEERING & TECHNOLOGY NAVSARI,ELECTRICAL ENGINEERING,TFW_Last_Adm,2022,21687
126,"SAL ENGINEERING &TECHNICAL INSTITUTE, SOLA, AHMEDABAD",COMPUTER ENGINEERING,EWS,2022,20893
126,"SAL ENGINEERING &TECHNICAL INSTITUTE, SOLA, AHMEDABAD",COMPUTER ENGINEERING,OPEN,2022,19653
126,"SAL ENGINEERING &TECHNICAL INSTITUTE, SOLA, AHMEDABAD",COMPUTER ENGINEERING,TFW_Last_Adm,2022,6188
126,"SAL ENGINEERING &TECHNICAL INSTITUTE, SOLA, AHMEDABAD",COMPUTER SCIENCE & ENGINEERING,EWS,2022,18294
126,"SAL ENGINEERING &TECHNICAL INSTITUTE, SOLA, AHMEDABAD",COMPUTER SCIENCE & ENGINEERING,OPEN,2022,17376
126,"SAL ENGINEERING &TECHNICAL INSTITUTE, SOLA, AHMEDABAD",INFORMATION & COMMUNICATION TECHNOLOGY,OPEN,2022,33525
126,"SAL ENGINEERING &TECHNICAL INSTITUTE, SOLA, AHMEDABAD",INFORMATION TECHNOLOGY,EWS,2022,15476
126,"SAL ENGINEERING &TECHNICAL INSTITUTE, SOLA, AHMEDABAD",INFORMATION TECHNOLOGY,OPEN,2022,14206
126,"SAL ENGINEERING &TECHNICAL INSTITUTE, SOLA, AHMEDABAD",INFORMATION TECHNOLOGY,SEBC,2022,27762
126,"SAL ENGINEERING &TECHNICAL INSTITUTE, SOLA, AHMEDABAD",INFORMATION TECHNOLOGY,TFW_Last_Adm,2022,5301
127,"SARDAR PATEL COLLEGE OF ENGINEERING, BAKROL ANAND",COMPUTER ENGINEERING,EWS,2022,19600
127,"SARDAR PATEL COLLEGE OF ENGINEERING, BAKROL ANAND",COMPUTER ENGINEERING,OPEN,2022,17131
127,"SARDAR PATEL COLLEGE OF ENGINEERING, BAKROL ANAND",COMPUTER ENGINEERING,SC,2022,31734
127,"SARDAR PATEL COLLEGE OF ENGINEERING, BAKROL ANAND",COMPUTER ENGINEERING,TFW_Last_Adm,2022,5919
127,"SARDAR PATEL COLLEGE OF ENGINEERING, BAKROL ANAND",INFORMATION TECHNOLOGY,OPEN,2022,25224
129,"SCHOOL OF SCIENCE & ENGINEERING., Navrachana University, Vadodara",COMPUTER SCIENCE & ENGINEERING,DS,2022,21794
129,"SCHOOL OF SCIENCE & ENGINEERING., Navrachana University, Vadodara",COMPUTER SCIENCE & ENGINEERING,EWS,2022,24817
129,"SCHOOL OF SCIENCE & ENGINEERING., Navrachana University, Vadodara",COMPUTER SCIENCE & ENGINEERING,OPEN,2022,15448
129,"SCHOOL OF SCIENCE & ENGINEERING., Navrachana University, Vadodara",COMPUTER SCIENCE & ENGINEERING,TFW_Last_Adm,2022,8909
130,"SCHOOL OF TECHNOLOGY, GSFC UNIVERSITY, VADODARA",CHEMICAL ENGINEERING,OPEN,2022,34246
130,"SCHOOL OF TECHNOLOGY, GSFC UNIVERSITY, VADODARA",CHEMICAL ENGINEERING,TFW_Last_Adm,2022,6286
130,"SCHOOL OF TECHNOLOGY, GSFC UNIVERSITY, VADODARA",COMPUTER SCIENCE & ENGINEERING,EWS,2022,19624
130,"SCHOOL OF TECHNOLOGY, GSFC UNIVERSITY, VADODARA",COMPUTER SCIENCE & ENGINEERING,OPEN,2022,12509
130,"SCHOOL OF TECHNOLOGY, GSFC UNIVERSITY, VADODARA",COMPUTER SCIENCE & ENGINEERING,SEBC,2022,27883
130,"SCHOOL OF TECHNOLOGY, GSFC UNIVERSITY, VADODARA",COMPUTER SCIENCE & ENGINEERING,TFW_Last_Adm,2022,6900
131,"SHREE DHANVANTARY COLLEGE OF ENGINEERING & TECHNOLOGY, KIM",CHEMICAL ENGINEERING (GREEN TECHNOLOGY AND,TFW_Last_Adm,2022,26681
131,"SHREE DHANVANTARY COLLEGE OF ENGINEERING & TECHNOLOGY, KIM",COMPUTER SCIENCE & ENGINEERING (ARTIFICIAL IN,TFW_Last_Adm,2022,12217
131,"SHREE DHANVANTARY COLLEGE OF ENGINEERING & TECHNOLOGY, KIM",COMPUTER SCIENCE & ENGINEERING (INTERNET OF,TFW_Last_Adm,2022,15749
133,"SHREE SWAMINARAYAN INSTITUTE OF TECHNOLOGY, BHAT, GANDHINAGAR",COMPUTER ENGINEERING,OPEN,2022,26205
133,"SHREE SWAMINARAYAN INSTITUTE OF TECHNOLOGY, BHAT, GANDHINAGAR",COMPUTER ENGINEERING,TFW_Last_Adm,2022,9286
133,"SHREE SWAMINARAYAN INSTITUTE OF TECHNOLOGY, BHAT, GANDHINAGAR",INFORMATION TECHNOLOGY,EWS,2022,28017
133,"SHREE SWAMINARAYAN INSTITUTE OF TECHNOLOGY, BHAT, GANDHINAGAR",INFORMATION TECHNOLOGY,OPEN,2022,26628
133,"SHREE SWAMINARAYAN INSTITUTE OF TECHNOLOGY, BHAT, GANDHINAGAR",INFORMATION TECHNOLOGY,TFW_Last_Adm,2022,8624
134,"Sal College Of Engineering , Ahmedabad",COMPUTER ENGINEERING,EWS,2022,23159
134,"Sal College Of Engineering , Ahmedabad",COMPUTER ENGINEERING,OPEN,2022,19802
134,"Sal College Of Engineering , Ahmedabad",COMPUTER ENGINEERING,SC,2022,31929
134,"Sal College Of Engineering , Ahmedabad",INFORMATION & COMMUNICATION TECHNOLOGY,OPEN,2022,34352
134,"Sal College Of Engineering , Ahmedabad",INFORMATION TECHNOLOGY,EWS,2022,23303
134,"Sal College Of Engineering , Ahmedabad",INFORMATION TECHNOLOGY,OPEN,2022,20174
134,"Sal College Of Engineering , Ahmedabad",INFORMATION TECHNOLOGY,SC,2022,29842
135,"Sal Institute Of Tech. & Engg. Research, Ahmedabad",COMPUTER ENGINEERING,EWS,2022,17001
135,"Sal Institute Of Tech. & Engg. Research, Ahmedabad",COMPUTER ENGINEERING,OPEN,2022,14802
135,"Sal Institute Of Tech. & Engg. Research, Ahmedabad",COMPUTER ENGINEERING,SC,2022,33882
135,"Sal Institute Of Tech. & Engg. Research, Ahmedabad",COMPUTER ENGINEERING,SEBC,2022,30992
135,"Sal Institute Of Tech. & Engg. Research, Ahmedabad",COMPUTER ENGINEERING,TFW_Last_Adm,2022,6613
135,"Sal Institute Of Tech. & Engg. Research, Ahmedabad",COMPUTER SCIENCE & ENGINEERING,DS,2022,30813
135,"Sal Institute Of Tech. & Engg. Research, Ahmedabad",COMPUTER SCIENCE & ENGINEERING,EWS,2022,15077
135,"Sal Institute Of Tech. & Engg. Research, Ahmedabad",COMPUTER SCIENCE & ENGINEERING,OPEN,2022,14881
135,"Sal Institute Of Tech. & Engg. Research, Ahmedabad",COMPUTER SCIENCE & ENGINEERING,TFW_Last_Adm,2022,5766
135,"Sal Institute Of Tech. & Engg. Research, Ahmedabad",INFORMATION & COMMUNICATION TECHNOLOGY,OPEN,2022,34511
136,"Sankalchand Patel College Of Engg., Visnagar",COMPUTER ENGINEERING,OPEN,2022,27029
136,"Sankalchand Patel College Of Engg., Visnagar",COMPUTER ENGINEERING,TFW_Last_Adm,2022,8837
136,"Sankalchand Patel College Of Engg., Visnagar",INFORMATION TECHNOLOGY,OPEN,2022,34445
137,"Sardar Vallabhbhai Patel Institute Of Tech.,Vasad",AERONAUTICAL ENGINEERING,OPEN,2022,25872
137,"Sardar Vallabhbhai Patel Institute Of Tech.,Vasad",AERONAUTICAL ENGINEERING,TFW_Last_Adm,2022,6773
137,"Sardar Vallabhbhai Patel Institute Of Tech.,Vasad",COMPUTER ENGINEERING,DS,2022,8831
137,"Sardar Vallabhbhai Patel Institute Of Tech.,Vasad",COMPUTER ENGINEERING,EWS,2022,5877
137,"Sardar Vallabhbhai Patel Institute Of Tech.,Vasad",COMPUTER ENGINEERING,OPEN,2022,4933
137,"Sardar Vallabhbhai Patel Institute Of Tech.,Vasad",COMPUTER ENGINEERING,SC,2022,10933
137,"Sardar Vallabhbhai Patel Institute Of Tech.,Vasad",COMPUTER ENGINEERING,SEBC,2022,9544
137,"Sardar Vallabhbhai Patel Institute Of Tech.,Vasad",COMPUTER ENGINEERING,TFW_Last_Adm,2022,2512
137,"Sardar Vallabhbhai Patel Institute Of Tech.,Vasad",ELECTRONICS & COMMUNICATION ENGINEERING,TFW_Last_Adm,2022,14408
137,"Sardar Vallabhbhai Patel Institute Of Tech.,Vasad",INFORMATION TECHNOLOGY,DS,2022,15311
137,"Sardar Vallabhbhai Patel Institute Of Tech.,Vasad",INFORMATION TECHNOLOGY,EWS,2022,7776
137,"Sardar Vallabhbhai Patel Institute Of Tech.,Vasad",INFORMATION TECHNOLOGY,OPEN,2022,7132
137,"Sardar Vallabhbhai Patel Institute Of Tech.,Vasad",INFORMATION TECHNOLOGY,SC,2022,17901
137,"Sardar Vallabhbhai Patel Institute Of Tech.,Vasad",INFORMATION TECHNOLOGY,SEBC,2022,12027
137,"Sardar Vallabhbhai Patel Institute Of Tech.,Vasad",INFORMATION TECHNOLOGY,TFW_Last_Adm,2022,3350
137,"Sardar Vallabhbhai Patel Institute Of Tech.,Vasad",MECHANICAL ENGINEERING,OPEN,2022,33773
137,"Sardar Vallabhbhai Patel Institute Of Tech.,Vasad",MECHANICAL ENGINEERING,TFW_Last_Adm,2022,15305
138,"Sarvajanik College Of Engg. & Tech. , Surat",ARTIFICIAL INTELLIGENCE AND DATA SCIENCE,EWS,2022,9000
138,"Sarvajanik College Of Engg. & Tech. , Surat",ARTIFICIAL INTELLIGENCE AND DATA SCIENCE,OPEN,2022,7595
138,"Sarvajanik College Of Engg. & Tech. , Surat",ARTIFICIAL INTELLIGENCE AND DATA SCIENCE,SEBC,2022,15243
138,"Sarvajanik College Of Engg. & Tech. , Surat",ARTIFICIAL INTELLIGENCE AND DATA SCIENCE,TFW_Last_Adm,2022,3639
138,"Sarvajanik College Of Engg. & Tech. , Surat",CHEMICAL ENGINEERING,OPEN,2022,33944
138,"Sarvajanik College Of Engg. & Tech. , Surat",CHEMICAL ENGINEERING,TFW_Last_Adm,2022,6359
138,"Sarvajanik College Of Engg. & Tech. , Surat",CIVIL ENGINEERING,OPEN,2022,32206
138,"Sarvajanik College Of Engg. & Tech. , Surat",CIVIL ENGINEERING,TFW_Last_Adm,2022,9328
138,"Sarvajanik College Of Engg. & Tech. , Surat",COMPUTER ENGINEERING,DS,2022,14214
138,"Sarvajanik College Of Engg. & Tech. , Surat",COMPUTER ENGINEERING,EWS,2022,3370
138,"Sarvajanik College Of Engg. & Tech. , Surat",COMPUTER ENGINEERING,OPEN,2022,3026
138,"Sarvajanik College Of Engg. & Tech. , Surat",COMPUTER ENGINEERING,SC,2022,17234
138,"Sarvajanik College Of Engg. & Tech. , Surat",COMPUTER ENGINEERING,SEBC,2022,6256
138,"Sarvajanik College Of Engg. & Tech. , Surat",COMPUTER ENGINEERING,TFW_Last_Adm,2022,1587
138,"Sarvajanik College Of Engg. & Tech. , Surat",ELECTRICAL ENGINEERING,OPEN,2022,34388
138,"Sarvajanik College Of Engg. & Tech. , Surat",ELECTRONICS & COMMUNICATION ENGINEERING,OPEN,2022,33105
138,"Sarvajanik College Of Engg. & Tech. , Surat",ELECTRONICS & COMMUNICATION ENGINEERING,TFW_Last_Adm,2022,5562
138,"Sarvajanik College Of Engg. & Tech. , Surat",INFORMATION TECHNOLOGY,EWS,2022,3856
138,"Sarvajanik College Of Engg. & Tech. , Surat",INFORMATION TECHNOLOGY,OPEN,2022,3688
138,"Sarvajanik College Of Engg. & Tech. , Surat",INFORMATION TECHNOLOGY,SC,2022,13019
138,"Sarvajanik College Of Engg. & Tech. , Surat",INFORMATION TECHNOLOGY,SEBC,2022,7432
138,"Sarvajanik College Of Engg. & Tech. , Surat",INFORMATION TECHNOLOGY,TFW_Last_Adm,2022,1652
138,"Sarvajanik College Of Engg. & Tech. , Surat",INSTRUMENTATION & CONTROL ENGINEERING,OPEN,2022,33860
138,"Sarvajanik College Of Engg. & Tech. , Surat",INSTRUMENTATION & CONTROL ENGINEERING,TFW_Last_Adm,2022,15746
138,"Sarvajanik College Of Engg. & Tech. , Surat",MECHANICAL ENGINEERING,OPEN,2022,32757
138,"Sarvajanik College Of Engg. & Tech. , Surat",MECHANICAL ENGINEERING,TFW_Last_Adm,2022,6629
139,"School of Engg. and Applied Science, Ahmedabad University, Ahmedabad",CHEMICAL ENGINEERING,OPEN,2022,21467
139,"School of Engg. and Applied Science, Ahmedabad University, Ahmedabad",COMPUTER SCIENCE & ENGINEERING,DS,2022,8523
139,"School of Engg. and Applied Science, Ahmedabad University, Ahmedabad",COMPUTER SCIENCE & ENGINEERING,EWS,2022,1260
139,"School of Engg. and Applied Science, Ahmedabad University, Ahmedabad",COMPUTER SCIENCE & ENGINEERING,OPEN,2022,1134
139,"School of Engg. and Applied Science, Ahmedabad University, Ahmedabad",COMPUTER SCIENCE & ENGINEERING,SC,2022,8545
139,"School of Engg. and Applied Science, Ahmedabad University, Ahmedabad",COMPUTER SCIENCE & ENGINEERING,SEBC,2022,2508
139,"School of Engg. and Applied Science, Ahmedabad University, Ahmedabad",COMPUTER SCIENCE & ENGINEERING,TFW_Last_Adm,2022,699
139,"School of Engg. and Applied Science, Ahmedabad University, Ahmedabad",MECHANICAL ENGINEERING,OPEN,2022,14795
139,"School of Engg. and Applied Science, Ahmedabad University, Ahmedabad",MECHANICAL ENGINEERING,TFW_Last_Adm,2022,10543
140,"School of Engineering - Indrashil University, Kadi",CHEMICAL & BIOCHEMICAL ENGINEERING,OPEN,2022,33431
140,"School of Engineering - Indrashil University, Kadi",COMPUTER SCIENCE & ENGINEERING,OPEN,2022,34292
142,"Shankersinh Vaghela Bapu Institute Of Tech., Unava, Gandhinagar",COMPUTER ENGINEERING,OPEN,2022,33296
142,"Shankersinh Vaghela Bapu Institute Of Tech., Unava, Gandhinagar",COMPUTER ENGINEERING,TFW_Last_Adm,2022,9089
142,"Shankersinh Vaghela Bapu Institute Of Tech., Unava, Gandhinagar",INFORMATION TECHNOLOGY,OPEN,2022,33596
143,"Shantilal Shah Engineering College ,Bhavnagar",CIVIL ENGINEERING,AI-OP,2022,1013302
143,"Shantilal Shah Engineering College ,Bhavnagar",CIVIL ENGINEERING,OPEN,2022,34421
143,"Shantilal Shah Engineering College ,Bhavnagar",ELECTRICAL ENGINEERING,AI-OP,2022,1008888
143,"Shantilal Shah Engineering College ,Bhavnagar",ELECTRICAL ENGINEERING,OPEN,2022,34552
143,"Shantilal Shah Engineering College ,Bhavnagar",ELECTRICAL ENGINEERING,TFW_Last_Adm,2022,16509
143,"Shantilal Shah Engineering College ,Bhavnagar",INFORMATION TECHNOLOGY,AI-OP,2022,1001718
143,"Shantilal Shah Engineering College ,Bhavnagar",INFORMATION TECHNOLOGY,DS,2022,24976
143,"Shantilal Shah Engineering College ,Bhavnagar",INFORMATION TECHNOLOGY,EWS,2022,10854
143,"Shantilal Shah Engineering College ,Bhavnagar",INFORMATION TECHNOLOGY,OPEN,2022,9446
143,"Shantilal Shah Engineering College ,Bhavnagar",INFORMATION TECHNOLOGY,SC,2022,28753
143,"Shantilal Shah Engineering College ,Bhavnagar",INFORMATION TECHNOLOGY,SEBC,2022,13140
143,"Shantilal Shah Engineering College ,Bhavnagar",INFORMATION TECHNOLOGY,TFW_Last_Adm,2022,5439
143,"Shantilal Shah Engineering College ,Bhavnagar",INSTRUMENTATION & CONTROL ENGINEERING,AI-OP,2022,1022544
143,"Shantilal Shah Engineering College ,Bhavnagar",MECHANICAL ENGINEERING,AI-OP,2022,1014214
144,"Shree Pandit Nathulalji Vyas Technical Campus, Wadhawan",COMPUTER ENGINEERING,TFW_Last_Adm,2022,17241
144,"Shree Pandit Nathulalji Vyas Technical Campus, Wadhawan",INFORMATION TECHNOLOGY,TFW_Last_Adm,2022,18702
145,"Shri Labhubhai Trivedi Institute Of Engineering And Technology, Rajkot",COMPUTER SCIENCE & ENGINEERING,OPEN,2022,33784
145,"Shri Labhubhai Trivedi Institute Of Engineering And Technology, Rajkot",COMPUTER SCIENCE & ENGINEERING,TFW_Last_Adm,2022,9681
146,"Shri Sadvidhya Mandal Institute Of Tech., Bharuch",CHEMICAL ENGINEERING,OPEN,2022,34375
146,"Shri Sadvidhya Mandal Institute Of Tech., Bharuch",COMPUTER SCIENCE & ENGINEERING,OPEN,2022,27495
146,"Shri Sadvidhya Mandal Institute Of Tech., Bharuch",COMPUTER SCIENCE & ENGINEERING,SC,2022,33184
146,"Shri Sadvidhya Mandal Institute Of Tech., Bharuch",COMPUTER SCIENCE & ENGINEERING,TFW_Last_Adm,2022,5953
146,"Shri Sadvidhya Mandal Institute Of Tech., Bharuch",INFORMATION TECHNOLOGY,OPEN,2022,34249
147,"Shri Sitaram N Patel Inst. Of Tech. & Res. (Vidhyabharti Trust), Umrakh",CHEMICAL ENGINEERING,OPEN,2022,34209
147,"Shri Sitaram N Patel Inst. Of Tech. & Res. (Vidhyabharti Trust), Umrakh",CHEMICAL ENGINEERING,TFW_Last_Adm,2022,16743
147,"Shri Sitaram N Patel Inst. Of Tech. & Res. (Vidhyabharti Trust), Umrakh",CIVIL ENGINEERING,OPEN,2022,34551
147,"Shri Sitaram N Patel Inst. Of Tech. & Res. (Vidhyabharti Trust), Umrakh",CIVIL ENGINEERING,TFW_Last_Adm,2022,34342
147,"Shri Sitaram N Patel Inst. Of Tech. & Res. (Vidhyabharti Trust), Umrakh",COMPUTER SCIENCE & ENGINEERING,EWS,2022,22286
147,"Shri Sitaram N Patel Inst. Of Tech. & Res. (Vidhyabharti Trust), Umrakh",COMPUTER SCIENCE & ENGINEERING,OPEN,2022,19453
147,"Shri Sitaram N Patel Inst. Of Tech. & Res. (Vidhyabharti Trust), Umrakh",COMPUTER SCIENCE & ENGINEERING,SEBC,2022,32517
147,"Shri Sitaram N Patel Inst. Of Tech. & Res. (Vidhyabharti Trust), Umrakh",COMPUTER SCIENCE & ENGINEERING,ST,2022,33005
147,"Shri Sitaram N Patel Inst. Of Tech. & Res. (Vidhyabharti Trust), Umrakh",COMPUTER SCIENCE & ENGINEERING,TFW_Last_Adm,2022,7011
147,"Shri Sitaram N Patel Inst. Of Tech. & Res. (Vidhyabharti Trust), Umrakh",ELECTRICAL ENGINEERING,OPEN,2022,34582
148,"Shri Swami Atmanand Saraswati Institute Of Tech., Surat",COMPUTER ENGINEERING,EWS,2022,7544
148,"Shri Swami Atmanand Saraswati Institute Of Tech., Surat",COMPUTER ENGINEERING,OPEN,2022,7147
148,"Shri Swami Atmanand Saraswati Institute Of Tech., Surat",COMPUTER ENGINEERING,SC,2022,30840
148,"Shri Swami Atmanand Saraswati Institute Of Tech., Surat",COMPUTER ENGINEERING,SEBC,2022,18363
148,"Shri Swami Atmanand Saraswati Institute Of Tech., Surat",COMPUTER ENGINEERING,TFW_Last_Adm,2022,2721
148,"Shri Swami Atmanand Saraswati Institute Of Tech., Surat",ELECTRONICS & COMMUNICATION ENGINEERING,TFW_Last_Adm,2022,16808
149,"Shroff S.R.Rotary Inst. Of Chemical Technology, Vatatia,Bharuch",CHEMICAL ENGINEERING,EWS,2022,32602
149,"Shroff S.R.Rotary Inst. Of Chemical Technology, Vatatia,Bharuch",CHEMICAL ENGINEERING,OPEN,2022,19781
149,"Shroff S.R.Rotary Inst. Of Chemical Technology, Vatatia,Bharuch",CHEMICAL ENGINEERING,SEBC,2022,25508
149,"Shroff S.R.Rotary Inst. Of Chemical Technology, Vatatia,Bharuch",CHEMICAL ENGINEERING,ST,2022,31348
149,"Shroff S.R.Rotary Inst. Of Chemical Technology, Vatatia,Bharuch",CHEMICAL ENGINEERING,TFW_Last_Adm,2022,12883
149,"Shroff S.R.Rotary Inst. Of Chemical Technology, Vatatia,Bharuch",CHEMICAL TECHNOLOGY,OPEN,2022,32903
149,"Shroff S.R.Rotary Inst. Of Chemical Technology, Vatatia,Bharuch",COMPUTER ENGINEERING,OPEN,2022,34080
149,"Shroff S.R.Rotary Inst. Of Chemical Technology, Vatatia,Bharuch",COMPUTER ENGINEERING,TFW_Last_Adm,2022,11524
149,"Shroff S.R.Rotary Inst. Of Chemical Technology, Vatatia,Bharuch",ELECTRICAL ENGINEERING,OPEN,2022,32765
150,"Sigma Institute Of Engg., Bakrol",COMPUTER ENGINEERING,OPEN,2022,34505
150,"Sigma Institute Of Engg., Bakrol",INFORMATION TECHNOLOGY,OPEN,2022,34287
151,"Silver Oak College Of Engg., & Tech. (WITHIN AMHEDABAD MUNICIPAL CORPORATION LIMIT), Ahmedabad",COMPUTER ENGINEERING,OPEN,2022,34584
151,"Silver Oak College Of Engg., & Tech. (WITHIN AMHEDABAD MUNICIPAL CORPORATION LIMIT), Ahmedabad",COMPUTER ENGINEERING,TFW_Last_Adm,2022,7546
151,"Silver Oak College Of Engg., & Tech. (WITHIN AMHEDABAD MUNICIPAL CORPORATION LIMIT), Ahmedabad",COMPUTER ENGINEERING (ARTIFICIAL INTELLIGENC,TFW_Last_Adm,2022,8995
151,"Silver Oak College Of Engg., & Tech. (WITHIN AMHEDABAD MUNICIPAL CORPORATION LIMIT), Ahmedabad",COMPUTER SCIENCE & BIOSCIENCES,TFW_Last_Adm,2022,11989
151,"Silver Oak College Of Engg., & Tech. (WITHIN AMHEDABAD MUNICIPAL CORPORATION LIMIT), Ahmedabad",COMPUTER SCIENCE & ENGINEERING (CYBER SECUR,TFW_Last_Adm,2022,9798
151,"Silver Oak College Of Engg., & Tech. (WITHIN AMHEDABAD MUNICIPAL CORPORATION LIMIT), Ahmedabad",INFORMATION TECHNOLOGY,OPEN,2022,34221
151,"Silver Oak College Of Engg., & Tech. (WITHIN AMHEDABAD MUNICIPAL CORPORATION LIMIT), Ahmedabad",INFORMATION TECHNOLOGY,TFW_Last_Adm,2022,8127
152,"Smt. S.R. Patel Engg. College, Dabhi, Unjha",COMPUTER ENGINEERING,OPEN,2022,32678
152,"Smt. S.R. Patel Engg. College, Dabhi, Unjha",COMPUTER ENGINEERING,TFW_Last_Adm,2022,10154
154,Swarrnim Institute of Technology,CYBER SECURITY,TFW_Last_Adm,2022,15209
156,"Unitedworld School of Computational Intelligence, Uvarsad, Gandhinagar",COMPUTER SCIENCE & ENGINEERING,DS,2022,19203
156,"Unitedworld School of Computational Intelligence, Uvarsad, Gandhinagar",COMPUTER SCIENCE & ENGINEERING,EWS,2022,18726
156,"Unitedworld School of Computational Intelligence, Uvarsad, Gandhinagar",COMPUTER SCIENCE & ENGINEERING,OPEN,2022,13705
156,"Unitedworld School of Computational Intelligence, Uvarsad, Gandhinagar",COMPUTER SCIENCE & ENGINEERING,SC,2022,28095
156,"Unitedworld School of Computational Intelligence, Uvarsad, Gandhinagar",COMPUTER SCIENCE & ENGINEERING,TFW_Last_Adm,2022,6159
156,"Unitedworld School of Computational Intelligence, Uvarsad, Gandhinagar",COMPUTER SCIENCE & ENGINEERING (ARTIFICIAL IN,TFW_Last_Adm,2022,8412
157,"V.V.P. Engineering College, Rajkot",COMPUTER ENGINEERING,DS,2022,33374
157,"V.V.P. Engineering College, Rajkot",COMPUTER ENGINEERING,EWS,2022,5404
157,"V.V.P. Engineering College, Rajkot",COMPUTER ENGINEERING,OPEN,2022,4544
157,"V.V.P. Engineering College, Rajkot",COMPUTER ENGINEERING,SC,2022,17120
157,"V.V.P. Engineering College, Rajkot",COMPUTER ENGINEERING,SEBC,2022,11147
157,"V.V.P. Engineering College, Rajkot",COMPUTER ENGINEERING,TFW_Last_Adm,2022,577
157,"V.V.P. Engineering College, Rajkot",ELECTRONICS & COMMUNICATION ENGINEERING,TFW_Last_Adm,2022,8715
157,"V.V.P. Engineering College, Rajkot",INFORMATION TECHNOLOGY,EWS,2022,8160
157,"V.V.P. Engineering College, Rajkot",INFORMATION TECHNOLOGY,OPEN,2022,7695
157,"V.V.P. Engineering College, Rajkot",INFORMATION TECHNOLOGY,SC,2022,26827
157,"V.V.P. Engineering College, Rajkot",INFORMATION TECHNOLOGY,SEBC,2022,15619
157,"V.V.P. Engineering College, Rajkot",INFORMATION TECHNOLOGY,TFW_Last_Adm,2022,1566
157,"V.V.P. Engineering College, Rajkot",MECHANICAL ENGINEERING,TFW_Last_Adm,2022,9728
160,"Vadodara Institute of Engineering, Kotambi, Waghodiya, Vadodara",COMPUTER ENGINEERING,OPEN,2022,34494
160,"Vadodara Institute of Engineering, Kotambi, Waghodiya, Vadodara",INFORMATION TECHNOLOGY,OPEN,2022,34416
161,"Vidhyadeep Institute of Engineering & Technology, Anita(Kim), Surat",COMPUTER ENGINEERING,OPEN,2022,34400
162,"Vidush Somany Institute Of Tech. & Res., Kadi",COMPUTER ENGINEERING,OPEN,2022,33922
162,"Vidush Somany Institute Of Tech. & Res., Kadi",COMPUTER ENGINEERING,TFW_Last_Adm,2022,9072
162,"Vidush Somany Institute Of Tech. & Res., Kadi",COMPUTER SCIENCE & ENGINEERING,OPEN,2022,33590
162,"Vidush Somany Institute Of Tech. & Res., Kadi",COMPUTER SCIENCE & ENGINEERING,TFW_Last_Adm,2022,7922
162,"Vidush Somany Institute Of Tech. & Res., Kadi",INFORMATION TECHNOLOGY,OPEN,2022,33413
162,"Vidush Somany Institute Of Tech. & Res., Kadi",INFORMATION TECHNOLOGY,TFW_Last_Adm,2022,10059
164,"Vishwakarma Government Engineering College, Chandkheda,Gandhinagar",CHEMICAL ENGINEERING,AI-OP,2022,1000650
164,"Vishwakarma Government Engineering College, Chandkheda,Gandhinagar",CHEMICAL ENGINEERING,AI_Rank,2022,1002130
164,"Vishwakarma Government Engineering College, Chandkheda,Gandhinagar",CHEMICAL ENGINEERING,DS,2022,14171
164,"Vishwakarma Government Engineering College, Chandkheda,Gandhinagar",CHEMICAL ENGINEERING,EWS,2022,9904
164,"Vishwakarma Government Engineering College, Chandkheda,Gandhinagar",CHEMICAL ENGINEERING,OPEN,2022,7649
164,"Vishwakarma Government Engineering College, Chandkheda,Gandhinagar",CHEMICAL ENGINEERING,SC,2022,18489
164,"Vishwakarma Government Engineering College, Chandkheda,Gandhinagar",CHEMICAL ENGINEERING,SEBC,2022,11450
164,"Vishwakarma Government Engineering College, Chandkheda,Gandhinagar",CHEMICAL ENGINEERING,TFW_Last_Adm,2022,4082
164,"Vishwakarma Government Engineering College, Chandkheda,Gandhinagar",CIVIL ENGINEERING,AI-OP,2022,1002010
164,"Vishwakarma Government Engineering College, Chandkheda,Gandhinagar",CIVIL ENGINEERING,DS,2022,21161
164,"Vishwakarma Government Engineering College, Chandkheda,Gandhinagar",CIVIL ENGINEERING,EWS,2022,12309
164,"Vishwakarma Government Engineering College, Chandkheda,Gandhinagar",CIVIL ENGINEERING,OPEN,2022,9773
164,"Vishwakarma Government Engineering College, Chandkheda,Gandhinagar",CIVIL ENGINEERING,SC,2022,17160
164,"Vishwakarma Government Engineering College, Chandkheda,Gandhinagar",CIVIL ENGINEERING,SEBC,2022,13461
164,"Vishwakarma Government Engineering College, Chandkheda,Gandhinagar",CIVIL ENGINEERING,ST,2022,19452
164,"Vishwakarma Government Engineering College, Chandkheda,Gandhinagar",CIVIL ENGINEERING,TFW_Last_Adm,2022,8260
164,"Vishwakarma Government Engineering College, Chandkheda,Gandhinagar",COMPUTER ENGINEERING,AI-OP,2022,1000147
164,"Vishwakarma Government Engineering College, Chandkheda,Gandhinagar",COMPUTER ENGINEERING,DS,2022,2184
164,"Vishwakarma Government Engineering College, Chandkheda,Gandhinagar",COMPUTER ENGINEERING,EWS,2022,1243
164,"Vishwakarma Government Engineering College, Chandkheda,Gandhinagar",COMPUTER ENGINEERING,OPEN,2022,1111
164,"Vishwakarma Government Engineering College, Chandkheda,Gandhinagar",COMPUTER ENGINEERING,SC,2022,5522
164,"Vishwakarma Government Engineering College, Chandkheda,Gandhinagar",COMPUTER ENGINEERING,SEBC,2022,2146
164,"Vishwakarma Government Engineering College, Chandkheda,Gandhinagar",COMPUTER ENGINEERING,ST,2022,26799
164,"Vishwakarma Government Engineering College, Chandkheda,Gandhinagar",COMPUTER ENGINEERING,TFW_Last_Adm,2022,871
164,"Vishwakarma Government Engineering College, Chandkheda,Gandhinagar",ELECTRICAL ENGINEERING,AI-OP,2022,1001952
164,"Vishwakarma Government Engineering College, Chandkheda,Gandhinagar",ELECTRICAL ENGINEERING,AI_Rank,2022,1001753
164,"Vishwakarma Government Engineering College, Chandkheda,Gandhinagar",ELECTRICAL ENGINEERING,DS,2022,19953
164,"Vishwakarma Government Engineering College, Chandkheda,Gandhinagar",ELECTRICAL ENGINEERING,EWS,2022,13535
164,"Vishwakarma Government Engineering College, Chandkheda,Gandhinagar",ELECTRICAL ENGINEERING,OPEN,2022,11754
164,"Vishwakarma Government Engineering College, Chandkheda,Gandhinagar",ELECTRICAL ENGINEERING,SC,2022,22021
164,"Vishwakarma Government Engineering College, Chandkheda,Gandhinagar",ELECTRICAL ENGINEERING,SEBC,2022,16852
164,"Vishwakarma Government Engineering College, Chandkheda,Gandhinagar",ELECTRICAL ENGINEERING,ST,2022,27941
164,"Vishwakarma Government Engineering College, Chandkheda,Gandhinagar",ELECTRICAL ENGINEERING,TFW_Last_Adm,2022,8553
164,"Vishwakarma Government Engineering College, Chandkheda,Gandhinagar",ELECTRONICS & COMMUNICATION ENGINEERING,AI-OP,2022,1000558
164,"Vishwakarma Government Engineering College, Chandkheda,Gandhinagar",ELECTRONICS & COMMUNICATION ENGINEERING,DS,2022,12231
164,"Vishwakarma Government Engineering College, Chandkheda,Gandhinagar",ELECTRONICS & COMMUNICATION ENGINEERING,EWS,2022,8435
164,"Vishwakarma Government Engineering College, Chandkheda,Gandhinagar",ELECTRONICS & COMMUNICATION ENGINEERING,OPEN,2022,7730
164,"Vishwakarma Government Engineering College, Chandkheda,Gandhinagar",ELECTRONICS & COMMUNICATION ENGINEERING,SC,2022,23883
164,"Vishwakarma Government Engineering College, Chandkheda,Gandhinagar",ELECTRONICS & COMMUNICATION ENGINEERING,SEBC,2022,15090
164,"Vishwakarma Government Engineering College, Chandkheda,Gandhinagar",ELECTRONICS & COMMUNICATION ENGINEERING,TFW_Last_Adm,2022,5437
164,"Vishwakarma Government Engineering College, Chandkheda,Gandhinagar",INFORMATION TECHNOLOGY,AI-OP,2022,1000210
164,"Vishwakarma Government Engineering College, Chandkheda,Gandhinagar",INFORMATION TECHNOLOGY,DS,2022,2789
164,"Vishwakarma Government Engineering College, Chandkheda,Gandhinagar",INFORMATION TECHNOLOGY,EWS,2022,1406
164,"Vishwakarma Government Engineering College, Chandkheda,Gandhinagar",INFORMATION TECHNOLOGY,OPEN,2022,1371
164,"Vishwakarma Government Engineering College, Chandkheda,Gandhinagar",INFORMATION TECHNOLOGY,SC,2022,6187
164,"Vishwakarma Government Engineering College, Chandkheda,Gandhinagar",INFORMATION TECHNOLOGY,SEBC,2022,2422
164,"Vishwakarma Government Engineering College, Chandkheda,Gandhinagar",INFORMATION TECHNOLOGY,ST,2022,24658
164,"Vishwakarma Government Engineering College, Chandkheda,Gandhinagar",INFORMATION TECHNOLOGY,TFW_Last_Adm,2022,1101
164,"Vishwakarma Government Engineering College, Chandkheda,Gandhinagar",INSTRUMENTATION & CONTROL ENGINEERING,AI-OP,2022,1002310
164,"Vishwakarma Government Engineering College, Chandkheda,Gandhinagar",INSTRUMENTATION & CONTROL ENGINEERING,EWS,2022,22792
164,"Vishwakarma Government Engineering College, Chandkheda,Gandhinagar",INSTRUMENTATION & CONTROL ENGINEERING,OPEN,2022,18950
164,"Vishwakarma Government Engineering College, Chandkheda,Gandhinagar",INSTRUMENTATION & CONTROL ENGINEERING,SEBC,2022,26479
164,"Vishwakarma Government Engineering College, Chandkheda,Gandhinagar",INSTRUMENTATION & CONTROL ENGINEERING,TFW_Last_Adm,2022,12416
164,"Vishwakarma Government Engineering College, Chandkheda,Gandhinagar",MECHANICAL ENGINEERING,AI-OP,2022,1000774
164,"Vishwakarma Government Engineering College, Chandkheda,Gandhinagar",MECHANICAL ENGINEERING,DS,2022,16425
164,"Vishwakarma Government Engineering College, Chandkheda,Gandhinagar",MECHANICAL ENGINEERING,EWS,2022,8869
164,"Vishwakarma Government Engineering College, Chandkheda,Gandhinagar",MECHANICAL ENGINEERING,OPEN,2022,7900
164,"Vishwakarma Government Engineering College, Chandkheda,Gandhinagar",MECHANICAL ENGINEERING,SC,2022,17393
164,"Vishwakarma Government Engineering College, Chandkheda,Gandhinagar",MECHANICAL ENGINEERING,SEBC,2022,13859
164,"Vishwakarma Government Engineering College, Chandkheda,Gandhinagar",MECHANICAL ENGINEERING,ST,2022,32846
164,"Vishwakarma Government Engineering College, Chandkheda,Gandhinagar",MECHANICAL ENGINEERING,TFW_Last_Adm,2022,6241
164,"Vishwakarma Government Engineering College, Chandkheda,Gandhinagar",POWER ELECTRONICS,AI-OP,2022,1003236
164,"Vishwakarma Government Engineering College, Chandkheda,Gandhinagar",POWER ELECTRONICS,OPEN,2022,32209
164,"Vishwakarma Government Engineering College, Chandkheda,Gandhinagar",POWER ELECTRONICS,TFW_Last_Adm,2022,14812
1,"A.D.Patel Institute Of Tech.,Karamsad",ARTIFICIAL INTELLIGENCE AND DATA SCIENCE,OPEN_HS,2023,26010
1,"A.D.Patel Institute Of Tech.,Karamsad",ARTIFICIAL INTELLIGENCE AND DATA SCIENCE,TFWS_HS,2023,8127
1,"A.D.Patel Institute Of Tech.,Karamsad",COMPUTER ENGINEERING,ESM_HS,2023,13806
1,"A.D.Patel Institute Of Tech.,Karamsad",COMPUTER ENGINEERING,EWS_HS,2023,6324
1,"A.D.Patel Institute Of Tech.,Karamsad",COMPUTER ENGINEERING,OPEN_HS,2023,5791
1,"A.D.Patel Institute Of Tech.,Karamsad",COMPUTER ENGINEERING,SC_HS,2023,16465
1,"A.D.Patel Institute Of Tech.,Karamsad",COMPUTER ENGINEERING,SEBC_HS,2023,7964
1,"A.D.Patel Institute Of Tech.,Karamsad",COMPUTER ENGINEERING,TFWS_HS,2023,2539
1,"A.D.Patel Institute Of Tech.,Karamsad",COMPUTER SCIENCE & DESIGN,EWS_HS,2023,23184
1,"A.D.Patel Institute Of Tech.,Karamsad",COMPUTER SCIENCE & DESIGN,OPEN_HS,2023,21917
1,"A.D.Patel Institute Of Tech.,Karamsad",COMPUTER SCIENCE & DESIGN,SC_HS,2023,25139
1,"A.D.Patel Institute Of Tech.,Karamsad",COMPUTER SCIENCE & DESIGN,SEBC_HS,2023,25678
1,"A.D.Patel Institute Of Tech.,Karamsad",COMPUTER SCIENCE & DESIGN,TFWS_HS,2023,4699
1,"A.D.Patel Institute Of Tech.,Karamsad",DAIRY TECHNOLOGY,OPEN_HS,2023,15823
1,"A.D.Patel Institute Of Tech.,Karamsad",DAIRY TECHNOLOGY,TFWS_HS,2023,7347
1,"A.D.Patel Institute Of Tech.,Karamsad",ELECTRICAL ENGINEERING,OPEN_HS,2023,17676
1,"A.D.Patel Institute Of Tech.,Karamsad",ELECTRONICS & COMMUNICATI ON ENGINEERING,OPEN_HS,2023,21058
1,"A.D.Patel Institute Of Tech.,Karamsad",FOOD PROCESSING TECHNOLOGY,OPEN_HS,2023,24244
1,"A.D.Patel Institute Of Tech.,Karamsad",FOOD PROCESSING TECHNOLOGY,TFWS_HS,2023,7615
1,"A.D.Patel Institute Of Tech.,Karamsad",INFORMATION TECHNOLOGY,ESM_HS,2023,14323
1,"A.D.Patel Institute Of Tech.,Karamsad",INFORMATION TECHNOLOGY,EWS_HS,2023,9143
1,"A.D.Patel Institute Of Tech.,Karamsad",INFORMATION TECHNOLOGY,OPEN_HS,2023,8048
1,"A.D.Patel Institute Of Tech.,Karamsad",INFORMATION TECHNOLOGY,SC_HS,2023,20850
1,"A.D.Patel Institute Of Tech.,Karamsad",INFORMATION TECHNOLOGY,SEBC_HS,2023,12371
1,"A.D.Patel Institute Of Tech.,Karamsad",INFORMATION TECHNOLOGY,TFWS_HS,2023,2735
2,"ADANI INSTITUTE OF INFRASTRUCTURE ENGINEERING,AHMED ABAD",CIVIL & INFRASTRUCTU RE ENGINEERING,OPEN_HS,2023,22767
2,"ADANI INSTITUTE OF INFRASTRUCTURE ENGINEERING,AHMED ABAD",COMPUTER SCIENCE & ENGINEERING (ARTIFICIAL INTELLIGENCE AND MACHINE LEARNING),EWS_HS,2023,4718
2,"ADANI INSTITUTE OF INFRASTRUCTURE ENGINEERING,AHMED ABAD",COMPUTER SCIENCE & ENGINEERING (ARTIFICIAL INTELLIGENCE AND MACHINE LEARNING),OPEN_HS,2023,3908
2,"ADANI INSTITUTE OF INFRASTRUCTURE ENGINEERING,AHMED ABAD",COMPUTER SCIENCE & ENGINEERING (ARTIFICIAL INTELLIGENCE AND MACHINE LEARNING),SC_HS,2023,12274
2,"ADANI INSTITUTE OF INFRASTRUCTURE ENGINEERING,AHMED ABAD",COMPUTER SCIENCE & ENGINEERING (ARTIFICIAL INTELLIGENCE AND MACHINE LEARNING),SEBC_HS,2023,10062
2,"ADANI INSTITUTE OF INFRASTRUCTURE ENGINEERING,AHMED ABAD",COMPUTER SCIENCE & ENGINEERING (ARTIFICIAL INTELLIGENCE AND MACHINE LEARNING),ST_HS,2023,24028
2,"ADANI INSTITUTE OF INFRASTRUCTURE ENGINEERING,AHMED ABAD",COMPUTER SCIENCE & ENGINEERING (ARTIFICIAL INTELLIGENCE AND MACHINE LEARNING),TFWS_HS,2023,1685
2,"ADANI INSTITUTE OF INFRASTRUCTURE ENGINEERING,AHMED ABAD",INFORMATION & COMMUNICATI ON TECHNOLOGY,EWS_HS,2023,6674
2,"ADANI INSTITUTE OF INFRASTRUCTURE ENGINEERING,AHMED ABAD",INFORMATION & COMMUNICATI ON TECHNOLOGY,OPEN_HS,2023,6019
2,"ADANI INSTITUTE OF INFRASTRUCTURE ENGINEERING,AHMED ABAD",INFORMATION & COMMUNICATI ON TECHNOLOGY,SC_HS,2023,16695
2,"ADANI INSTITUTE OF INFRASTRUCTURE ENGINEERING,AHMED ABAD",INFORMATION & COMMUNICATI ON TECHNOLOGY,SEBC_HS,2023,13786
2,"ADANI INSTITUTE OF INFRASTRUCTURE ENGINEERING,AHMED ABAD",INFORMATION & COMMUNICATI ON TECHNOLOGY,TFWS_HS,2023,2111
7,ADITYA SILVER OAK INSTITUTE OF TECHNOLOGY (WITHIN LIMITS OF AHMEDABAD MUNICIPAL CORPORATION) AHMEDABAD,AERONAUTICAL ENGINEERING,OPEN_HS,2023,18239
7,ADITYA SILVER OAK INSTITUTE OF TECHNOLOGY (WITHIN LIMITS OF AHMEDABAD MUNICIPAL CORPORATION) AHMEDABAD,BIOTECHNOLOG Y,OPEN_HS,2023,23727
7,ADITYA SILVER OAK INSTITUTE OF TECHNOLOGY (WITHIN LIMITS OF AHMEDABAD MUNICIPAL CORPORATION) AHMEDABAD,BIOTECHNOLOG Y,TFWS_HS,2023,6960
7,ADITYA SILVER OAK INSTITUTE OF TECHNOLOGY (WITHIN LIMITS OF AHMEDABAD MUNICIPAL CORPORATION) AHMEDABAD,CIVIL ENGINEERING,OPEN_HS,2023,16221
7,ADITYA SILVER OAK INSTITUTE OF TECHNOLOGY (WITHIN LIMITS OF AHMEDABAD MUNICIPAL CORPORATION) AHMEDABAD,COMPUTER ENGINEERING,OPEN_HS,2023,26632
7,ADITYA SILVER OAK INSTITUTE OF TECHNOLOGY (WITHIN LIMITS OF AHMEDABAD MUNICIPAL CORPORATION) AHMEDABAD,COMPUTER ENGINEERING,TFWS_HS,2023,11302
7,ADITYA SILVER OAK INSTITUTE OF TECHNOLOGY (WITHIN LIMITS OF AHMEDABAD MUNICIPAL CORPORATION) AHMEDABAD,COMPUTER SCIENCE & ENGINEERING,OPEN_HS,2023,26773
7,ADITYA SILVER OAK INSTITUTE OF TECHNOLOGY (WITHIN LIMITS OF AHMEDABAD MUNICIPAL CORPORATION) AHMEDABAD,COMPUTER SCIENCE & ENGINEERING,TFWS_HS,2023,9613
7,ADITYA SILVER OAK INSTITUTE OF TECHNOLOGY (WITHIN LIMITS OF AHMEDABAD MUNICIPAL CORPORATION) AHMEDABAD,INFORMATION TECHNOLOGY,OPEN_HS,2023,25794
7,ADITYA SILVER OAK INSTITUTE OF TECHNOLOGY (WITHIN LIMITS OF AHMEDABAD MUNICIPAL CORPORATION) AHMEDABAD,INFORMATION TECHNOLOGY,TFWS_HS,2023,10489
8,APOLLO INSTITUTE OF ENGINEERING & TECHNOLOGY AHMEDABAD,ARTIFICIAL INTELLIGENCE AND DATA SCIENCE,OPEN_HS,2023,7361
8,APOLLO INSTITUTE OF ENGINEERING & TECHNOLOGY AHMEDABAD,COMPUTER ENGINEERING,OPEN_HS,2023,26101
8,APOLLO INSTITUTE OF ENGINEERING & TECHNOLOGY AHMEDABAD,COMPUTER ENGINEERING,TFWS_HS,2023,8900
8,APOLLO INSTITUTE OF ENGINEERING & TECHNOLOGY AHMEDABAD,INFORMATION TECHNOLOGY,OPEN_HS,2023,26741
8,APOLLO INSTITUTE OF ENGINEERING & TECHNOLOGY AHMEDABAD,INFORMATION TECHNOLOGY,TFWS_HS,2023,10840
8,APOLLO INSTITUTE OF ENGINEERING & TECHNOLOGY AHMEDABAD,MECHANICAL ENGINEERING,OPEN_HS,2023,25035
10,"Ahmedabad Institute Of Tech, Ahmedabad",ARTIFICIAL INTELLIGENCE(A I) AND MACHINE LEARNING,OPEN_HS,2023,25811
10,"Ahmedabad Institute Of Tech, Ahmedabad",ARTIFICIAL INTELLIGENCE(A I) AND MACHINE LEARNING,TFWS_HS,2023,7956
10,"Ahmedabad Institute Of Tech, Ahmedabad",COMPUTER ENGINEERING,OPEN_HS,2023,25224
10,"Ahmedabad Institute Of Tech, Ahmedabad",COMPUTER ENGINEERING,SEBC_HS,2023,26735
10,"Ahmedabad Institute Of Tech, Ahmedabad",COMPUTER ENGINEERING,TFWS_HS,2023,6048
10,"Ahmedabad Institute Of Tech, Ahmedabad",COMPUTER SCIENCE & ENGINEERING (CYBER SECURITY),OPEN_HS,2023,26772
10,"Ahmedabad Institute Of Tech, Ahmedabad",COMPUTER SCIENCE & ENGINEERING (CYBER SECURITY),TFWS_HS,2023,8948
10,"Ahmedabad Institute Of Tech, Ahmedabad",COMPUTER SCIENCE & ENGINEERING (DATA SCIENCE),OPEN_HS,2023,26717
10,"Ahmedabad Institute Of Tech, Ahmedabad",COMPUTER SCIENCE & ENGINEERING (DATA SCIENCE),TFWS_HS,2023,7961
10,"Ahmedabad Institute Of Tech, Ahmedabad",ELECTRICAL ENGINEERING,OPEN_HS,2023,25377
10,"Ahmedabad Institute Of Tech, Ahmedabad",INFORMATION TECHNOLOGY,OPEN_HS,2023,26056
10,"Ahmedabad Institute Of Tech, Ahmedabad",INFORMATION TECHNOLOGY,TFWS_HS,2023,6707
12,"Alpha College Of Engg. & Tech., Khatraj, Kalol",COMPUTER ENGINEERING,OPEN_HS,2023,14583
12,"Alpha College Of Engg. & Tech., Khatraj, Kalol",INFORMATION TECHNOLOGY,OPEN_HS,2023,20030
14,"Anant School for Climate Action, Ahmedabad",Climate Change,OPEN_HS,2023,24780
15,"Arrdekta Inst. Of Technology, Khedbrahma, Sabarkantha",COMPUTER ENGINEERING,OPEN_HS,2023,21355
16,Asha M. Tarsadia Institute of Computer Science & Tech. Bardoli,COMPUTER ENGINEERING,OPEN_HS,2023,25255
16,Asha M. Tarsadia Institute of Computer Science & Tech. Bardoli,COMPUTER ENGINEERING,TFWS_HS,2023,11805
16,Asha M. Tarsadia Institute of Computer Science & Tech. Bardoli,COMPUTER ENGINEERING (SOFTWARE ENGINEERING),OPEN_HS,2023,24366
16,Asha M. Tarsadia Institute of Computer Science & Tech. Bardoli,COMPUTER SCIENCE & ENGINEERING,OPEN_HS,2023,26723
16,Asha M. Tarsadia Institute of Computer Science & Tech. Bardoli,COMPUTER SCIENCE & ENGINEERING,TFWS_HS,2023,9809
16,Asha M. Tarsadia Institute of Computer Science & Tech. Bardoli,COMPUTER SCIENCE & ENGINEERING (ARTIFICIAL INTELLIGENCE AND MACHINE LEARNING),OPEN_HS,2023,25889
16,Asha M. Tarsadia Institute of Computer Science & Tech. Bardoli,COMPUTER SCIENCE & ENGINEERING (ARTIFICIAL INTELLIGENCE AND MACHINE LEARNING),TFWS_HS,2023,13877
16,Asha M. Tarsadia Institute of Computer Science & Tech. Bardoli,COMPUTER SCIENCE & ENGINEERING (CLOUD COMPUTING),OPEN_HS,2023,8074
16,Asha M. Tarsadia Institute of Computer Science & Tech. Bardoli,COMPUTER SCIENCE & ENGINEERING (CYBER SECURITY),OPEN_HS,2023,15567
16,Asha M. Tarsadia Institute of Computer Science & Tech. Bardoli,COMPUTER SCIENCE & ENGINEERING (CYBER SECURITY),TFWS_HS,2023,10881
16,Asha M. Tarsadia Institute of Computer Science & Tech. Bardoli,INFORMATION TECHNOLOGY,OPEN_HS,2023,26803
16,Asha M. Tarsadia Institute of Computer Science & Tech. Bardoli,INFORMATION TECHNOLOGY,TFWS_HS,2023,9346
17,"Atmiya University, Faculty of Engineering and Technology, Rajkot",CIVIL ENGINEERING,OPEN_HS,2023,24386
17,"Atmiya University, Faculty of Engineering and Technology, Rajkot",COMPUTER ENGINEERING,OPEN_HS,2023,25618
17,"Atmiya University, Faculty of Engineering and Technology, Rajkot",COMPUTER ENGINEERING,TFWS_HS,2023,6673
17,"Atmiya University, Faculty of Engineering and Technology, Rajkot",COMPUTER SCIENCE & ENGINEERING,OPEN_HS,2023,23072
17,"Atmiya University, Faculty of Engineering and Technology, Rajkot",COMPUTER SCIENCE & ENGINEERING,TFWS_HS,2023,7985
17,"Atmiya University, Faculty of Engineering and Technology, Rajkot",INFORMATION TECHNOLOGY,OPEN_HS,2023,23254
17,"Atmiya University, Faculty of Engineering and Technology, Rajkot",INFORMATION TECHNOLOGY,TFWS_HS,2023,7193
17,"Atmiya University, Faculty of Engineering and Technology, Rajkot",MECHANICAL ENGINEERING,OPEN_HS,2023,20470
18,"B.H.Gardi College Of Engg. & Technology , Rajkot",COMPUTER ENGINEERING,OPEN_HS,2023,25282
18,"B.H.Gardi College Of Engg. & Technology , Rajkot",COMPUTER SCIENCE & ENGINEERING,OPEN_HS,2023,21934
19,"Bhagwan Arihant Institute of Tech., Surat",AERONAUTICAL ENGINEERING,OPEN_HS,2023,25955
19,"Bhagwan Arihant Institute of Tech., Surat",COMPUTER ENGINEERING,OPEN_HS,2023,25326
19,"Bhagwan Arihant Institute of Tech., Surat",COMPUTER ENGINEERING,TFWS_HS,2023,14719
19,"Bhagwan Arihant Institute of Tech., Surat",INFORMATION TECHNOLOGY,OPEN_HS,2023,26024
19,"Bhagwan Arihant Institute of Tech., Surat",INFORMATION TECHNOLOGY,TFWS_HS,2023,12375
19,"Bhagwan Arihant Institute of Tech., Surat",NANO TECHNOLOGY,OPEN_HS,2023,11888
19,"Bhagwan Arihant Institute of Tech., Surat",PHARMACEUTIC AL ENGINEERING,OPEN_HS,2023,24283
20,"Bhagwan Mahavir College Of Engg. And Tech., Surat",AUTOMOBILE ENGINEERING,OPEN_HS,2023,21378
20,"Bhagwan Mahavir College Of Engg. And Tech., Surat",COMPUTER ENGINEERING,OPEN_HS,2023,26605
20,"Bhagwan Mahavir College Of Engg. And Tech., Surat",COMPUTER ENGINEERING,TFWS_HS,2023,13368
21,"Birla Vishvakarma Maha Vidhyalaya(Gia), V.V.Nagar",CIVIL ENGINEERING,OPEN_AI,2023,914613
21,"Birla Vishvakarma Maha Vidhyalaya(Gia), V.V.Nagar",CIVIL ENGINEERING,OPEN_HS,2023,25946
21,"Birla Vishvakarma Maha Vidhyalaya(Gia), V.V.Nagar",CIVIL ENGINEERING,TFWS_HS,2023,14544
21,"Birla Vishvakarma Maha Vidhyalaya(Gia), V.V.Nagar",COMPUTER ENGINEERING,ESM_HS,2023,5582
21,"Birla Vishvakarma Maha Vidhyalaya(Gia), V.V.Nagar",COMPUTER ENGINEERING,EWS_HS,2023,1696
21,"Birla Vishvakarma Maha Vidhyalaya(Gia), V.V.Nagar",COMPUTER ENGINEERING,OPEN_AI,2023,900315
21,"Birla Vishvakarma Maha Vidhyalaya(Gia), V.V.Nagar",COMPUTER ENGINEERING,OPEN_HS,2023,1344
21,"Birla Vishvakarma Maha Vidhyalaya(Gia), V.V.Nagar",COMPUTER ENGINEERING,SC_HS,2023,4996
21,"Birla Vishvakarma Maha Vidhyalaya(Gia), V.V.Nagar",COMPUTER ENGINEERING,SEBC_HS,2023,2428
21,"Birla Vishvakarma Maha Vidhyalaya(Gia), V.V.Nagar",COMPUTER ENGINEERING,ST_HS,2023,17775
21,"Birla Vishvakarma Maha Vidhyalaya(Gia), V.V.Nagar",COMPUTER ENGINEERING,TFWS_HS,2023,772
21,"Birla Vishvakarma Maha Vidhyalaya(Gia), V.V.Nagar",ELECTRICAL ENGINEERING,EWS_HS,2023,25150
21,"Birla Vishvakarma Maha Vidhyalaya(Gia), V.V.Nagar",ELECTRICAL ENGINEERING,OPEN_AI,2023,902623
21,"Birla Vishvakarma Maha Vidhyalaya(Gia), V.V.Nagar",ELECTRICAL ENGINEERING,OPEN_HS,2023,19635
21,"Birla Vishvakarma Maha Vidhyalaya(Gia), V.V.Nagar",ELECTRICAL ENGINEERING,SEBC_HS,2023,26489
21,"Birla Vishvakarma Maha Vidhyalaya(Gia), V.V.Nagar",ELECTRICAL ENGINEERING,ST_HS,2023,23123
21,"Birla Vishvakarma Maha Vidhyalaya(Gia), V.V.Nagar",ELECTRICAL ENGINEERING,TFWS_HS,2023,7214
21,"Birla Vishvakarma Maha Vidhyalaya(Gia), V.V.Nagar",ELECTRONICS ENGINEERING,EWS_HS,2023,24888
21,"Birla Vishvakarma Maha Vidhyalaya(Gia), V.V.Nagar",ELECTRONICS ENGINEERING,OPEN_AI,2023,901369
21,"Birla Vishvakarma Maha Vidhyalaya(Gia), V.V.Nagar",ELECTRONICS ENGINEERING,OPEN_HS,2023,24113
21,"Birla Vishvakarma Maha Vidhyalaya(Gia), V.V.Nagar",ELECTRONICS ENGINEERING,SEBC_HS,2023,26512
21,"Birla Vishvakarma Maha Vidhyalaya(Gia), V.V.Nagar",ELECTRONICS ENGINEERING,TFWS_HS,2023,13650
21,"Birla Vishvakarma Maha Vidhyalaya(Gia), V.V.Nagar",MECHANICAL ENGINEERING,ESM_HS,2023,26546
21,"Birla Vishvakarma Maha Vidhyalaya(Gia), V.V.Nagar",MECHANICAL ENGINEERING,EWS_HS,2023,22889
21,"Birla Vishvakarma Maha Vidhyalaya(Gia), V.V.Nagar",MECHANICAL ENGINEERING,OPEN_AI,2023,902851
21,"Birla Vishvakarma Maha Vidhyalaya(Gia), V.V.Nagar",MECHANICAL ENGINEERING,OPEN_HS,2023,19229
21,"Birla Vishvakarma Maha Vidhyalaya(Gia), V.V.Nagar",MECHANICAL ENGINEERING,SEBC_HS,2023,26627
21,"Birla Vishvakarma Maha Vidhyalaya(Gia), V.V.Nagar",MECHANICAL ENGINEERING,TFWS_HS,2023,6588
21,"Birla Vishvakarma Maha Vidhyalaya(Gia), V.V.Nagar",PRODUCTION ENGINEERING,OPEN_HS,2023,21974
21,"Birla Vishvakarma Maha Vidhyalaya(Gia), V.V.Nagar",PRODUCTION ENGINEERING,TFWS_HS,2023,21451
22,"Birla Vishvakarma Maha Vidhylaya(Sfi), V.V.Nagar",ELECTRONICS & COMMUNICATI ON ENGINEERING,OPEN_HS,2023,25973
22,"Birla Vishvakarma Maha Vidhylaya(Sfi), V.V.Nagar",ELECTRONICS & COMMUNICATI ON ENGINEERING,TFWS_HS,2023,8950
22,"Birla Vishvakarma Maha Vidhylaya(Sfi), V.V.Nagar",INFORMATION TECHNOLOGY,EWS_HS,2023,2495
22,"Birla Vishvakarma Maha Vidhylaya(Sfi), V.V.Nagar",INFORMATION TECHNOLOGY,OPEN_HS,2023,2343
22,"Birla Vishvakarma Maha Vidhylaya(Sfi), V.V.Nagar",INFORMATION TECHNOLOGY,SC_HS,2023,11407
22,"Birla Vishvakarma Maha Vidhylaya(Sfi), V.V.Nagar",INFORMATION TECHNOLOGY,SEBC_HS,2023,3879
22,"Birla Vishvakarma Maha Vidhylaya(Sfi), V.V.Nagar",INFORMATION TECHNOLOGY,ST_HS,2023,25394
22,"Birla Vishvakarma Maha Vidhylaya(Sfi), V.V.Nagar",INFORMATION TECHNOLOGY,TFWS_HS,2023,1792
22,"Birla Vishvakarma Maha Vidhylaya(Sfi), V.V.Nagar",MECHANICAL ENGINEERING,OPEN_HS,2023,21605
22,"Birla Vishvakarma Maha Vidhylaya(Sfi), V.V.Nagar",MECHANICAL ENGINEERING,TFWS_HS,2023,13391
23,"C. K. Pithawala College Of Engg. & Tech., Surat",CIVIL ENGINEERING,OPEN_HS,2023,26573
23,"C. K. Pithawala College Of Engg. & Tech., Surat",COMPUTER ENGINEERING,EWS_HS,2023,17005
23,"C. K. Pithawala College Of Engg. & Tech., Surat",COMPUTER ENGINEERING,OPEN_HS,2023,12609
23,"C. K. Pithawala College Of Engg. & Tech., Surat",COMPUTER ENGINEERING,SC_HS,2023,25938
23,"C. K. Pithawala College Of Engg. & Tech., Surat",COMPUTER ENGINEERING,SEBC_HS,2023,23342
23,"C. K. Pithawala College Of Engg. & Tech., Surat",COMPUTER ENGINEERING,TFWS_HS,2023,5829
23,"C. K. Pithawala College Of Engg. & Tech., Surat",ELECTRICAL ENGINEERING,OPEN_HS,2023,26388
23,"C. K. Pithawala College Of Engg. & Tech., Surat",ELECTRICAL ENGINEERING,TFWS_HS,2023,12766
23,"C. K. Pithawala College Of Engg. & Tech., Surat",ELECTRONICS & COMMUNICATI ON ENGINEERING,OPEN_HS,2023,26733
23,"C. K. Pithawala College Of Engg. & Tech., Surat",INFORMATION TECHNOLOGY,EWS_HS,2023,18622
23,"C. K. Pithawala College Of Engg. & Tech., Surat",INFORMATION TECHNOLOGY,OPEN_HS,2023,15162
23,"C. K. Pithawala College Of Engg. & Tech., Surat",INFORMATION TECHNOLOGY,SC_HS,2023,20813
23,"C. K. Pithawala College Of Engg. & Tech., Surat",INFORMATION TECHNOLOGY,SEBC_HS,2023,24011
23,"C. K. Pithawala College Of Engg. & Tech., Surat",INFORMATION TECHNOLOGY,TFWS_HS,2023,6031
23,"C. K. Pithawala College Of Engg. & Tech., Surat",MECHANICAL ENGINEERING,OPEN_HS,2023,13575
24,"C.U.Shah College Of Engg.& Tech.,Wadhvan",COMPUTER ENGINEERING,OPEN_HS,2023,23097
26,"Chandubhai S Patel Institute Of Technology, Changa",ARTIFICIAL INTELLIGENCE(A I) AND MACHINE LEARNING,EWS_HS,2023,7070
26,"Chandubhai S Patel Institute Of Technology, Changa",ARTIFICIAL INTELLIGENCE(A I) AND MACHINE LEARNING,OPEN_HS,2023,6734
26,"Chandubhai S Patel Institute Of Technology, Changa",ARTIFICIAL INTELLIGENCE(A I) AND MACHINE LEARNING,SC_HS,2023,23142
26,"Chandubhai S Patel Institute Of Technology, Changa",ARTIFICIAL INTELLIGENCE(A I) AND MACHINE LEARNING,SEBC_HS,2023,17697
26,"Chandubhai S Patel Institute Of Technology, Changa",ARTIFICIAL INTELLIGENCE(A I) AND MACHINE LEARNING,TFWS_HS,2023,4769
26,"Chandubhai S Patel Institute Of Technology, Changa",CIVIL ENGINEERING,OPEN_HS,2023,19991
26,"Chandubhai S Patel Institute Of Technology, Changa",COMPUTER ENGINEERING,ESM_HS,2023,9078
26,"Chandubhai S Patel Institute Of Technology, Changa",COMPUTER ENGINEERING,EWS_HS,2023,3345
26,"Chandubhai S Patel Institute Of Technology, Changa",COMPUTER ENGINEERING,OPEN_HS,2023,2871
26,"Chandubhai S Patel Institute Of Technology, Changa",COMPUTER ENGINEERING,SC_HS,2023,11543
26,"Chandubhai S Patel Institute Of Technology, Changa",COMPUTER ENGINEERING,SEBC_HS,2023,6220
26,"Chandubhai S Patel Institute Of Technology, Changa",COMPUTER ENGINEERING,TFWS_HS,2023,1138
26,"Chandubhai S Patel Institute Of Technology, Changa",COMPUTER SCIENCE & ENGINEERING,EWS_HS,2023,2592
26,"Chandubhai S Patel Institute Of Technology, Changa",COMPUTER SCIENCE & ENGINEERING,OPEN_HS,2023,2176
26,"Chandubhai S Patel Institute Of Technology, Changa",COMPUTER SCIENCE & ENGINEERING,SC_HS,2023,9134
26,"Chandubhai S Patel Institute Of Technology, Changa",COMPUTER SCIENCE & ENGINEERING,SEBC_HS,2023,3841
26,"Chandubhai S Patel Institute Of Technology, Changa",COMPUTER SCIENCE & ENGINEERING,TFWS_HS,2023,1114
26,"Chandubhai S Patel Institute Of Technology, Changa",ELECTRICAL ENGINEERING,OPEN_HS,2023,26201
26,"Chandubhai S Patel Institute Of Technology, Changa",ELECTRONICS & COMMUNICATI ON ENGINEERING,OPEN_HS,2023,26736
26,"Chandubhai S Patel Institute Of Technology, Changa",INFORMATION TECHNOLOGY,ESM_HS,2023,12239
26,"Chandubhai S Patel Institute Of Technology, Changa",INFORMATION TECHNOLOGY,EWS_HS,2023,4616
26,"Chandubhai S Patel Institute Of Technology, Changa",INFORMATION TECHNOLOGY,OPEN_HS,2023,4265
26,"Chandubhai S Patel Institute Of Technology, Changa",INFORMATION TECHNOLOGY,SC_HS,2023,13867
26,"Chandubhai S Patel Institute Of Technology, Changa",INFORMATION TECHNOLOGY,SEBC_HS,2023,7614
26,"Chandubhai S Patel Institute Of Technology, Changa",INFORMATION TECHNOLOGY,TFWS_HS,2023,1546
26,"Chandubhai S Patel Institute Of Technology, Changa",MECHANICAL ENGINEERING,OPEN_HS,2023,26353
31,"Chhotubhai Gopalbhai Patel Institute Of Tech., Tarsadi, Bardoli",ARTIFICIAL INTELLIGENCE AND DATA SCIENCE,OPEN_HS,2023,25521
31,"Chhotubhai Gopalbhai Patel Institute Of Tech., Tarsadi, Bardoli",ARTIFICIAL INTELLIGENCE AND DATA SCIENCE,TFWS_HS,2023,9508
31,"Chhotubhai Gopalbhai Patel Institute Of Tech., Tarsadi, Bardoli",AUTOMOBILE ENGINEERING,OPEN_HS,2023,25000
31,"Chhotubhai Gopalbhai Patel Institute Of Tech., Tarsadi, Bardoli",CHEMICAL ENGINEERING,OPEN_HS,2023,23873
31,"Chhotubhai Gopalbhai Patel Institute Of Tech., Tarsadi, Bardoli",CIVIL ENGINEERING,OPEN_HS,2023,25079
31,"Chhotubhai Gopalbhai Patel Institute Of Tech., Tarsadi, Bardoli",COMPUTER ENGINEERING,OPEN_HS,2023,26797
31,"Chhotubhai Gopalbhai Patel Institute Of Tech., Tarsadi, Bardoli",COMPUTER ENGINEERING,TFWS_HS,2023,10964
31,"Chhotubhai Gopalbhai Patel Institute Of Tech., Tarsadi, Bardoli",CYBER SECURITY,OPEN_HS,2023,26466
31,"Chhotubhai Gopalbhai Patel Institute Of Tech., Tarsadi, Bardoli",ELECTRICAL ENGINEERING,OPEN_HS,2023,25055
31,"Chhotubhai Gopalbhai Patel Institute Of Tech., Tarsadi, Bardoli",INFORMATION & COMMUNICATI ON TECHNOLOGY,OPEN_HS,2023,20998
31,"Chhotubhai Gopalbhai Patel Institute Of Tech., Tarsadi, Bardoli",INFORMATION TECHNOLOGY,OPEN_HS,2023,26572
31,"Chhotubhai Gopalbhai Patel Institute Of Tech., Tarsadi, Bardoli",INFORMATION TECHNOLOGY,TFWS_HS,2023,10210
31,"Chhotubhai Gopalbhai Patel Institute Of Tech., Tarsadi, Bardoli",MECHANICAL ENGINEERING,OPEN_HS,2023,26130
31,"Chhotubhai Gopalbhai Patel Institute Of Tech., Tarsadi, Bardoli",MECHATRONICS ENGINEERING,OPEN_HS,2023,19271
32,"D. A. Degree Engineering and Technology, Mahemdabad, Kheda",COMPUTER ENGINEERING,OPEN_HS,2023,23543
33,DR. S & S.S.Ghandhi Government Engineering College Surat,CIVIL ENGINEERING,OPEN_AI,2023,914418
33,DR. S & S.S.Ghandhi Government Engineering College Surat,CIVIL ENGINEERING,OPEN_HS,2023,26622
33,DR. S & S.S.Ghandhi Government Engineering College Surat,CIVIL ENGINEERING,TFWS_HS,2023,15125
33,DR. S & S.S.Ghandhi Government Engineering College Surat,ELECTRICAL ENGINEERING,OPEN_AI,2023,914089
33,DR. S & S.S.Ghandhi Government Engineering College Surat,ELECTRICAL ENGINEERING,OPEN_HS,2023,26396
33,DR. S & S.S.Ghandhi Government Engineering College Surat,ELECTRICAL ENGINEERING,TFWS_HS,2023,18080
33,DR. S & S.S.Ghandhi Government Engineering College Surat,ELECTRONICS & COMMUNICATI ON ENGINEERING,OPEN_AI,2023,902069
33,DR. S & S.S.Ghandhi Government Engineering College Surat,ELECTRONICS & COMMUNICATI ON ENGINEERING,OPEN_HS,2023,22251
33,DR. S & S.S.Ghandhi Government Engineering College Surat,ELECTRONICS & COMMUNICATI ON ENGINEERING,SEBC_HS,2023,23784
33,DR. S & S.S.Ghandhi Government Engineering College Surat,ELECTRONICS & COMMUNICATI ON ENGINEERING,TFWS_HS,2023,8875
33,DR. S & S.S.Ghandhi Government Engineering College Surat,ELECTRONICS & INSTRUMENTAT ION ENGINEERING,OPEN_AI,2023,913864
33,DR. S & S.S.Ghandhi Government Engineering College Surat,ELECTRONICS & INSTRUMENTAT ION ENGINEERING,OPEN_HS,2023,25843
33,DR. S & S.S.Ghandhi Government Engineering College Surat,ENVIRONMENT AL ENGINEERING,OPEN_AI,2023,912469
33,DR. S & S.S.Ghandhi Government Engineering College Surat,ENVIRONMENT AL ENGINEERING,OPEN_HS,2023,22009
33,DR. S & S.S.Ghandhi Government Engineering College Surat,MECHANICAL ENGINEERING,EWS_HS,2023,24646
33,DR. S & S.S.Ghandhi Government Engineering College Surat,MECHANICAL ENGINEERING,OPEN_AI,2023,902901
33,DR. S & S.S.Ghandhi Government Engineering College Surat,MECHANICAL ENGINEERING,OPEN_HS,2023,24400
33,DR. S & S.S.Ghandhi Government Engineering College Surat,MECHANICAL ENGINEERING,SEBC_HS,2023,26562
33,DR. S & S.S.Ghandhi Government Engineering College Surat,MECHANICAL ENGINEERING,TFWS_HS,2023,10669
36,"Darshan Institute Of Engg. & Tech., Rajkot- Morbi Highway, Hadala",CIVIL ENGINEERING,OPEN_HS,2023,26138
36,"Darshan Institute Of Engg. & Tech., Rajkot- Morbi Highway, Hadala",COMPUTER ENGINEERING,EWS_HS,2023,10025
36,"Darshan Institute Of Engg. & Tech., Rajkot- Morbi Highway, Hadala",COMPUTER ENGINEERING,OPEN_HS,2023,8523
36,"Darshan Institute Of Engg. & Tech., Rajkot- Morbi Highway, Hadala",COMPUTER ENGINEERING,SC_HS,2023,18567
36,"Darshan Institute Of Engg. & Tech., Rajkot- Morbi Highway, Hadala",COMPUTER ENGINEERING,SEBC_HS,2023,16179
36,"Darshan Institute Of Engg. & Tech., Rajkot- Morbi Highway, Hadala",COMPUTER ENGINEERING,TFWS_HS,2023,1879
36,"Darshan Institute Of Engg. & Tech., Rajkot- Morbi Highway, Hadala",MECHANICAL ENGINEERING,OPEN_HS,2023,24584
38,"Department of Engineering and Computing , Institute of Advance Research, Gandhinagar",BIOTECHNOLOG Y,OPEN_HS,2023,25094
38,"Department of Engineering and Computing , Institute of Advance Research, Gandhinagar",BIOTECHNOLOG Y,SEBC_HS,2023,6732
38,"Department of Engineering and Computing , Institute of Advance Research, Gandhinagar",BIOTECHNOLOG Y,TFWS_HS,2023,4719
38,"Department of Engineering and Computing , Institute of Advance Research, Gandhinagar",COMPUTER ENGINEERING,OPEN_HS,2023,26722
38,"Department of Engineering and Computing , Institute of Advance Research, Gandhinagar",COMPUTER ENGINEERING,TFWS_HS,2023,9519
38,"Department of Engineering and Computing , Institute of Advance Research, Gandhinagar",INFORMATION & COMMUNICATI ON TECHNOLOGY,OPEN_HS,2023,18465
38,"Department of Engineering and Computing , Institute of Advance Research, Gandhinagar",INFORMATION TECHNOLOGY,EWS_HS,2023,26504
38,"Department of Engineering and Computing , Institute of Advance Research, Gandhinagar",INFORMATION TECHNOLOGY,OPEN_HS,2023,24288
38,"Department of Engineering and Computing , Institute of Advance Research, Gandhinagar",INFORMATION TECHNOLOGY,TFWS_HS,2023,9085
39,"Devang Patel Institute of Advance Technology And Research, Changa",COMPUTER ENGINEERING,ESM_HS,2023,18458
39,"Devang Patel Institute of Advance Technology And Research, Changa",COMPUTER ENGINEERING,EWS_HS,2023,4884
39,"Devang Patel Institute of Advance Technology And Research, Changa",COMPUTER ENGINEERING,OPEN_HS,2023,4650
39,"Devang Patel Institute of Advance Technology And Research, Changa",COMPUTER ENGINEERING,SC_HS,2023,18266
39,"Devang Patel Institute of Advance Technology And Research, Changa",COMPUTER ENGINEERING,SEBC_HS,2023,7883
39,"Devang Patel Institute of Advance Technology And Research, Changa",COMPUTER ENGINEERING,TFWS_HS,2023,1746
39,"Devang Patel Institute of Advance Technology And Research, Changa",COMPUTER SCIENCE & ENGINEERING,ESM_HS,2023,15411
39,"Devang Patel Institute of Advance Technology And Research, Changa",COMPUTER SCIENCE & ENGINEERING,EWS_HS,2023,4325
39,"Devang Patel Institute of Advance Technology And Research, Changa",COMPUTER SCIENCE & ENGINEERING,OPEN_HS,2023,3909
39,"Devang Patel Institute of Advance Technology And Research, Changa",COMPUTER SCIENCE & ENGINEERING,SC_HS,2023,16868
39,"Devang Patel Institute of Advance Technology And Research, Changa",COMPUTER SCIENCE & ENGINEERING,SEBC_HS,2023,6037
39,"Devang Patel Institute of Advance Technology And Research, Changa",COMPUTER SCIENCE & ENGINEERING,TFWS_HS,2023,1641
39,"Devang Patel Institute of Advance Technology And Research, Changa",INFORMATION TECHNOLOGY,EWS_HS,2023,5059
39,"Devang Patel Institute of Advance Technology And Research, Changa",INFORMATION TECHNOLOGY,OPEN_HS,2023,4955
39,"Devang Patel Institute of Advance Technology And Research, Changa",INFORMATION TECHNOLOGY,SC_HS,2023,18715
39,"Devang Patel Institute of Advance Technology And Research, Changa",INFORMATION TECHNOLOGY,SEBC_HS,2023,8669
39,"Devang Patel Institute of Advance Technology And Research, Changa",INFORMATION TECHNOLOGY,TFWS_HS,2023,1815
40,"Dhirubhai Ambani Institute of Info. & Comm. Tech., Gandhinagar",HONS. IN ICT WITH MINOR IN COMPUTATION AL SCIENCE (CS),ESM_HS,2023,931
40,"Dhirubhai Ambani Institute of Info. & Comm. Tech., Gandhinagar",HONS. IN ICT WITH MINOR IN COMPUTATION AL SCIENCE (CS),EWS_HS,2023,107
40,"Dhirubhai Ambani Institute of Info. & Comm. Tech., Gandhinagar",HONS. IN ICT WITH MINOR IN COMPUTATION AL SCIENCE (CS),OPEN_HS,2023,77
40,"Dhirubhai Ambani Institute of Info. & Comm. Tech., Gandhinagar",HONS. IN ICT WITH MINOR IN COMPUTATION AL SCIENCE (CS),SC_HS,2023,1262
40,"Dhirubhai Ambani Institute of Info. & Comm. Tech., Gandhinagar",HONS. IN ICT WITH MINOR IN COMPUTATION AL SCIENCE (CS),SEBC_HS,2023,240
40,"Dhirubhai Ambani Institute of Info. & Comm. Tech., Gandhinagar",HONS. IN ICT WITH MINOR IN COMPUTATION AL SCIENCE (CS),ST_HS,2023,8180
40,"Dhirubhai Ambani Institute of Info. & Comm. Tech., Gandhinagar",HONS. IN ICT WITH MINOR IN COMPUTATION AL SCIENCE (CS),TFWS_HS,2023,16
40,"Dhirubhai Ambani Institute of Info. & Comm. Tech., Gandhinagar",INFORMATION & COMMUNICATI ON TECHNOLOGY,ESM_HS,2023,1436
40,"Dhirubhai Ambani Institute of Info. & Comm. Tech., Gandhinagar",INFORMATION & COMMUNICATI ON TECHNOLOGY,EWS_HS,2023,203
40,"Dhirubhai Ambani Institute of Info. & Comm. Tech., Gandhinagar",INFORMATION & COMMUNICATI ON TECHNOLOGY,OPEN_HS,2023,169
40,"Dhirubhai Ambani Institute of Info. & Comm. Tech., Gandhinagar",INFORMATION & COMMUNICATI ON TECHNOLOGY,SC_HS,2023,1824
40,"Dhirubhai Ambani Institute of Info. & Comm. Tech., Gandhinagar",INFORMATION & COMMUNICATI ON TECHNOLOGY,SEBC_HS,2023,583
40,"Dhirubhai Ambani Institute of Info. & Comm. Tech., Gandhinagar",INFORMATION & COMMUNICATI ON TECHNOLOGY,ST_HS,2023,13471
40,"Dhirubhai Ambani Institute of Info. & Comm. Tech., Gandhinagar",INFORMATION & COMMUNICATI ON TECHNOLOGY,TFWS_HS,2023,41
40,"Dhirubhai Ambani Institute of Info. & Comm. Tech., Gandhinagar",MATHEMATICS AND COMPUTING,EWS_HS,2023,191
40,"Dhirubhai Ambani Institute of Info. & Comm. Tech., Gandhinagar",MATHEMATICS AND COMPUTING,OPEN_HS,2023,94
40,"Dhirubhai Ambani Institute of Info. & Comm. Tech., Gandhinagar",MATHEMATICS AND COMPUTING,SC_HS,2023,1168
40,"Dhirubhai Ambani Institute of Info. & Comm. Tech., Gandhinagar",MATHEMATICS AND COMPUTING,SEBC_HS,2023,364
40,"Dhirubhai Ambani Institute of Info. & Comm. Tech., Gandhinagar",MATHEMATICS AND COMPUTING,ST_HS,2023,14754
40,"Dhirubhai Ambani Institute of Info. & Comm. Tech., Gandhinagar",MATHEMATICS AND COMPUTING,TFWS_HS,2023,35
41,"Dr. Jivraj Mehta Institute Of Technology, Anand",COMPUTER ENGINEERING,OPEN_HS,2023,26804
41,"Dr. Jivraj Mehta Institute Of Technology, Anand",INFORMATION TECHNOLOGY,OPEN_HS,2023,24345
41,"Dr. Jivraj Mehta Institute Of Technology, Anand",INFORMATION TECHNOLOGY,TFWS_HS,2023,11708
41,"Dr. Jivraj Mehta Institute Of Technology, Anand",MECHANICAL ENGINEERING,OPEN_HS,2023,23041
42,"Dr. Subhahsh Technical Campus, Faculty of Degree Engineering, Junagadh",COMPUTER SCIENCE & ENGINEERING,OPEN_HS,2023,12740
42,"Dr. Subhahsh Technical Campus, Faculty of Degree Engineering, Junagadh",COMPUTER SCIENCE & ENGINEERING,TFWS_HS,2023,14560
42,"Dr. Subhahsh Technical Campus, Faculty of Degree Engineering, Junagadh",ELECTRICAL ENGINEERING,OPEN_HS,2023,22462
42,"Dr. Subhahsh Technical Campus, Faculty of Degree Engineering, Junagadh",INFORMATION TECHNOLOGY,OPEN_HS,2023,19651
45,"Engginering College, Tuwa, Godhara",COMPUTER ENGINEERING,OPEN_HS,2023,24950
45,"Engginering College, Tuwa, Godhara",ELECTRICAL ENGINEERING,OPEN_HS,2023,24408
48,"Faculty Of Technology & Engineering(MSU), Vadodara",CHEMICAL ENGINEERING,EWS_HS,2023,4652
48,"Faculty Of Technology & Engineering(MSU), Vadodara",CHEMICAL ENGINEERING,OPEN_AI,2023,901190
48,"Faculty Of Technology & Engineering(MSU), Vadodara",CHEMICAL ENGINEERING,OPEN_HS,2023,2827
48,"Faculty Of Technology & Engineering(MSU), Vadodara",CHEMICAL ENGINEERING,SC_HS,2023,9547
48,"Faculty Of Technology & Engineering(MSU), Vadodara",CHEMICAL ENGINEERING,SEBC_HS,2023,4564
48,"Faculty Of Technology & Engineering(MSU), Vadodara",CHEMICAL ENGINEERING,ST_HS,2023,23046
48,"Faculty Of Technology & Engineering(MSU), Vadodara",CHEMICAL ENGINEERING,TFWS_HS,2023,895
48,"Faculty Of Technology & Engineering(MSU), Vadodara",CIVIL ENGINEERING,EWS_HS,2023,17624
48,"Faculty Of Technology & Engineering(MSU), Vadodara",CIVIL ENGINEERING,OPEN_AI,2023,901672
48,"Faculty Of Technology & Engineering(MSU), Vadodara",CIVIL ENGINEERING,OPEN_HS,2023,14399
48,"Faculty Of Technology & Engineering(MSU), Vadodara",CIVIL ENGINEERING,SC_HS,2023,24833
48,"Faculty Of Technology & Engineering(MSU), Vadodara",CIVIL ENGINEERING,SEBC_HS,2023,24056
48,"Faculty Of Technology & Engineering(MSU), Vadodara",CIVIL ENGINEERING,ST_HS,2023,25325
48,"Faculty Of Technology & Engineering(MSU), Vadodara",CIVIL ENGINEERING,TFWS_HS,2023,8190
48,"Faculty Of Technology & Engineering(MSU), Vadodara",COMPUTER SCIENCE & ENGINEERING,ESM_HS,2023,2991
48,"Faculty Of Technology & Engineering(MSU), Vadodara",COMPUTER SCIENCE & ENGINEERING,EWS_HS,2023,1046
48,"Faculty Of Technology & Engineering(MSU), Vadodara",COMPUTER SCIENCE & ENGINEERING,OPEN_AI,2023,900097
48,"Faculty Of Technology & Engineering(MSU), Vadodara",COMPUTER SCIENCE & ENGINEERING,OPEN_HS,2023,710
48,"Faculty Of Technology & Engineering(MSU), Vadodara",COMPUTER SCIENCE & ENGINEERING,SC_HS,2023,3178
48,"Faculty Of Technology & Engineering(MSU), Vadodara",COMPUTER SCIENCE & ENGINEERING,SEBC_HS,2023,1690
48,"Faculty Of Technology & Engineering(MSU), Vadodara",COMPUTER SCIENCE & ENGINEERING,ST_HS,2023,12243
48,"Faculty Of Technology & Engineering(MSU), Vadodara",COMPUTER SCIENCE & ENGINEERING,TFWS_HS,2023,452
48,"Faculty Of Technology & Engineering(MSU), Vadodara",ELECTRICAL ENGINEERING,ESM_HS,2023,15845
48,"Faculty Of Technology & Engineering(MSU), Vadodara",ELECTRICAL ENGINEERING,EWS_HS,2023,13536
48,"Faculty Of Technology & Engineering(MSU), Vadodara",ELECTRICAL ENGINEERING,OPEN_AI,2023,900503
48,"Faculty Of Technology & Engineering(MSU), Vadodara",ELECTRICAL ENGINEERING,OPEN_HS,2023,8311
48,"Faculty Of Technology & Engineering(MSU), Vadodara",ELECTRICAL ENGINEERING,SC_HS,2023,24607
48,"Faculty Of Technology & Engineering(MSU), Vadodara",ELECTRICAL ENGINEERING,SEBC_HS,2023,14699
48,"Faculty Of Technology & Engineering(MSU), Vadodara",ELECTRICAL ENGINEERING,ST_HS,2023,24583
48,"Faculty Of Technology & Engineering(MSU), Vadodara",ELECTRICAL ENGINEERING,TFWS_HS,2023,5074
48,"Faculty Of Technology & Engineering(MSU), Vadodara",ELECTRONICS ENGINEERING,EWS_HS,2023,9662
48,"Faculty Of Technology & Engineering(MSU), Vadodara",ELECTRONICS ENGINEERING,OPEN_AI,2023,900484
48,"Faculty Of Technology & Engineering(MSU), Vadodara",ELECTRONICS ENGINEERING,OPEN_HS,2023,5916
48,"Faculty Of Technology & Engineering(MSU), Vadodara",ELECTRONICS ENGINEERING,SC_HS,2023,19504
48,"Faculty Of Technology & Engineering(MSU), Vadodara",ELECTRONICS ENGINEERING,SEBC_HS,2023,14937
48,"Faculty Of Technology & Engineering(MSU), Vadodara",ELECTRONICS ENGINEERING,ST_HS,2023,21676
48,"Faculty Of Technology & Engineering(MSU), Vadodara",ELECTRONICS ENGINEERING,TFWS_HS,2023,4425
48,"Faculty Of Technology & Engineering(MSU), Vadodara",MECHANICAL ENGINEERING,ESM_HS,2023,10460
48,"Faculty Of Technology & Engineering(MSU), Vadodara",MECHANICAL ENGINEERING,EWS_HS,2023,12801
48,"Faculty Of Technology & Engineering(MSU), Vadodara",MECHANICAL ENGINEERING,OPEN_AI,2023,900985
48,"Faculty Of Technology & Engineering(MSU), Vadodara",MECHANICAL ENGINEERING,OPEN_HS,2023,7869
48,"Faculty Of Technology & Engineering(MSU), Vadodara",MECHANICAL ENGINEERING,SC_HS,2023,21196
48,"Faculty Of Technology & Engineering(MSU), Vadodara",MECHANICAL ENGINEERING,SEBC_HS,2023,18792
48,"Faculty Of Technology & Engineering(MSU), Vadodara",MECHANICAL ENGINEERING,ST_HS,2023,25370
48,"Faculty Of Technology & Engineering(MSU), Vadodara",MECHANICAL ENGINEERING,TFWS_HS,2023,4132
48,"Faculty Of Technology & Engineering(MSU), Vadodara",METALLURGICA L AND MATERIALS ENGINEERING,OPEN_AI,2023,911617
48,"Faculty Of Technology & Engineering(MSU), Vadodara",METALLURGICA L AND MATERIALS ENGINEERING,OPEN_HS,2023,25597
48,"Faculty Of Technology & Engineering(MSU), Vadodara",METALLURGICA L AND MATERIALS ENGINEERING,TFWS_HS,2023,17954
48,"Faculty Of Technology & Engineering(MSU), Vadodara",TEXTILE ENGINEERING,OPEN_AI,2023,913298
48,"Faculty Of Technology & Engineering(MSU), Vadodara",TEXTILE ENGINEERING,OPEN_HS,2023,20893
48,"Faculty Of Technology & Engineering(MSU), Vadodara",TEXTILE ENGINEERING,TFWS_HS,2023,15832
48,"Faculty Of Technology & Engineering(MSU), Vadodara",TEXTILE PROCESSING,OPEN_AI,2023,903042
48,"Faculty Of Technology & Engineering(MSU), Vadodara",TEXTILE TECHNOLOGY,OPEN_HS,2023,24433
48,"Faculty Of Technology & Engineering(MSU), Vadodara",TEXTILE TECHNOLOGY,TFWS_HS,2023,16865
48,"Faculty Of Technology & Engineering(MSU), Vadodara",WATER MANAGEMENT,OPEN_HS,2023,24315
49,"Faculty Of Technology And Engineering(GIA), Dharmsinh Desai University, (DDU), Nadiad",CHEMICAL ENGINEERING,EWS_HS,2023,10307
49,"Faculty Of Technology And Engineering(GIA), Dharmsinh Desai University, (DDU), Nadiad",CHEMICAL ENGINEERING,OPEN_AI,2023,900607
49,"Faculty Of Technology And Engineering(GIA), Dharmsinh Desai University, (DDU), Nadiad",CHEMICAL ENGINEERING,OPEN_HS,2023,6480
49,"Faculty Of Technology And Engineering(GIA), Dharmsinh Desai University, (DDU), Nadiad",CHEMICAL ENGINEERING,SC_HS,2023,25046
49,"Faculty Of Technology And Engineering(GIA), Dharmsinh Desai University, (DDU), Nadiad",CHEMICAL ENGINEERING,SEBC_HS,2023,12098
49,"Faculty Of Technology And Engineering(GIA), Dharmsinh Desai University, (DDU), Nadiad",CHEMICAL ENGINEERING,TFWS_HS,2023,2282
49,"Faculty Of Technology And Engineering(GIA), Dharmsinh Desai University, (DDU), Nadiad",CIVIL ENGINEERING,OPEN_AI,2023,914539
49,"Faculty Of Technology And Engineering(GIA), Dharmsinh Desai University, (DDU), Nadiad",CIVIL ENGINEERING,OPEN_HS,2023,25834
49,"Faculty Of Technology And Engineering(GIA), Dharmsinh Desai University, (DDU), Nadiad",CIVIL ENGINEERING,TFWS_HS,2023,11382
49,"Faculty Of Technology And Engineering(GIA), Dharmsinh Desai University, (DDU), Nadiad",COMPUTER ENGINEERING,EWS_HS,2023,393
49,"Faculty Of Technology And Engineering(GIA), Dharmsinh Desai University, (DDU), Nadiad",COMPUTER ENGINEERING,OPEN_AI,2023,900037
49,"Faculty Of Technology And Engineering(GIA), Dharmsinh Desai University, (DDU), Nadiad",COMPUTER ENGINEERING,OPEN_HS,2023,339
49,"Faculty Of Technology And Engineering(GIA), Dharmsinh Desai University, (DDU), Nadiad",COMPUTER ENGINEERING,SC_HS,2023,3180
49,"Faculty Of Technology And Engineering(GIA), Dharmsinh Desai University, (DDU), Nadiad",COMPUTER ENGINEERING,SEBC_HS,2023,978
49,"Faculty Of Technology And Engineering(GIA), Dharmsinh Desai University, (DDU), Nadiad",COMPUTER ENGINEERING,ST_HS,2023,13488
49,"Faculty Of Technology And Engineering(GIA), Dharmsinh Desai University, (DDU), Nadiad",COMPUTER ENGINEERING,TFWS_HS,2023,181
49,"Faculty Of Technology And Engineering(GIA), Dharmsinh Desai University, (DDU), Nadiad",ELECTRONICS & COMMUNICATI ON ENGINEERING,EWS_HS,2023,6322
49,"Faculty Of Technology And Engineering(GIA), Dharmsinh Desai University, (DDU), Nadiad",ELECTRONICS & COMMUNICATI ON ENGINEERING,OPEN_AI,2023,900881
49,"Faculty Of Technology And Engineering(GIA), Dharmsinh Desai University, (DDU), Nadiad",ELECTRONICS & COMMUNICATI ON ENGINEERING,OPEN_HS,2023,5163
49,"Faculty Of Technology And Engineering(GIA), Dharmsinh Desai University, (DDU), Nadiad",ELECTRONICS & COMMUNICATI ON ENGINEERING,SC_HS,2023,16396
49,"Faculty Of Technology And Engineering(GIA), Dharmsinh Desai University, (DDU), Nadiad",ELECTRONICS & COMMUNICATI ON ENGINEERING,SEBC_HS,2023,10201
49,"Faculty Of Technology And Engineering(GIA), Dharmsinh Desai University, (DDU), Nadiad",ELECTRONICS & COMMUNICATI ON ENGINEERING,TFWS_HS,2023,2369
49,"Faculty Of Technology And Engineering(GIA), Dharmsinh Desai University, (DDU), Nadiad",INSTRUMENTAT ION & CONTROL ENGINEERING,OPEN_AI,2023,906773
49,"Faculty Of Technology And Engineering(GIA), Dharmsinh Desai University, (DDU), Nadiad",INSTRUMENTAT ION & CONTROL ENGINEERING,OPEN_HS,2023,25393
49,"Faculty Of Technology And Engineering(GIA), Dharmsinh Desai University, (DDU), Nadiad",INSTRUMENTAT ION & CONTROL ENGINEERING,TFWS_HS,2023,7498
50,"Faculty Of Technology(Sfi), Dharmsinh Desai University, Nadiad",CHEMICAL ENGINEERING,OPEN_HS,2023,26710
50,"Faculty Of Technology(Sfi), Dharmsinh Desai University, Nadiad",CHEMICAL ENGINEERING,TFWS_HS,2023,3942
50,"Faculty Of Technology(Sfi), Dharmsinh Desai University, Nadiad",COMPUTER ENGINEERING,EWS_HS,2023,625
50,"Faculty Of Technology(Sfi), Dharmsinh Desai University, Nadiad",COMPUTER ENGINEERING,OPEN_HS,2023,594
50,"Faculty Of Technology(Sfi), Dharmsinh Desai University, Nadiad",COMPUTER ENGINEERING,SC_HS,2023,4687
50,"Faculty Of Technology(Sfi), Dharmsinh Desai University, Nadiad",COMPUTER ENGINEERING,SEBC_HS,2023,1900
50,"Faculty Of Technology(Sfi), Dharmsinh Desai University, Nadiad",COMPUTER ENGINEERING,ST_HS,2023,25173
50,"Faculty Of Technology(Sfi), Dharmsinh Desai University, Nadiad",COMPUTER ENGINEERING,TFWS_HS,2023,384
50,"Faculty Of Technology(Sfi), Dharmsinh Desai University, Nadiad",ELECTRONICS & COMMUNICATI ON ENGINEERING,EWS_HS,2023,22873
50,"Faculty Of Technology(Sfi), Dharmsinh Desai University, Nadiad",ELECTRONICS & COMMUNICATI ON ENGINEERING,OPEN_HS,2023,14785
50,"Faculty Of Technology(Sfi), Dharmsinh Desai University, Nadiad",ELECTRONICS & COMMUNICATI ON ENGINEERING,SC_HS,2023,18412
50,"Faculty Of Technology(Sfi), Dharmsinh Desai University, Nadiad",ELECTRONICS & COMMUNICATI ON ENGINEERING,SEBC_HS,2023,20597
50,"Faculty Of Technology(Sfi), Dharmsinh Desai University, Nadiad",ELECTRONICS & COMMUNICATI ON ENGINEERING,TFWS_HS,2023,5698
50,"Faculty Of Technology(Sfi), Dharmsinh Desai University, Nadiad",INFORMATION TECHNOLOGY,ESM_HS,2023,10116
50,"Faculty Of Technology(Sfi), Dharmsinh Desai University, Nadiad",INFORMATION TECHNOLOGY,EWS_HS,2023,1421
50,"Faculty Of Technology(Sfi), Dharmsinh Desai University, Nadiad",INFORMATION TECHNOLOGY,OPEN_HS,2023,1193
50,"Faculty Of Technology(Sfi), Dharmsinh Desai University, Nadiad",INFORMATION TECHNOLOGY,SC_HS,2023,10107
50,"Faculty Of Technology(Sfi), Dharmsinh Desai University, Nadiad",INFORMATION TECHNOLOGY,SEBC_HS,2023,3105
50,"Faculty Of Technology(Sfi), Dharmsinh Desai University, Nadiad",INFORMATION TECHNOLOGY,ST_HS,2023,24528
50,"Faculty Of Technology(Sfi), Dharmsinh Desai University, Nadiad",INFORMATION TECHNOLOGY,TFWS_HS,2023,539
50,"Faculty Of Technology(Sfi), Dharmsinh Desai University, Nadiad",INSTRUMENTAT ION & CONTROL ENGINEERING,OPEN_HS,2023,20637
50,"Faculty Of Technology(Sfi), Dharmsinh Desai University, Nadiad",MECHANICAL ENGINEERING,OPEN_HS,2023,26548
50,"Faculty Of Technology(Sfi), Dharmsinh Desai University, Nadiad",MECHANICAL ENGINEERING,TFWS_HS,2023,18895
51,"Faculty of Engineering & Technology- GLS University, Ahmedabad",COMPUTER SCIENCE & ENGINEERING,OPEN_HS,2023,26734
51,"Faculty of Engineering & Technology- GLS University, Ahmedabad",COMPUTER SCIENCE & ENGINEERING,TFWS_HS,2023,6368
54,"G.H.Patel College Of Engg. & Tech. , V. V. Nagar",CHEMICAL ENGINEERING,OPEN_HS,2023,19353
54,"G.H.Patel College Of Engg. & Tech. , V. V. Nagar",CHEMICAL ENGINEERING,TFWS_HS,2023,19187
54,"G.H.Patel College Of Engg. & Tech. , V. V. Nagar",COMPUTER ENGINEERING,ESM_HS,2023,13996
54,"G.H.Patel College Of Engg. & Tech. , V. V. Nagar",COMPUTER ENGINEERING,EWS_HS,2023,3211
54,"G.H.Patel College Of Engg. & Tech. , V. V. Nagar",COMPUTER ENGINEERING,OPEN_HS,2023,2836
54,"G.H.Patel College Of Engg. & Tech. , V. V. Nagar",COMPUTER ENGINEERING,SC_HS,2023,11215
54,"G.H.Patel College Of Engg. & Tech. , V. V. Nagar",COMPUTER ENGINEERING,SEBC_HS,2023,4020
54,"G.H.Patel College Of Engg. & Tech. , V. V. Nagar",COMPUTER ENGINEERING,ST_HS,2023,22442
54,"G.H.Patel College Of Engg. & Tech. , V. V. Nagar",COMPUTER ENGINEERING,TFWS_HS,2023,1548
54,"G.H.Patel College Of Engg. & Tech. , V. V. Nagar",COMPUTER SCIENCE & DESIGN,EWS_HS,2023,10545
54,"G.H.Patel College Of Engg. & Tech. , V. V. Nagar",COMPUTER SCIENCE & DESIGN,OPEN_HS,2023,8603
54,"G.H.Patel College Of Engg. & Tech. , V. V. Nagar",COMPUTER SCIENCE & DESIGN,SC_HS,2023,22800
54,"G.H.Patel College Of Engg. & Tech. , V. V. Nagar",COMPUTER SCIENCE & DESIGN,SEBC_HS,2023,21464
54,"G.H.Patel College Of Engg. & Tech. , V. V. Nagar",COMPUTER SCIENCE & DESIGN,TFWS_HS,2023,3088
54,"G.H.Patel College Of Engg. & Tech. , V. V. Nagar",COMPUTER SCIENCE & ENGINEERING (IOT),EWS_HS,2023,8566
54,"G.H.Patel College Of Engg. & Tech. , V. V. Nagar",COMPUTER SCIENCE & ENGINEERING (IOT),OPEN_HS,2023,7156
54,"G.H.Patel College Of Engg. & Tech. , V. V. Nagar",COMPUTER SCIENCE & ENGINEERING (IOT),SC_HS,2023,26672
54,"G.H.Patel College Of Engg. & Tech. , V. V. Nagar",COMPUTER SCIENCE & ENGINEERING (IOT),SEBC_HS,2023,15806
54,"G.H.Patel College Of Engg. & Tech. , V. V. Nagar",COMPUTER SCIENCE & ENGINEERING (IOT),TFWS_HS,2023,2782
54,"G.H.Patel College Of Engg. & Tech. , V. V. Nagar",ELECTRICAL ENGINEERING,OPEN_HS,2023,13392
54,"G.H.Patel College Of Engg. & Tech. , V. V. Nagar",ELECTRONICS & COMMUNICATI ON ENGINEERING,OPEN_HS,2023,23658
54,"G.H.Patel College Of Engg. & Tech. , V. V. Nagar",INFORMATION TECHNOLOGY,EWS_HS,2023,4364
54,"G.H.Patel College Of Engg. & Tech. , V. V. Nagar",INFORMATION TECHNOLOGY,OPEN_HS,2023,4050
54,"G.H.Patel College Of Engg. & Tech. , V. V. Nagar",INFORMATION TECHNOLOGY,SC_HS,2023,13533
54,"G.H.Patel College Of Engg. & Tech. , V. V. Nagar",INFORMATION TECHNOLOGY,SEBC_HS,2023,6003
54,"G.H.Patel College Of Engg. & Tech. , V. V. Nagar",INFORMATION TECHNOLOGY,TFWS_HS,2023,1703
54,"G.H.Patel College Of Engg. & Tech. , V. V. Nagar",MECHANICAL ENGINEERING,OPEN_HS,2023,20377
54,"G.H.Patel College Of Engg. & Tech. , V. V. Nagar",MECHATRONICS,OPEN_HS,2023,26621
54,"G.H.Patel College Of Engg. & Tech. , V. V. Nagar",MECHATRONICS,TFWS_HS,2023,12694
55,"GIDC Degree Engineering College, Abrama, Navsari",COMPUTER ENGINEERING,EWS_HS,2023,26066
55,"GIDC Degree Engineering College, Abrama, Navsari",COMPUTER ENGINEERING,OPEN_HS,2023,14607
55,"GIDC Degree Engineering College, Abrama, Navsari",COMPUTER ENGINEERING,SC_HS,2023,18328
55,"GIDC Degree Engineering College, Abrama, Navsari",COMPUTER ENGINEERING,SEBC_HS,2023,18483
55,"GIDC Degree Engineering College, Abrama, Navsari",COMPUTER ENGINEERING,TFWS_HS,2023,5584
55,"GIDC Degree Engineering College, Abrama, Navsari",ELECTRICAL ENGINEERING,TFWS_HS,2023,16723
55,"GIDC Degree Engineering College, Abrama, Navsari",MECHANICAL ENGINEERING,TFWS_HS,2023,20089
56,GYANMANJARI INSTITUTE OF TECHNOLOGY Bhavnagar,COMPUTER ENGINEERING,OPEN_HS,2023,26346
56,GYANMANJARI INSTITUTE OF TECHNOLOGY Bhavnagar,COMPUTER ENGINEERING,TFWS_HS,2023,8599
56,GYANMANJARI INSTITUTE OF TECHNOLOGY Bhavnagar,INFORMATION TECHNOLOGY,OPEN_HS,2023,26628
56,GYANMANJARI INSTITUTE OF TECHNOLOGY Bhavnagar,INFORMATION TECHNOLOGY,TFWS_HS,2023,8994
57,"Gandhinagar Institute Of Technology, Moti Bhoyan, Kalol, Gandhinagar",COMPUTER ENGINEERING,OPEN_HS,2023,26593
57,"Gandhinagar Institute Of Technology, Moti Bhoyan, Kalol, Gandhinagar",COMPUTER ENGINEERING,TFWS_HS,2023,9162
57,"Gandhinagar Institute Of Technology, Moti Bhoyan, Kalol, Gandhinagar",INFORMATION TECHNOLOGY,OPEN_HS,2023,25910
57,"Gandhinagar Institute Of Technology, Moti Bhoyan, Kalol, Gandhinagar",INFORMATION TECHNOLOGY,TFWS_HS,2023,10614
58,"Ganpat University, Institute of Computer Tech., Kherva, Mehsana",COMPUTER SCIENCE & ENGINEERING,OPEN_HS,2023,24213
58,"Ganpat University, Institute of Computer Tech., Kherva, Mehsana",COMPUTER SCIENCE & ENGINEERING,TFWS_HS,2023,5099
58,"Ganpat University, Institute of Computer Tech., Kherva, Mehsana",COMPUTER SCIENCE & ENGINEERING (BIG DATA ANALYTICS),OPEN_HS,2023,23121
58,"Ganpat University, Institute of Computer Tech., Kherva, Mehsana",COMPUTER SCIENCE & ENGINEERING (BIG DATA ANALYTICS),TFWS_HS,2023,12263
58,"Ganpat University, Institute of Computer Tech., Kherva, Mehsana",COMPUTER SCIENCE & ENGINEERING (CLOUD BASED APPLICATIONS),OPEN_HS,2023,25598
58,"Ganpat University, Institute of Computer Tech., Kherva, Mehsana",COMPUTER SCIENCE & ENGINEERING (CLOUD BASED APPLICATIONS),TFWS_HS,2023,15230
58,"Ganpat University, Institute of Computer Tech., Kherva, Mehsana",COMPUTER SCIENCE & ENGINEERING (CYBER SECURITY),OPEN_HS,2023,26607
58,"Ganpat University, Institute of Computer Tech., Kherva, Mehsana",COMPUTER SCIENCE & ENGINEERING (CYBER SECURITY),TFWS_HS,2023,14013
58,"Ganpat University, Institute of Computer Tech., Kherva, Mehsana",INFORMATION & COMMUNICATI ON TECHNOLOGY,OPEN_HS,2023,20503
58,"Ganpat University, Institute of Computer Tech., Kherva, Mehsana",INFORMATION & COMMUNICATI ON TECHNOLOGY,TFWS_HS,2023,6386
59,"Ganpat University, U.V.Patel College of Engineering, Kherva, Mehsana",AUTOMOBILE ENGINEERING,OPEN_HS,2023,18846
59,"Ganpat University, U.V.Patel College of Engineering, Kherva, Mehsana",BIOTECHNOLOG Y,OPEN_HS,2023,25410
59,"Ganpat University, U.V.Patel College of Engineering, Kherva, Mehsana",BIOTECHNOLOG Y,TFWS_HS,2023,1876
59,"Ganpat University, U.V.Patel College of Engineering, Kherva, Mehsana",CIVIL ENGINEERING,OPEN_HS,2023,25629
59,"Ganpat University, U.V.Patel College of Engineering, Kherva, Mehsana",COMPUTER ENGINEERING,OPEN_HS,2023,26707
59,"Ganpat University, U.V.Patel College of Engineering, Kherva, Mehsana",COMPUTER ENGINEERING,TFWS_HS,2023,4771
59,"Ganpat University, U.V.Patel College of Engineering, Kherva, Mehsana",COMPUTER ENGINEERING (ARTIFICIAL INTELLIGENCE),OPEN_HS,2023,24462
59,"Ganpat University, U.V.Patel College of Engineering, Kherva, Mehsana",COMPUTER ENGINEERING (ARTIFICIAL INTELLIGENCE),TFWS_HS,2023,4834
59,"Ganpat University, U.V.Patel College of Engineering, Kherva, Mehsana",COMPUTER SCIENCE & BUSINESS SYSTEMS,OPEN_HS,2023,25449
59,"Ganpat University, U.V.Patel College of Engineering, Kherva, Mehsana",COMPUTER SCIENCE & BUSINESS SYSTEMS,TFWS_HS,2023,8363
59,"Ganpat University, U.V.Patel College of Engineering, Kherva, Mehsana",ELECTRICAL ENGINEERING,OPEN_HS,2023,26411
59,"Ganpat University, U.V.Patel College of Engineering, Kherva, Mehsana",INFORMATION TECHNOLOGY,OPEN_HS,2023,26718
59,"Ganpat University, U.V.Patel College of Engineering, Kherva, Mehsana",INFORMATION TECHNOLOGY,TFWS_HS,2023,3957
59,"Ganpat University, U.V.Patel College of Engineering, Kherva, Mehsana",MARINE ENGINEERING,OPEN_HS,2023,24389
59,"Ganpat University, U.V.Patel College of Engineering, Kherva, Mehsana",MECHANICAL ENGINEERING,OPEN_HS,2023,24201
59,"Ganpat University, U.V.Patel College of Engineering, Kherva, Mehsana",MECHATRONICS,OPEN_HS,2023,18788
59,"Ganpat University, U.V.Patel College of Engineering, Kherva, Mehsana",PETROCHEMICA L ENGINEERING,OPEN_HS,2023,15784
60,"Government Engineering College, Bharuch",CHEMICAL ENGINEERING,ESM_HS,2023,21846
60,"Government Engineering College, Bharuch",CHEMICAL ENGINEERING,EWS_HS,2023,17009
60,"Government Engineering College, Bharuch",CHEMICAL ENGINEERING,OPEN_AI,2023,904276
60,"Government Engineering College, Bharuch",CHEMICAL ENGINEERING,OPEN_HS,2023,14792
60,"Government Engineering College, Bharuch",CHEMICAL ENGINEERING,SEBC_HS,2023,20900
60,"Government Engineering College, Bharuch",CHEMICAL ENGINEERING,ST_HS,2023,23288
60,"Government Engineering College, Bharuch",CHEMICAL ENGINEERING,TFWS_HS,2023,7353
60,"Government Engineering College, Bharuch",CIVIL ENGINEERING,OPEN_AI,2023,914262
60,"Government Engineering College, Bharuch",CIVIL ENGINEERING,OPEN_HS,2023,26660
60,"Government Engineering College, Bharuch",CIVIL ENGINEERING,TFWS_HS,2023,26190
60,"Government Engineering College, Bharuch",COMPUTER ENGINEERING,ESM_HS,2023,14853
60,"Government Engineering College, Bharuch",COMPUTER ENGINEERING,EWS_HS,2023,9554
60,"Government Engineering College, Bharuch",COMPUTER ENGINEERING,OPEN_AI,2023,900989
60,"Government Engineering College, Bharuch",COMPUTER ENGINEERING,OPEN_HS,2023,6789
60,"Government Engineering College, Bharuch",COMPUTER ENGINEERING,SC_HS,2023,17204
60,"Government Engineering College, Bharuch",COMPUTER ENGINEERING,SEBC_HS,2023,10537
60,"Government Engineering College, Bharuch",COMPUTER ENGINEERING,ST_HS,2023,24706
60,"Government Engineering College, Bharuch",COMPUTER ENGINEERING,TFWS_HS,2023,4618
60,"Government Engineering College, Bharuch",ELECTRICAL ENGINEERING,OPEN_AI,2023,913022
60,"Government Engineering College, Bharuch",ELECTRICAL ENGINEERING,OPEN_HS,2023,25049
60,"Government Engineering College, Bharuch",ELECTRICAL ENGINEERING,TFWS_HS,2023,25655
60,"Government Engineering College, Bharuch",ELECTRONICS & COMMUNICATI ON ENGINEERING,OPEN_AI,2023,914437
60,"Government Engineering College, Bharuch",ELECTRONICS & COMMUNICATI ON ENGINEERING,OPEN_HS,2023,26149
60,"Government Engineering College, Bharuch",ELECTRONICS & COMMUNICATI ON ENGINEERING,TFWS_HS,2023,26173
60,"Government Engineering College, Bharuch",MECHANICAL ENGINEERING,OPEN_AI,2023,909722
60,"Government Engineering College, Bharuch",MECHANICAL ENGINEERING,OPEN_HS,2023,26582
60,"Government Engineering College, Bharuch",MECHANICAL ENGINEERING,TFWS_HS,2023,25522
61,"Government Engineering College, Bhavnagar",CIVIL ENGINEERING,OPEN_AI,2023,914495
61,"Government Engineering College, Bhavnagar",CIVIL ENGINEERING,OPEN_HS,2023,25862
61,"Government Engineering College, Bhavnagar",CIVIL ENGINEERING,TFWS_HS,2023,11323
61,"Government Engineering College, Bhavnagar",COMPUTER ENGINEERING,EWS_HS,2023,5721
61,"Government Engineering College, Bhavnagar",COMPUTER ENGINEERING,OPEN_AI,2023,900779
61,"Government Engineering College, Bhavnagar",COMPUTER ENGINEERING,OPEN_HS,2023,4437
61,"Government Engineering College, Bhavnagar",COMPUTER ENGINEERING,SC_HS,2023,21573
61,"Government Engineering College, Bhavnagar",COMPUTER ENGINEERING,SEBC_HS,2023,5441
61,"Government Engineering College, Bhavnagar",COMPUTER ENGINEERING,ST_HS,2023,20911
61,"Government Engineering College, Bhavnagar",COMPUTER ENGINEERING,TFWS_HS,2023,3425
61,"Government Engineering College, Bhavnagar",ELECTRONICS & COMMUNICATI ON ENGINEERING,OPEN_AI,2023,914455
61,"Government Engineering College, Bhavnagar",ELECTRONICS & COMMUNICATI ON ENGINEERING,OPEN_HS,2023,26616
61,"Government Engineering College, Bhavnagar",ELECTRONICS & COMMUNICATI ON ENGINEERING,TFWS_HS,2023,16472
61,"Government Engineering College, Bhavnagar",INFORMATION & COMMUNICATI ON TECHNOLOGY,EWS_HS,2023,11857
61,"Government Engineering College, Bhavnagar",INFORMATION & COMMUNICATI ON TECHNOLOGY,OPEN_AI,2023,901539
61,"Government Engineering College, Bhavnagar",INFORMATION & COMMUNICATI ON TECHNOLOGY,OPEN_HS,2023,11119
61,"Government Engineering College, Bhavnagar",INFORMATION & COMMUNICATI ON TECHNOLOGY,SC_HS,2023,26195
61,"Government Engineering College, Bhavnagar",INFORMATION & COMMUNICATI ON TECHNOLOGY,SEBC_HS,2023,15771
61,"Government Engineering College, Bhavnagar",INFORMATION & COMMUNICATI ON TECHNOLOGY,TFWS_HS,2023,3148
61,"Government Engineering College, Bhavnagar",INFORMATION TECHNOLOGY,EWS_HS,2023,7734
61,"Government Engineering College, Bhavnagar",INFORMATION TECHNOLOGY,OPEN_AI,2023,901193
61,"Government Engineering College, Bhavnagar",INFORMATION TECHNOLOGY,OPEN_HS,2023,5887
61,"Government Engineering College, Bhavnagar",INFORMATION TECHNOLOGY,SC_HS,2023,24959
61,"Government Engineering College, Bhavnagar",INFORMATION TECHNOLOGY,SEBC_HS,2023,7959
61,"Government Engineering College, Bhavnagar",INFORMATION TECHNOLOGY,ST_HS,2023,6560
61,"Government Engineering College, Bhavnagar",INFORMATION TECHNOLOGY,TFWS_HS,2023,3394
61,"Government Engineering College, Bhavnagar",MECHANICAL ENGINEERING,OPEN_AI,2023,912797
61,"Government Engineering College, Bhavnagar",MECHANICAL ENGINEERING,OPEN_HS,2023,26016
61,"Government Engineering College, Bhavnagar",MECHANICAL ENGINEERING,TFWS_HS,2023,20247
62,"Government Engineering College, Bhuj",CHEMICAL ENGINEERING,OPEN_AI,2023,913141
62,"Government Engineering College, Bhuj",CHEMICAL ENGINEERING,OPEN_HS,2023,25474
62,"Government Engineering College, Bhuj",CHEMICAL ENGINEERING,TFWS_HS,2023,21729
62,"Government Engineering College, Bhuj",CIVIL ENGINEERING,OPEN_AI,2023,913933
62,"Government Engineering College, Bhuj",CIVIL ENGINEERING,OPEN_HS,2023,22887
62,"Government Engineering College, Bhuj",ELECTRICAL ENGINEERING,OPEN_AI,2023,913962
62,"Government Engineering College, Bhuj",ELECTRICAL ENGINEERING,OPEN_HS,2023,26752
62,"Government Engineering College, Bhuj",MECHANICAL ENGINEERING,OPEN_AI,2023,912654
62,"Government Engineering College, Bhuj",MECHANICAL ENGINEERING,OPEN_HS,2023,24956
62,"Government Engineering College, Bhuj",MECHANICAL ENGINEERING,TFWS_HS,2023,26614
62,"Government Engineering College, Bhuj",MINING ENGINEERING,OPEN_HS,2023,18776
63,"Government Engineering College, Dahod",CIVIL ENGINEERING,OPEN_HS,2023,26503
63,"Government Engineering College, Dahod",CIVIL ENGINEERING,TFWS_HS,2023,16378
63,"Government Engineering College, Dahod",COMPUTER ENGINEERING,EWS_HS,2023,18051
63,"Government Engineering College, Dahod",COMPUTER ENGINEERING,OPEN_AI,2023,902066
63,"Government Engineering College, Dahod",COMPUTER ENGINEERING,OPEN_HS,2023,14377
63,"Government Engineering College, Dahod",COMPUTER ENGINEERING,SC_HS,2023,23706
63,"Government Engineering College, Dahod",COMPUTER ENGINEERING,SEBC_HS,2023,18065
63,"Government Engineering College, Dahod",COMPUTER ENGINEERING,ST_HS,2023,25298
63,"Government Engineering College, Dahod",COMPUTER ENGINEERING,TFWS_HS,2023,9671
63,"Government Engineering College, Dahod",ELECTRICAL ENGINEERING,TFWS_HS,2023,19110
63,"Government Engineering College, Dahod",ELECTRONICS & COMMUNICATI ON ENGINEERING,OPEN_AI,2023,914573
63,"Government Engineering College, Dahod",MECHANICAL ENGINEERING,OPEN_AI,2023,913761
63,"Government Engineering College, Dahod",MECHANICAL ENGINEERING,OPEN_HS,2023,23772
64,"Government Engineering College, Godhra",CIVIL ENGINEERING,OPEN_AI,2023,914280
64,"Government Engineering College, Godhra",CIVIL ENGINEERING,OPEN_HS,2023,25515
64,"Government Engineering College, Godhra",ELECTRICAL ENGINEERING,OPEN_AI,2023,904779
64,"Government Engineering College, Godhra",ELECTRICAL ENGINEERING,OPEN_HS,2023,23462
64,"Government Engineering College, Godhra",MECHANICAL ENGINEERING,OPEN_AI,2023,914567
65,"Government Engineering College, Modasa",AUTOMOBILE ENGINEERING,OPEN_HS,2023,25860
65,"Government Engineering College, Modasa",CIVIL ENGINEERING,OPEN_AI,2023,912338
65,"Government Engineering College, Modasa",CIVIL ENGINEERING,OPEN_HS,2023,23647
65,"Government Engineering College, Modasa",COMPUTER ENGINEERING,ESM_HS,2023,20519
65,"Government Engineering College, Modasa",COMPUTER ENGINEERING,EWS_HS,2023,13765
65,"Government Engineering College, Modasa",COMPUTER ENGINEERING,OPEN_AI,2023,901773
65,"Government Engineering College, Modasa",COMPUTER ENGINEERING,OPEN_HS,2023,11051
65,"Government Engineering College, Modasa",COMPUTER ENGINEERING,SC_HS,2023,26739
65,"Government Engineering College, Modasa",COMPUTER ENGINEERING,SEBC_HS,2023,16785
65,"Government Engineering College, Modasa",COMPUTER ENGINEERING,TFWS_HS,2023,7195
65,"Government Engineering College, Modasa",ELECTRICAL ENGINEERING,OPEN_HS,2023,23092
65,"Government Engineering College, Modasa",ELECTRICAL ENGINEERING,TFWS_HS,2023,26380
65,"Government Engineering College, Modasa",ELECTRONICS & COMMUNICATI ON ENGINEERING,OPEN_AI,2023,913850
65,"Government Engineering College, Modasa",ELECTRONICS & COMMUNICATI ON ENGINEERING,OPEN_HS,2023,26557
65,"Government Engineering College, Modasa",ELECTRONICS & COMMUNICATI ON ENGINEERING,TFWS_HS,2023,19487
65,"Government Engineering College, Modasa",INFORMATION TECHNOLOGY,ESM_HS,2023,24785
65,"Government Engineering College, Modasa",INFORMATION TECHNOLOGY,EWS_HS,2023,15099
65,"Government Engineering College, Modasa",INFORMATION TECHNOLOGY,OPEN_AI,2023,901948
65,"Government Engineering College, Modasa",INFORMATION TECHNOLOGY,OPEN_HS,2023,12829
65,"Government Engineering College, Modasa",INFORMATION TECHNOLOGY,SC_HS,2023,22348
65,"Government Engineering College, Modasa",INFORMATION TECHNOLOGY,SEBC_HS,2023,17948
65,"Government Engineering College, Modasa",INFORMATION TECHNOLOGY,ST_HS,2023,25893
65,"Government Engineering College, Modasa",INFORMATION TECHNOLOGY,TFWS_HS,2023,7365
65,"Government Engineering College, Modasa",MECHANICAL ENGINEERING,OPEN_AI,2023,913296
65,"Government Engineering College, Modasa",MECHANICAL ENGINEERING,OPEN_HS,2023,26052
66,"Government Engineering College, Palanpur",CIVIL ENGINEERING,OPEN_AI,2023,912569
66,"Government Engineering College, Palanpur",CIVIL ENGINEERING,OPEN_HS,2023,26476
66,"Government Engineering College, Palanpur",CIVIL ENGINEERING,TFWS_HS,2023,17549
66,"Government Engineering College, Palanpur",ELECTRICAL ENGINEERING,OPEN_AI,2023,909479
66,"Government Engineering College, Palanpur",ELECTRICAL ENGINEERING,OPEN_HS,2023,23458
66,"Government Engineering College, Palanpur",ELECTRICAL ENGINEERING,TFWS_HS,2023,24964
66,"Government Engineering College, Palanpur",MECHANICAL ENGINEERING,OPEN_AI,2023,909514
66,"Government Engineering College, Palanpur",MECHANICAL ENGINEERING,OPEN_HS,2023,25621
66,"Government Engineering College, Palanpur",MINING ENGINEERING,OPEN_AI,2023,909583
67,"Government Engineering College, Patan",CIVIL ENGINEERING,OPEN_AI,2023,914029
67,"Government Engineering College, Patan",CIVIL ENGINEERING,OPEN_HS,2023,25044
67,"Government Engineering College, Patan",CIVIL ENGINEERING,TFWS_HS,2023,25795
67,"Government Engineering College, Patan",COMPUTER SCIENCE & ENGINEERING,ESM_HS,2023,21737
67,"Government Engineering College, Patan",COMPUTER SCIENCE & ENGINEERING,EWS_HS,2023,13073
67,"Government Engineering College, Patan",COMPUTER SCIENCE & ENGINEERING,OPEN_AI,2023,902210
67,"Government Engineering College, Patan",COMPUTER SCIENCE & ENGINEERING,OPEN_HS,2023,10785
67,"Government Engineering College, Patan",COMPUTER SCIENCE & ENGINEERING,SC_HS,2023,26418
67,"Government Engineering College, Patan",COMPUTER SCIENCE & ENGINEERING,SEBC_HS,2023,16915
67,"Government Engineering College, Patan",COMPUTER SCIENCE & ENGINEERING,ST_HS,2023,23701
67,"Government Engineering College, Patan",COMPUTER SCIENCE & ENGINEERING,TFWS_HS,2023,5478
67,"Government Engineering College, Patan",ELECTRICAL ENGINEERING,OPEN_HS,2023,23158
67,"Government Engineering College, Patan",ELECTRICAL ENGINEERING,TFWS_HS,2023,14283
67,"Government Engineering College, Patan",ELECTRONICS & COMMUNICATI ON ENGINEERING,OPEN_AI,2023,913780
67,"Government Engineering College, Patan",ELECTRONICS & COMMUNICATI ON ENGINEERING,OPEN_HS,2023,12993
67,"Government Engineering College, Patan",ELECTRONICS & COMMUNICATI ON ENGINEERING,TFWS_HS,2023,24854
67,"Government Engineering College, Patan",MECHANICAL ENGINEERING,OPEN_AI,2023,910918
67,"Government Engineering College, Patan",MECHANICAL ENGINEERING,OPEN_HS,2023,14077
67,"Government Engineering College, Patan",MECHANICAL ENGINEERING,TFWS_HS,2023,26534
68,"Government Engineering College, Rajkot",ARTIFICIAL INTELLIGENCE AND DATA SCIENCE,ESM_HS,2023,25217
68,"Government Engineering College, Rajkot",ARTIFICIAL INTELLIGENCE AND DATA SCIENCE,EWS_HS,2023,24221
68,"Government Engineering College, Rajkot",ARTIFICIAL INTELLIGENCE AND DATA SCIENCE,OPEN_AI,2023,901490
68,"Government Engineering College, Rajkot",ARTIFICIAL INTELLIGENCE AND DATA SCIENCE,OPEN_HS,2023,17306
68,"Government Engineering College, Rajkot",ARTIFICIAL INTELLIGENCE AND DATA SCIENCE,SC_HS,2023,21730
68,"Government Engineering College, Rajkot",ARTIFICIAL INTELLIGENCE AND DATA SCIENCE,SEBC_HS,2023,25231
68,"Government Engineering College, Rajkot",ARTIFICIAL INTELLIGENCE AND DATA SCIENCE,TFWS_HS,2023,9669
68,"Government Engineering College, Rajkot",AUTOMOBILE ENGINEERING,OPEN_AI,2023,914102
68,"Government Engineering College, Rajkot",AUTOMOBILE ENGINEERING,OPEN_HS,2023,25220
68,"Government Engineering College, Rajkot",AUTOMOBILE ENGINEERING,TFWS_HS,2023,21029
68,"Government Engineering College, Rajkot",CIVIL ENGINEERING,OPEN_AI,2023,914157
68,"Government Engineering College, Rajkot",CIVIL ENGINEERING,OPEN_HS,2023,25897
68,"Government Engineering College, Rajkot",CIVIL ENGINEERING,TFWS_HS,2023,12737
68,"Government Engineering College, Rajkot",COMPUTER ENGINEERING,ESM_HS,2023,15331
68,"Government Engineering College, Rajkot",COMPUTER ENGINEERING,EWS_HS,2023,8792
68,"Government Engineering College, Rajkot",COMPUTER ENGINEERING,OPEN_AI,2023,900950
68,"Government Engineering College, Rajkot",COMPUTER ENGINEERING,OPEN_HS,2023,6392
68,"Government Engineering College, Rajkot",COMPUTER ENGINEERING,SC_HS,2023,18961
68,"Government Engineering College, Rajkot",COMPUTER ENGINEERING,SEBC_HS,2023,8926
68,"Government Engineering College, Rajkot",COMPUTER ENGINEERING,ST_HS,2023,25456
68,"Government Engineering College, Rajkot",COMPUTER ENGINEERING,TFWS_HS,2023,3355
68,"Government Engineering College, Rajkot",ELECTRICAL ENGINEERING,OPEN_AI,2023,914425
68,"Government Engineering College, Rajkot",ELECTRICAL ENGINEERING,OPEN_HS,2023,26545
68,"Government Engineering College, Rajkot",ELECTRICAL ENGINEERING,TFWS_HS,2023,14706
68,"Government Engineering College, Rajkot",ELECTRONICS & COMMUNICATI ON ENGINEERING,OPEN_AI,2023,914170
68,"Government Engineering College, Rajkot",ELECTRONICS & COMMUNICATI ON ENGINEERING,OPEN_HS,2023,26147
68,"Government Engineering College, Rajkot",ELECTRONICS & COMMUNICATI ON ENGINEERING,TFWS_HS,2023,18536
68,"Government Engineering College, Rajkot",INSTRUMENTAT ION & CONTROL ENGINEERING,OPEN_AI,2023,912708
68,"Government Engineering College, Rajkot",INSTRUMENTAT ION & CONTROL ENGINEERING,OPEN_HS,2023,26334
68,"Government Engineering College, Rajkot",MECHANICAL ENGINEERING,OPEN_AI,2023,914017
68,"Government Engineering College, Rajkot",MECHANICAL ENGINEERING,OPEN_HS,2023,26158
68,"Government Engineering College, Rajkot",MECHANICAL ENGINEERING,TFWS_HS,2023,10990
68,"Government Engineering College, Rajkot",ROBOTICS AND AUTOMATION,OPEN_AI,2023,914474
68,"Government Engineering College, Rajkot",ROBOTICS AND AUTOMATION,OPEN_HS,2023,26377
68,"Government Engineering College, Rajkot",ROBOTICS AND AUTOMATION,TFWS_HS,2023,20297
69,"Government Engineering College, Sector 28 Gandhinagar",BIOMEDICAL ENGINEERING,OPEN_AI,2023,913425
69,"Government Engineering College, Sector 28 Gandhinagar",BIOMEDICAL ENGINEERING,OPEN_HS,2023,20904
69,"Government Engineering College, Sector 28 Gandhinagar",CIVIL ENGINEERING,OPEN_AI,2023,904702
69,"Government Engineering College, Sector 28 Gandhinagar",CIVIL ENGINEERING,OPEN_HS,2023,25417
69,"Government Engineering College, Sector 28 Gandhinagar",CIVIL ENGINEERING,SEBC_HS,2023,25746
69,"Government Engineering College, Sector 28 Gandhinagar",CIVIL ENGINEERING,ST_HS,2023,26373
69,"Government Engineering College, Sector 28 Gandhinagar",CIVIL ENGINEERING,TFWS_HS,2023,13402
69,"Government Engineering College, Sector 28 Gandhinagar",COMPUTER ENGINEERING,ESM_HS,2023,8655
69,"Government Engineering College, Sector 28 Gandhinagar",COMPUTER ENGINEERING,EWS_HS,2023,2854
69,"Government Engineering College, Sector 28 Gandhinagar",COMPUTER ENGINEERING,OPEN_AI,2023,900555
69,"Government Engineering College, Sector 28 Gandhinagar",COMPUTER ENGINEERING,OPEN_HS,2023,2643
69,"Government Engineering College, Sector 28 Gandhinagar",COMPUTER ENGINEERING,SC_HS,2023,8595
69,"Government Engineering College, Sector 28 Gandhinagar",COMPUTER ENGINEERING,SEBC_HS,2023,3806
69,"Government Engineering College, Sector 28 Gandhinagar",COMPUTER ENGINEERING,ST_HS,2023,25797
69,"Government Engineering College, Sector 28 Gandhinagar",COMPUTER ENGINEERING,TFWS_HS,2023,1910
69,"Government Engineering College, Sector 28 Gandhinagar",ELECTRONICS & COMMUNICATI ON ENGINEERING,OPEN_AI,2023,903758
69,"Government Engineering College, Sector 28 Gandhinagar",ELECTRONICS & COMMUNICATI ON ENGINEERING,OPEN_HS,2023,26750
69,"Government Engineering College, Sector 28 Gandhinagar",ELECTRONICS & COMMUNICATI ON ENGINEERING,TFWS_HS,2023,13143
69,"Government Engineering College, Sector 28 Gandhinagar",INFORMATION TECHNOLOGY,ESM_HS,2023,12357
69,"Government Engineering College, Sector 28 Gandhinagar",INFORMATION TECHNOLOGY,EWS_HS,2023,3313
69,"Government Engineering College, Sector 28 Gandhinagar",INFORMATION TECHNOLOGY,OPEN_AI,2023,900843
69,"Government Engineering College, Sector 28 Gandhinagar",INFORMATION TECHNOLOGY,OPEN_HS,2023,3070
69,"Government Engineering College, Sector 28 Gandhinagar",INFORMATION TECHNOLOGY,SC_HS,2023,11491
69,"Government Engineering College, Sector 28 Gandhinagar",INFORMATION TECHNOLOGY,SEBC_HS,2023,4128
69,"Government Engineering College, Sector 28 Gandhinagar",INFORMATION TECHNOLOGY,ST_HS,2023,24711
69,"Government Engineering College, Sector 28 Gandhinagar",INFORMATION TECHNOLOGY,TFWS_HS,2023,2344
69,"Government Engineering College, Sector 28 Gandhinagar",INSTRUMENTAT ION & CONTROL ENGINEERING,OPEN_AI,2023,914416
69,"Government Engineering College, Sector 28 Gandhinagar",INSTRUMENTAT ION & CONTROL ENGINEERING,OPEN_HS,2023,17508
69,"Government Engineering College, Sector 28 Gandhinagar",MECHANICAL ENGINEERING,OPEN_AI,2023,914559
69,"Government Engineering College, Sector 28 Gandhinagar",MECHANICAL ENGINEERING,OPEN_HS,2023,25780
69,"Government Engineering College, Sector 28 Gandhinagar",MECHANICAL ENGINEERING,TFWS_HS,2023,13602
69,"Government Engineering College, Sector 28 Gandhinagar",METALLURGY,OPEN_AI,2023,912977
69,"Government Engineering College, Sector 28 Gandhinagar",METALLURGY,OPEN_HS,2023,20751
69,"Government Engineering College, Sector 28 Gandhinagar",ROBOTICS AND AUTOMATION,OPEN_AI,2023,905451
69,"Government Engineering College, Sector 28 Gandhinagar",ROBOTICS AND AUTOMATION,OPEN_HS,2023,26297
69,"Government Engineering College, Sector 28 Gandhinagar",ROBOTICS AND AUTOMATION,TFWS_HS,2023,10238
70,"Government Engineering College, Valsad",CHEMICAL ENGINEERING,OPEN_AI,2023,914310
70,"Government Engineering College, Valsad",CHEMICAL ENGINEERING,OPEN_HS,2023,26366
70,"Government Engineering College, Valsad",CHEMICAL ENGINEERING,TFWS_HS,2023,15790
70,"Government Engineering College, Valsad",CIVIL ENGINEERING,OPEN_AI,2023,914359
70,"Government Engineering College, Valsad",CIVIL ENGINEERING,OPEN_HS,2023,26136
70,"Government Engineering College, Valsad",CIVIL ENGINEERING,TFWS_HS,2023,17063
70,"Government Engineering College, Valsad",ELECTRICAL ENGINEERING,OPEN_AI,2023,913810
70,"Government Engineering College, Valsad",ELECTRICAL ENGINEERING,OPEN_HS,2023,26592
70,"Government Engineering College, Valsad",ELECTRICAL ENGINEERING,TFWS_HS,2023,15691
70,"Government Engineering College, Valsad",ENVIRONMENT AL ENGINEERING,OPEN_AI,2023,913558
70,"Government Engineering College, Valsad",ENVIRONMENT AL ENGINEERING,OPEN_HS,2023,26002
70,"Government Engineering College, Valsad",MECHANICAL ENGINEERING,OPEN_AI,2023,914612
70,"Government Engineering College, Valsad",MECHANICAL ENGINEERING,OPEN_HS,2023,26258
70,"Government Engineering College, Valsad",MECHANICAL ENGINEERING,TFWS_HS,2023,18044
72,"Grow More Faculty of Engineering, Berna, Himmatnagar",CIVIL ENGINEERING,OPEN_HS,2023,24997
72,"Grow More Faculty of Engineering, Berna, Himmatnagar",COMPUTER ENGINEERING,OPEN_HS,2023,24241
72,"Grow More Faculty of Engineering, Berna, Himmatnagar",COMPUTER ENGINEERING,TFWS_HS,2023,15729
72,"Grow More Faculty of Engineering, Berna, Himmatnagar",INFORMATION TECHNOLOGY,OPEN_HS,2023,25151
73,"Gujarat Power Engg. And Res. Inst. (Gperi) (Ppp), Mevad, Mehsana",COMPUTER ENGINEERING,OPEN_HS,2023,26635
73,"Gujarat Power Engg. And Res. Inst. (Gperi) (Ppp), Mevad, Mehsana",COMPUTER ENGINEERING,TFWS_HS,2023,9068
73,"Gujarat Power Engg. And Res. Inst. (Gperi) (Ppp), Mevad, Mehsana",COMPUTER ENGINEERING- GUJARATI,OPEN_HS,2023,22634
73,"Gujarat Power Engg. And Res. Inst. (Gperi) (Ppp), Mevad, Mehsana",COMPUTER ENGINEERING- GUJARATI,TFWS_HS,2023,16783
73,"Gujarat Power Engg. And Res. Inst. (Gperi) (Ppp), Mevad, Mehsana",MECHANICAL ENGINEERING,OPEN_HS,2023,24222
75,"Hansaba College Of Engieering And Technology, Siddhpur",COMPUTER ENGINEERING,OPEN_HS,2023,15648
75,"Hansaba College Of Engieering And Technology, Siddhpur",COMPUTER SCIENCE & ENGINEERING (CYBER SECURITY),TFWS_HS,2023,25984
75,"Hansaba College Of Engieering And Technology, Siddhpur",INFORMATION & COMMUNICATI ON TECHNOLOGY,TFWS_HS,2023,25088
75,"Hansaba College Of Engieering And Technology, Siddhpur",INFORMATION TECHNOLOGY,TFWS_HS,2023,20630
77,"Hjd Institute Of Technical Education And Reserch, Kera",COMPUTER SCIENCE & ENGINEERING,OPEN_HS,2023,16649
78,"ITM (SLS) Baroda University (Formerly Known as ITM Universe), Vadodara",CHEMICAL ENGINEERING,OPEN_HS,2023,26352
78,"ITM (SLS) Baroda University (Formerly Known as ITM Universe), Vadodara",COMPUTER SCIENCE & ENGINEERING,OPEN_HS,2023,26602
78,"ITM (SLS) Baroda University (Formerly Known as ITM Universe), Vadodara",COMPUTER SCIENCE & ENGINEERING,TFWS_HS,2023,9966
78,"ITM (SLS) Baroda University (Formerly Known as ITM Universe), Vadodara",COMPUTER SCIENCE & ENGINEERING (ARTIFICIAL INTELLIGENCE),OPEN_HS,2023,18744
78,"ITM (SLS) Baroda University (Formerly Known as ITM Universe), Vadodara",COMPUTER SCIENCE & ENGINEERING (CYBER SECURITY),OPEN_HS,2023,24987
78,"ITM (SLS) Baroda University (Formerly Known as ITM Universe), Vadodara",COMPUTER SCIENCE & ENGINEERING (CYBER SECURITY),TFWS_HS,2023,12422
78,"ITM (SLS) Baroda University (Formerly Known as ITM Universe), Vadodara",INFORMATION TECHNOLOGY,OPEN_HS,2023,24561
78,"ITM (SLS) Baroda University (Formerly Known as ITM Universe), Vadodara",INFORMATION TECHNOLOGY,TFWS_HS,2023,9146
78,"ITM (SLS) Baroda University (Formerly Known as ITM Universe), Vadodara",MECHATRONICS,OPEN_HS,2023,22398
80,"Indus Institute Of Tech. & Engg., Racharda, Ahmedabad",CIVIL ENGINEERING,TFWS_HS,2023,25822
80,"Indus Institute Of Tech. & Engg., Racharda, Ahmedabad",COMPUTER ENGINEERING,OPEN_HS,2023,26580
80,"Indus Institute Of Tech. & Engg., Racharda, Ahmedabad",COMPUTER ENGINEERING,TFWS_HS,2023,5340
80,"Indus Institute Of Tech. & Engg., Racharda, Ahmedabad",COMPUTER SCIENCE & ENGINEERING,OPEN_HS,2023,26779
80,"Indus Institute Of Tech. & Engg., Racharda, Ahmedabad",COMPUTER SCIENCE & ENGINEERING,TFWS_HS,2023,5020
80,"Indus Institute Of Tech. & Engg., Racharda, Ahmedabad",ELECTRICAL ENGINEERING,TFWS_HS,2023,24534
80,"Indus Institute Of Tech. & Engg., Racharda, Ahmedabad",ELECTRONICS & COMMUNICATI ON ENGINEERING,OPEN_HS,2023,24436
80,"Indus Institute Of Tech. & Engg., Racharda, Ahmedabad",ELECTRONICS & COMMUNICATI ON ENGINEERING,TFWS_HS,2023,18094
80,"Indus Institute Of Tech. & Engg., Racharda, Ahmedabad",INFORMATION & COMMUNICATI ON TECHNOLOGY,OPEN_HS,2023,24707
80,"Indus Institute Of Tech. & Engg., Racharda, Ahmedabad",INFORMATION & COMMUNICATI ON TECHNOLOGY,TFWS_HS,2023,12630
80,"Indus Institute Of Tech. & Engg., Racharda, Ahmedabad",INFORMATION TECHNOLOGY,OPEN_HS,2023,26474
80,"Indus Institute Of Tech. & Engg., Racharda, Ahmedabad",INFORMATION TECHNOLOGY,TFWS_HS,2023,5402
80,"Indus Institute Of Tech. & Engg., Racharda, Ahmedabad",MECHANICAL ENGINEERING,OPEN_HS,2023,24391
80,"Indus Institute Of Tech. & Engg., Racharda, Ahmedabad",MECHANICAL ENGINEERING,TFWS_HS,2023,21580
81,"Institute Of Technology, Nirma University Of Science & Technology, Ahmedabad",CHEMICAL ENGINEERING,EWS_HS,2023,18393
81,"Institute Of Technology, Nirma University Of Science & Technology, Ahmedabad",CHEMICAL ENGINEERING,OPEN_HS,2023,11347
81,"Institute Of Technology, Nirma University Of Science & Technology, Ahmedabad",CHEMICAL ENGINEERING,SC_HS,2023,20618
81,"Institute Of Technology, Nirma University Of Science & Technology, Ahmedabad",CHEMICAL ENGINEERING,SEBC_HS,2023,24786
81,"Institute Of Technology, Nirma University Of Science & Technology, Ahmedabad",CHEMICAL ENGINEERING,TFWS_HS,2023,1420
81,"Institute Of Technology, Nirma University Of Science & Technology, Ahmedabad",CIVIL ENGINEERING,OPEN_HS,2023,26501
81,"Institute Of Technology, Nirma University Of Science & Technology, Ahmedabad",CIVIL ENGINEERING,TFWS_HS,2023,3831
81,"Institute Of Technology, Nirma University Of Science & Technology, Ahmedabad",COMPUTER SCIENCE & ENGINEERING,ESM_HS,2023,4918
81,"Institute Of Technology, Nirma University Of Science & Technology, Ahmedabad",COMPUTER SCIENCE & ENGINEERING,EWS_HS,2023,578
81,"Institute Of Technology, Nirma University Of Science & Technology, Ahmedabad",COMPUTER SCIENCE & ENGINEERING,OPEN_HS,2023,455
81,"Institute Of Technology, Nirma University Of Science & Technology, Ahmedabad",COMPUTER SCIENCE & ENGINEERING,SC_HS,2023,3820
81,"Institute Of Technology, Nirma University Of Science & Technology, Ahmedabad",COMPUTER SCIENCE & ENGINEERING,SEBC_HS,2023,1444
81,"Institute Of Technology, Nirma University Of Science & Technology, Ahmedabad",COMPUTER SCIENCE & ENGINEERING,ST_HS,2023,22395
81,"Institute Of Technology, Nirma University Of Science & Technology, Ahmedabad",COMPUTER SCIENCE & ENGINEERING,TFWS_HS,2023,182
81,"Institute Of Technology, Nirma University Of Science & Technology, Ahmedabad",ELECTRICAL ENGINEERING,OPEN_HS,2023,24937
81,"Institute Of Technology, Nirma University Of Science & Technology, Ahmedabad",ELECTRICAL ENGINEERING,TFWS_HS,2023,1893
81,"Institute Of Technology, Nirma University Of Science & Technology, Ahmedabad",ELECTRONICS & COMMUNICATI ON ENGINEERING,ESM_HS,2023,11410
81,"Institute Of Technology, Nirma University Of Science & Technology, Ahmedabad",ELECTRONICS & COMMUNICATI ON ENGINEERING,EWS_HS,2023,4384
81,"Institute Of Technology, Nirma University Of Science & Technology, Ahmedabad",ELECTRONICS & COMMUNICATI ON ENGINEERING,OPEN_HS,2023,2943
81,"Institute Of Technology, Nirma University Of Science & Technology, Ahmedabad",ELECTRONICS & COMMUNICATI ON ENGINEERING,SC_HS,2023,12382
81,"Institute Of Technology, Nirma University Of Science & Technology, Ahmedabad",ELECTRONICS & COMMUNICATI ON ENGINEERING,SEBC_HS,2023,8227
81,"Institute Of Technology, Nirma University Of Science & Technology, Ahmedabad",ELECTRONICS & COMMUNICATI ON ENGINEERING,TFWS_HS,2023,1483
81,"Institute Of Technology, Nirma University Of Science & Technology, Ahmedabad",ELECTRONICS & INSTRUMENTAT ION ENGINEERING,EWS_HS,2023,10274
81,"Institute Of Technology, Nirma University Of Science & Technology, Ahmedabad",ELECTRONICS & INSTRUMENTAT ION ENGINEERING,OPEN_HS,2023,8428
81,"Institute Of Technology, Nirma University Of Science & Technology, Ahmedabad",ELECTRONICS & INSTRUMENTAT ION ENGINEERING,SC_HS,2023,13336
81,"Institute Of Technology, Nirma University Of Science & Technology, Ahmedabad",ELECTRONICS & INSTRUMENTAT ION ENGINEERING,SEBC_HS,2023,26318
81,"Institute Of Technology, Nirma University Of Science & Technology, Ahmedabad",ELECTRONICS & INSTRUMENTAT ION ENGINEERING,TFWS_HS,2023,5933
81,"Institute Of Technology, Nirma University Of Science & Technology, Ahmedabad",MECHANICAL ENGINEERING,ESM_HS,2023,25959
81,"Institute Of Technology, Nirma University Of Science & Technology, Ahmedabad",MECHANICAL ENGINEERING,EWS_HS,2023,22127
81,"Institute Of Technology, Nirma University Of Science & Technology, Ahmedabad",MECHANICAL ENGINEERING,OPEN_HS,2023,9107
81,"Institute Of Technology, Nirma University Of Science & Technology, Ahmedabad",MECHANICAL ENGINEERING,SC_HS,2023,20097
81,"Institute Of Technology, Nirma University Of Science & Technology, Ahmedabad",MECHANICAL ENGINEERING,SEBC_HS,2023,25069
81,"Institute Of Technology, Nirma University Of Science & Technology, Ahmedabad",MECHANICAL ENGINEERING,TFWS_HS,2023,2345
83,"Institute of Infrastructure, Tech., Research & Management (IITRAM), Maninagar, Ahmedabad",CIVIL ENGINEERING,OPEN_HS,2023,21206
83,"Institute of Infrastructure, Tech., Research & Management (IITRAM), Maninagar, Ahmedabad",CIVIL ENGINEERING,TFWS_HS,2023,21120
83,"Institute of Infrastructure, Tech., Research & Management (IITRAM), Maninagar, Ahmedabad",COMPUTER ENGINEERING,ESM_HS,2023,5737
83,"Institute of Infrastructure, Tech., Research & Management (IITRAM), Maninagar, Ahmedabad",COMPUTER ENGINEERING,EWS_HS,2023,5727
83,"Institute of Infrastructure, Tech., Research & Management (IITRAM), Maninagar, Ahmedabad",COMPUTER ENGINEERING,OPEN_HS,2023,4657
83,"Institute of Infrastructure, Tech., Research & Management (IITRAM), Maninagar, Ahmedabad",COMPUTER ENGINEERING,SC_HS,2023,10082
83,"Institute of Infrastructure, Tech., Research & Management (IITRAM), Maninagar, Ahmedabad",COMPUTER ENGINEERING,SEBC_HS,2023,7660
83,"Institute of Infrastructure, Tech., Research & Management (IITRAM), Maninagar, Ahmedabad",COMPUTER ENGINEERING,ST_HS,2023,20386
83,"Institute of Infrastructure, Tech., Research & Management (IITRAM), Maninagar, Ahmedabad",COMPUTER ENGINEERING,TFWS_HS,2023,3369
83,"Institute of Infrastructure, Tech., Research & Management (IITRAM), Maninagar, Ahmedabad",ELECTRICAL ENGINEERING,OPEN_HS,2023,26502
83,"Institute of Infrastructure, Tech., Research & Management (IITRAM), Maninagar, Ahmedabad",ELECTRICAL ENGINEERING,TFWS_HS,2023,18906
83,"Institute of Infrastructure, Tech., Research & Management (IITRAM), Maninagar, Ahmedabad",MECHANICAL ENGINEERING,OPEN_HS,2023,26284
83,"Institute of Infrastructure, Tech., Research & Management (IITRAM), Maninagar, Ahmedabad",MECHANICAL ENGINEERING,TFWS_HS,2023,16544
84,Ipcowala Institute Of Engineering And Technology Dharmaj,COMPUTER ENGINEERING,OPEN_HS,2023,24266
84,Ipcowala Institute Of Engineering And Technology Dharmaj,MECHANICAL ENGINEERING,OPEN_HS,2023,16848
86,"K.J. Institute Of Engg. And Tech., Savali",COMPUTER ENGINEERING,OPEN_HS,2023,24327
86,"K.J. Institute Of Engg. And Tech., Savali",INFORMATION TECHNOLOGY,OPEN_HS,2023,22355
87,"KANKESHWARIDEVI INSTITUTE OF TECHNOLOGY, JAMNAGAR",CIVIL ENGINEERING,OPEN_HS,2023,19461
88,"Kalol Institute Of Tech. & Research Center ,Kalol",COMPUTER ENGINEERING,OPEN_HS,2023,23108
88,"Kalol Institute Of Tech. & Research Center ,Kalol",INFORMATION TECHNOLOGY,OPEN_HS,2023,10934
91,"Krishna School of Emerging Technology & Applied Research (Formerly Known as Babaria Institute Of Technology) , Varnama, Vadodara",COMPUTER SCIENCE & ENGINEERING,OPEN_HS,2023,26745
91,"Krishna School of Emerging Technology & Applied Research (Formerly Known as Babaria Institute Of Technology) , Varnama, Vadodara",COMPUTER SCIENCE & ENGINEERING,TFWS_HS,2023,8837
91,"Krishna School of Emerging Technology & Applied Research (Formerly Known as Babaria Institute Of Technology) , Varnama, Vadodara",ELECTRICAL ENGINEERING,OPEN_HS,2023,26356
91,"Krishna School of Emerging Technology & Applied Research (Formerly Known as Babaria Institute Of Technology) , Varnama, Vadodara",INFORMATION TECHNOLOGY,OPEN_HS,2023,25551
91,"Krishna School of Emerging Technology & Applied Research (Formerly Known as Babaria Institute Of Technology) , Varnama, Vadodara",INFORMATION TECHNOLOGY,TFWS_HS,2023,8300
91,"Krishna School of Emerging Technology & Applied Research (Formerly Known as Babaria Institute Of Technology) , Varnama, Vadodara",MECHANICAL ENGINEERING,OPEN_HS,2023,20296
93,"L.D.College Of Engineering, Ahmedabad",ARTIFICIAL INTELLIGENCE(A I) AND MACHINE LEARNING,ESM_HS,2023,8353
93,"L.D.College Of Engineering, Ahmedabad",ARTIFICIAL INTELLIGENCE(A I) AND MACHINE LEARNING,EWS_HS,2023,3041
93,"L.D.College Of Engineering, Ahmedabad",ARTIFICIAL INTELLIGENCE(A I) AND MACHINE LEARNING,OPEN_AI,2023,900526
93,"L.D.College Of Engineering, Ahmedabad",ARTIFICIAL INTELLIGENCE(A I) AND MACHINE LEARNING,OPEN_HS,2023,2701
93,"L.D.College Of Engineering, Ahmedabad",ARTIFICIAL INTELLIGENCE(A I) AND MACHINE LEARNING,SC_HS,2023,10132
93,"L.D.College Of Engineering, Ahmedabad",ARTIFICIAL INTELLIGENCE(A I) AND MACHINE LEARNING,SEBC_HS,2023,4449
93,"L.D.College Of Engineering, Ahmedabad",ARTIFICIAL INTELLIGENCE(A I) AND MACHINE LEARNING,ST_HS,2023,26063
93,"L.D.College Of Engineering, Ahmedabad",ARTIFICIAL INTELLIGENCE(A I) AND MACHINE LEARNING,TFWS_HS,2023,1753
93,"L.D.College Of Engineering, Ahmedabad",AUTOMOBILE ENGINEERING,OPEN_AI,2023,914253
93,"L.D.College Of Engineering, Ahmedabad",AUTOMOBILE ENGINEERING,OPEN_HS,2023,25978
93,"L.D.College Of Engineering, Ahmedabad",AUTOMOBILE ENGINEERING,TFWS_HS,2023,11107
93,"L.D.College Of Engineering, Ahmedabad",BIOMEDICAL ENGINEERING,OPEN_AI,2023,913979
93,"L.D.College Of Engineering, Ahmedabad",BIOMEDICAL ENGINEERING,OPEN_HS,2023,26094
93,"L.D.College Of Engineering, Ahmedabad",BIOMEDICAL ENGINEERING,TFWS_HS,2023,15106
93,"L.D.College Of Engineering, Ahmedabad",CHEMICAL ENGINEERING,EWS_HS,2023,9947
93,"L.D.College Of Engineering, Ahmedabad",CHEMICAL ENGINEERING,OPEN_AI,2023,901752
93,"L.D.College Of Engineering, Ahmedabad",CHEMICAL ENGINEERING,OPEN_HS,2023,7246
93,"L.D.College Of Engineering, Ahmedabad",CHEMICAL ENGINEERING,SC_HS,2023,17837
93,"L.D.College Of Engineering, Ahmedabad",CHEMICAL ENGINEERING,SEBC_HS,2023,13383
93,"L.D.College Of Engineering, Ahmedabad",CHEMICAL ENGINEERING,ST_HS,2023,25989
93,"L.D.College Of Engineering, Ahmedabad",CHEMICAL ENGINEERING,TFWS_HS,2023,2341
93,"L.D.College Of Engineering, Ahmedabad",CIVIL ENGINEERING,EWS_HS,2023,14110
93,"L.D.College Of Engineering, Ahmedabad",CIVIL ENGINEERING,OPEN_AI,2023,902290
93,"L.D.College Of Engineering, Ahmedabad",CIVIL ENGINEERING,OPEN_HS,2023,7623
93,"L.D.College Of Engineering, Ahmedabad",CIVIL ENGINEERING,SC_HS,2023,16571
93,"L.D.College Of Engineering, Ahmedabad",CIVIL ENGINEERING,SEBC_HS,2023,14353
93,"L.D.College Of Engineering, Ahmedabad",CIVIL ENGINEERING,ST_HS,2023,17467
93,"L.D.College Of Engineering, Ahmedabad",CIVIL ENGINEERING,TFWS_HS,2023,3689
93,"L.D.College Of Engineering, Ahmedabad",COMPUTER ENGINEERING,ESM_HS,2023,5083
93,"L.D.College Of Engineering, Ahmedabad",COMPUTER ENGINEERING,EWS_HS,2023,880
93,"L.D.College Of Engineering, Ahmedabad",COMPUTER ENGINEERING,OPEN_AI,2023,900122
93,"L.D.College Of Engineering, Ahmedabad",COMPUTER ENGINEERING,OPEN_HS,2023,758
93,"L.D.College Of Engineering, Ahmedabad",COMPUTER ENGINEERING,SC_HS,2023,3970
93,"L.D.College Of Engineering, Ahmedabad",COMPUTER ENGINEERING,SEBC_HS,2023,1583
93,"L.D.College Of Engineering, Ahmedabad",COMPUTER ENGINEERING,ST_HS,2023,10859
93,"L.D.College Of Engineering, Ahmedabad",COMPUTER ENGINEERING,TFWS_HS,2023,293
93,"L.D.College Of Engineering, Ahmedabad",ELECTRICAL ENGINEERING,ESM_HS,2023,13149
93,"L.D.College Of Engineering, Ahmedabad",ELECTRICAL ENGINEERING,EWS_HS,2023,15632
93,"L.D.College Of Engineering, Ahmedabad",ELECTRICAL ENGINEERING,OPEN_AI,2023,901245
93,"L.D.College Of Engineering, Ahmedabad",ELECTRICAL ENGINEERING,OPEN_HS,2023,9610
93,"L.D.College Of Engineering, Ahmedabad",ELECTRICAL ENGINEERING,SC_HS,2023,26246
93,"L.D.College Of Engineering, Ahmedabad",ELECTRICAL ENGINEERING,SEBC_HS,2023,15209
93,"L.D.College Of Engineering, Ahmedabad",ELECTRICAL ENGINEERING,ST_HS,2023,22747
93,"L.D.College Of Engineering, Ahmedabad",ELECTRICAL ENGINEERING,TFWS_HS,2023,6348
93,"L.D.College Of Engineering, Ahmedabad",ELECTRONICS & COMMUNICATI ON ENGINEERING,ESM_HS,2023,15134
93,"L.D.College Of Engineering, Ahmedabad",ELECTRONICS & COMMUNICATI ON ENGINEERING,EWS_HS,2023,7718
93,"L.D.College Of Engineering, Ahmedabad",ELECTRONICS & COMMUNICATI ON ENGINEERING,OPEN_AI,2023,900609
93,"L.D.College Of Engineering, Ahmedabad",ELECTRONICS & COMMUNICATI ON ENGINEERING,OPEN_HS,2023,5118
93,"L.D.College Of Engineering, Ahmedabad",ELECTRONICS & COMMUNICATI ON ENGINEERING,SC_HS,2023,15449
93,"L.D.College Of Engineering, Ahmedabad",ELECTRONICS & COMMUNICATI ON ENGINEERING,SEBC_HS,2023,10546
93,"L.D.College Of Engineering, Ahmedabad",ELECTRONICS & COMMUNICATI ON ENGINEERING,ST_HS,2023,20663
93,"L.D.College Of Engineering, Ahmedabad",ELECTRONICS & COMMUNICATI ON ENGINEERING,TFWS_HS,2023,2832
93,"L.D.College Of Engineering, Ahmedabad",ENVIRONMENT AL ENGINEERING,OPEN_AI,2023,914515
93,"L.D.College Of Engineering, Ahmedabad",ENVIRONMENT AL ENGINEERING,OPEN_HS,2023,25549
93,"L.D.College Of Engineering, Ahmedabad",ENVIRONMENT AL ENGINEERING,TFWS_HS,2023,10680
93,"L.D.College Of Engineering, Ahmedabad",INFORMATION TECHNOLOGY,ESM_HS,2023,6385
93,"L.D.College Of Engineering, Ahmedabad",INFORMATION TECHNOLOGY,EWS_HS,2023,1282
93,"L.D.College Of Engineering, Ahmedabad",INFORMATION TECHNOLOGY,OPEN_AI,2023,900342
93,"L.D.College Of Engineering, Ahmedabad",INFORMATION TECHNOLOGY,OPEN_HS,2023,1088
93,"L.D.College Of Engineering, Ahmedabad",INFORMATION TECHNOLOGY,SC_HS,2023,4490
93,"L.D.College Of Engineering, Ahmedabad",INFORMATION TECHNOLOGY,SEBC_HS,2023,1981
93,"L.D.College Of Engineering, Ahmedabad",INFORMATION TECHNOLOGY,ST_HS,2023,14858
93,"L.D.College Of Engineering, Ahmedabad",INFORMATION TECHNOLOGY,TFWS_HS,2023,773
93,"L.D.College Of Engineering, Ahmedabad",INSTRUMENTAT ION & CONTROL ENGINEERING,EWS_HS,2023,20935
93,"L.D.College Of Engineering, Ahmedabad",INSTRUMENTAT ION & CONTROL ENGINEERING,OPEN_AI,2023,901294
93,"L.D.College Of Engineering, Ahmedabad",INSTRUMENTAT ION & CONTROL ENGINEERING,OPEN_HS,2023,13535
93,"L.D.College Of Engineering, Ahmedabad",INSTRUMENTAT ION & CONTROL ENGINEERING,SC_HS,2023,26513
93,"L.D.College Of Engineering, Ahmedabad",INSTRUMENTAT ION & CONTROL ENGINEERING,SEBC_HS,2023,23627
93,"L.D.College Of Engineering, Ahmedabad",INSTRUMENTAT ION & CONTROL ENGINEERING,TFWS_HS,2023,4910
93,"L.D.College Of Engineering, Ahmedabad",MECHANICAL ENGINEERING,ESM_HS,2023,14516
93,"L.D.College Of Engineering, Ahmedabad",MECHANICAL ENGINEERING,EWS_HS,2023,10786
93,"L.D.College Of Engineering, Ahmedabad",MECHANICAL ENGINEERING,OPEN_AI,2023,901257
93,"L.D.College Of Engineering, Ahmedabad",MECHANICAL ENGINEERING,OPEN_HS,2023,7315
93,"L.D.College Of Engineering, Ahmedabad",MECHANICAL ENGINEERING,SC_HS,2023,20035
93,"L.D.College Of Engineering, Ahmedabad",MECHANICAL ENGINEERING,SEBC_HS,2023,11441
93,"L.D.College Of Engineering, Ahmedabad",MECHANICAL ENGINEERING,ST_HS,2023,25510
93,"L.D.College Of Engineering, Ahmedabad",MECHANICAL ENGINEERING,TFWS_HS,2023,4056
93,"L.D.College Of Engineering, Ahmedabad",PLASTIC TECHNOLOGY,OPEN_AI,2023,913876
93,"L.D.College Of Engineering, Ahmedabad",PLASTIC TECHNOLOGY,OPEN_HS,2023,22814
93,"L.D.College Of Engineering, Ahmedabad",PLASTIC TECHNOLOGY,TFWS_HS,2023,19888
93,"L.D.College Of Engineering, Ahmedabad",ROBOTICS AND AUTOMATION,ESM_HS,2023,19300
93,"L.D.College Of Engineering, Ahmedabad",ROBOTICS AND AUTOMATION,EWS_HS,2023,12188
93,"L.D.College Of Engineering, Ahmedabad",ROBOTICS AND AUTOMATION,OPEN_AI,2023,900816
93,"L.D.College Of Engineering, Ahmedabad",ROBOTICS AND AUTOMATION,OPEN_HS,2023,9543
93,"L.D.College Of Engineering, Ahmedabad",ROBOTICS AND AUTOMATION,SC_HS,2023,26721
93,"L.D.College Of Engineering, Ahmedabad",ROBOTICS AND AUTOMATION,SEBC_HS,2023,18174
93,"L.D.College Of Engineering, Ahmedabad",ROBOTICS AND AUTOMATION,TFWS_HS,2023,4051
93,"L.D.College Of Engineering, Ahmedabad",RUBBER TECHNOLOGY,OPEN_AI,2023,914571
93,"L.D.College Of Engineering, Ahmedabad",RUBBER TECHNOLOGY,OPEN_HS,2023,20909
93,"L.D.College Of Engineering, Ahmedabad",RUBBER TECHNOLOGY,TFWS_HS,2023,10714
93,"L.D.College Of Engineering, Ahmedabad",TEXTILE TECHNOLOGY,OPEN_AI,2023,911492
93,"L.D.College Of Engineering, Ahmedabad",TEXTILE TECHNOLOGY,OPEN_HS,2023,15549
93,"L.D.College Of Engineering, Ahmedabad",TEXTILE TECHNOLOGY,TFWS_HS,2023,19192
94,"L.D.R.P. Institute Of Tech. & Research., Gandhinagar",CIVIL ENGINEERING,OPEN_HS,2023,18507
94,"L.D.R.P. Institute Of Tech. & Research., Gandhinagar",CIVIL ENGINEERING,TFWS_HS,2023,25732
94,"L.D.R.P. Institute Of Tech. & Research., Gandhinagar",COMPUTER ENGINEERING,ESM_HS,2023,26087
94,"L.D.R.P. Institute Of Tech. & Research., Gandhinagar",COMPUTER ENGINEERING,EWS_HS,2023,25877
94,"L.D.R.P. Institute Of Tech. & Research., Gandhinagar",COMPUTER ENGINEERING,OPEN_HS,2023,16694
94,"L.D.R.P. Institute Of Tech. & Research., Gandhinagar",COMPUTER ENGINEERING,SC_HS,2023,26488
94,"L.D.R.P. Institute Of Tech. & Research., Gandhinagar",COMPUTER ENGINEERING,SEBC_HS,2023,26612
94,"L.D.R.P. Institute Of Tech. & Research., Gandhinagar",COMPUTER ENGINEERING,TFWS_HS,2023,3623
94,"L.D.R.P. Institute Of Tech. & Research., Gandhinagar",ELECTRONICS & COMMUNICATI ON ENGINEERING,OPEN_HS,2023,25547
94,"L.D.R.P. Institute Of Tech. & Research., Gandhinagar",INFORMATION TECHNOLOGY,EWS_HS,2023,23281
94,"L.D.R.P. Institute Of Tech. & Research., Gandhinagar",INFORMATION TECHNOLOGY,OPEN_HS,2023,16963
94,"L.D.R.P. Institute Of Tech. & Research., Gandhinagar",INFORMATION TECHNOLOGY,SC_HS,2023,26493
94,"L.D.R.P. Institute Of Tech. & Research., Gandhinagar",INFORMATION TECHNOLOGY,SEBC_HS,2023,26702
94,"L.D.R.P. Institute Of Tech. & Research., Gandhinagar",INFORMATION TECHNOLOGY,TFWS_HS,2023,4255
95,"L.E.College ,Morbi",CHEMICAL ENGINEERING,OPEN_AI,2023,914514
95,"L.E.College ,Morbi",CHEMICAL ENGINEERING,OPEN_HS,2023,25729
95,"L.E.College ,Morbi",CHEMICAL ENGINEERING,TFWS_HS,2023,13672
95,"L.E.College ,Morbi",CIVIL ENGINEERING,OPEN_AI,2023,913343
95,"L.E.College ,Morbi",CIVIL ENGINEERING,OPEN_HS,2023,19248
95,"L.E.College ,Morbi",ELECTRICAL ENGINEERING,OPEN_AI,2023,909303
95,"L.E.College ,Morbi",ELECTRICAL ENGINEERING,OPEN_HS,2023,22511
95,"L.E.College ,Morbi",INFORMATION TECHNOLOGY,EWS_HS,2023,11122
95,"L.E.College ,Morbi",INFORMATION TECHNOLOGY,OPEN_AI,2023,902190
95,"L.E.College ,Morbi",INFORMATION TECHNOLOGY,OPEN_HS,2023,10002
95,"L.E.College ,Morbi",INFORMATION TECHNOLOGY,SC_HS,2023,22148
95,"L.E.College ,Morbi",INFORMATION TECHNOLOGY,SEBC_HS,2023,13216
95,"L.E.College ,Morbi",INFORMATION TECHNOLOGY,TFWS_HS,2023,7552
95,"L.E.College ,Morbi",MECHANICAL ENGINEERING,OPEN_AI,2023,914324
95,"L.E.College ,Morbi",MECHANICAL ENGINEERING,OPEN_HS,2023,24753
96,"L.J. Institute Of Engg And Tech., Ahmedabad",ARTIFICIAL INTELLIGENCE AND DATA SCIENCE,OPEN_HS,2023,26738
96,"L.J. Institute Of Engg And Tech., Ahmedabad",ARTIFICIAL INTELLIGENCE AND DATA SCIENCE,TFWS_HS,2023,4696
96,"L.J. Institute Of Engg And Tech., Ahmedabad",ARTIFICIAL INTELLIGENCE(A I) AND MACHINE LEARNING,OPEN_HS,2023,26308
96,"L.J. Institute Of Engg And Tech., Ahmedabad",ARTIFICIAL INTELLIGENCE(A I) AND MACHINE LEARNING,TFWS_HS,2023,6338
96,"L.J. Institute Of Engg And Tech., Ahmedabad",CHEMICAL ENGINEERING,OPEN_HS,2023,26524
96,"L.J. Institute Of Engg And Tech., Ahmedabad",CIVIL ENGINEERING,OPEN_HS,2023,25562
96,"L.J. Institute Of Engg And Tech., Ahmedabad",COMPUTER ENGINEERING,ESM_HS,2023,22055
96,"L.J. Institute Of Engg And Tech., Ahmedabad",COMPUTER ENGINEERING,EWS_HS,2023,7788
96,"L.J. Institute Of Engg And Tech., Ahmedabad",COMPUTER ENGINEERING,OPEN_HS,2023,5970
96,"L.J. Institute Of Engg And Tech., Ahmedabad",COMPUTER ENGINEERING,SC_HS,2023,13992
96,"L.J. Institute Of Engg And Tech., Ahmedabad",COMPUTER ENGINEERING,SEBC_HS,2023,12432
96,"L.J. Institute Of Engg And Tech., Ahmedabad",COMPUTER ENGINEERING,TFWS_HS,2023,3168
96,"L.J. Institute Of Engg And Tech., Ahmedabad",COMPUTER ENGINEERING & APPLICATION,EWS_HS,2023,25073
96,"L.J. Institute Of Engg And Tech., Ahmedabad",COMPUTER ENGINEERING & APPLICATION,OPEN_HS,2023,20814
96,"L.J. Institute Of Engg And Tech., Ahmedabad",COMPUTER ENGINEERING & APPLICATION,SEBC_HS,2023,25866
96,"L.J. Institute Of Engg And Tech., Ahmedabad",COMPUTER ENGINEERING & APPLICATION,TFWS_HS,2023,5190
96,"L.J. Institute Of Engg And Tech., Ahmedabad",COMPUTER SCIENCE & DESIGN,EWS_HS,2023,25438
96,"L.J. Institute Of Engg And Tech., Ahmedabad",COMPUTER SCIENCE & DESIGN,OPEN_HS,2023,25158
96,"L.J. Institute Of Engg And Tech., Ahmedabad",COMPUTER SCIENCE & DESIGN,SC_HS,2023,25660
96,"L.J. Institute Of Engg And Tech., Ahmedabad",COMPUTER SCIENCE & DESIGN,SEBC_HS,2023,26754
96,"L.J. Institute Of Engg And Tech., Ahmedabad",COMPUTER SCIENCE & DESIGN,TFWS_HS,2023,5386
96,"L.J. Institute Of Engg And Tech., Ahmedabad",COMPUTER SCIENCE & ENGINEERING,ESM_HS,2023,21049
96,"L.J. Institute Of Engg And Tech., Ahmedabad",COMPUTER SCIENCE & ENGINEERING,EWS_HS,2023,8715
96,"L.J. Institute Of Engg And Tech., Ahmedabad",COMPUTER SCIENCE & ENGINEERING,OPEN_HS,2023,7737
96,"L.J. Institute Of Engg And Tech., Ahmedabad",COMPUTER SCIENCE & ENGINEERING,SC_HS,2023,14312
96,"L.J. Institute Of Engg And Tech., Ahmedabad",COMPUTER SCIENCE & ENGINEERING,SEBC_HS,2023,14820
96,"L.J. Institute Of Engg And Tech., Ahmedabad",COMPUTER SCIENCE & ENGINEERING,TFWS_HS,2023,3576
96,"L.J. Institute Of Engg And Tech., Ahmedabad",COMPUTER SCIENCE & INFORMATION TECHNOLOGY,EWS_HS,2023,15752
96,"L.J. Institute Of Engg And Tech., Ahmedabad",COMPUTER SCIENCE & INFORMATION TECHNOLOGY,OPEN_HS,2023,14871
96,"L.J. Institute Of Engg And Tech., Ahmedabad",COMPUTER SCIENCE & INFORMATION TECHNOLOGY,SC_HS,2023,26064
96,"L.J. Institute Of Engg And Tech., Ahmedabad",COMPUTER SCIENCE & INFORMATION TECHNOLOGY,SEBC_HS,2023,24414
96,"L.J. Institute Of Engg And Tech., Ahmedabad",COMPUTER SCIENCE & INFORMATION TECHNOLOGY,TFWS_HS,2023,4907
96,"L.J. Institute Of Engg And Tech., Ahmedabad",COMPUTER SCIENCE & TECHNOLOGY,EWS_HS,2023,14665
96,"L.J. Institute Of Engg And Tech., Ahmedabad",COMPUTER SCIENCE & TECHNOLOGY,OPEN_HS,2023,13088
96,"L.J. Institute Of Engg And Tech., Ahmedabad",COMPUTER SCIENCE & TECHNOLOGY,SC_HS,2023,21416
96,"L.J. Institute Of Engg And Tech., Ahmedabad",COMPUTER SCIENCE & TECHNOLOGY,SEBC_HS,2023,19902
96,"L.J. Institute Of Engg And Tech., Ahmedabad",COMPUTER SCIENCE & TECHNOLOGY,TFWS_HS,2023,4191
96,"L.J. Institute Of Engg And Tech., Ahmedabad",ELECTRONICS & COMMUNICATI ON ENGINEERING,OPEN_HS,2023,26338
96,"L.J. Institute Of Engg And Tech., Ahmedabad",INFORMATION TECHNOLOGY,ESM_HS,2023,21038
96,"L.J. Institute Of Engg And Tech., Ahmedabad",INFORMATION TECHNOLOGY,EWS_HS,2023,8821
96,"L.J. Institute Of Engg And Tech., Ahmedabad",INFORMATION TECHNOLOGY,OPEN_HS,2023,8247
96,"L.J. Institute Of Engg And Tech., Ahmedabad",INFORMATION TECHNOLOGY,SC_HS,2023,14997
96,"L.J. Institute Of Engg And Tech., Ahmedabad",INFORMATION TECHNOLOGY,SEBC_HS,2023,13420
96,"L.J. Institute Of Engg And Tech., Ahmedabad",INFORMATION TECHNOLOGY,TFWS_HS,2023,2989
96,"L.J. Institute Of Engg And Tech., Ahmedabad",MECHANICAL ENGINEERING,OPEN_HS,2023,26636
96,"L.J. Institute Of Engg And Tech., Ahmedabad",MECHANICAL ENGINEERING,TFWS_HS,2023,25299
96,"L.J. Institute Of Engg And Tech., Ahmedabad",ROBOTICS & ARTIFICIAL INTELLIGENCE,OPEN_HS,2023,26367
97,"Laljibhai Chaturbhai Institute Of Tech., Bhandu, Mahesana",CIVIL ENGINEERING,OPEN_HS,2023,26023
97,"Laljibhai Chaturbhai Institute Of Tech., Bhandu, Mahesana",COMPUTER SCIENCE & ENGINEERING,OPEN_HS,2023,22641
98,"Laxmi Institute Of Technology, Sarigam, Valsad",CIVIL ENGINEERING,OPEN_HS,2023,22922
98,"Laxmi Institute Of Technology, Sarigam, Valsad",COMPUTER SCIENCE & ENGINEERING,OPEN_HS,2023,26763
98,"Laxmi Institute Of Technology, Sarigam, Valsad",COMPUTER SCIENCE & ENGINEERING,TFWS_HS,2023,10847
98,"Laxmi Institute Of Technology, Sarigam, Valsad",ELECTRICAL ENGINEERING,OPEN_HS,2023,22473
98,"Laxmi Institute Of Technology, Sarigam, Valsad",INFORMATION TECHNOLOGY,OPEN_HS,2023,25792
98,"Laxmi Institute Of Technology, Sarigam, Valsad",INFORMATION TECHNOLOGY,TFWS_HS,2023,12092
99,"Madhuben & Bhanubhai Patel Institute of Technology, New V.V.Nagar",COMPUTER ENGINEERING,OPEN_HS,2023,26525
99,"Madhuben & Bhanubhai Patel Institute of Technology, New V.V.Nagar",COMPUTER ENGINEERING,TFWS_HS,2023,5845
99,"Madhuben & Bhanubhai Patel Institute of Technology, New V.V.Nagar",INFORMATION TECHNOLOGY,OPEN_HS,2023,26282
99,"Madhuben & Bhanubhai Patel Institute of Technology, New V.V.Nagar",INFORMATION TECHNOLOGY,TFWS_HS,2023,5543
100,"Mahatma Gandhi Inst.Of Technical Edu. And Research Center,Navasari",COMPUTER ENGINEERING,OPEN_HS,2023,26362
100,"Mahatma Gandhi Inst.Of Technical Edu. And Research Center,Navasari",COMPUTER ENGINEERING,TFWS_HS,2023,14458
103,"Mahavir Swami College Of Engineering & Technology, Bharthana-Vesu, Surat",COMPUTER ENGINEERING,OPEN_HS,2023,26020
103,"Mahavir Swami College Of Engineering & Technology, Bharthana-Vesu, Surat",COMPUTER ENGINEERING,TFWS_HS,2023,14212
104,"Marwadi Edu. Foundation Group Of Institutions, Faculty Of Engg., Rajkot",CIVIL ENGINEERING,OPEN_HS,2023,23241
104,"Marwadi Edu. Foundation Group Of Institutions, Faculty Of Engg., Rajkot",COMPUTER ENGINEERING,OPEN_HS,2023,26615
104,"Marwadi Edu. Foundation Group Of Institutions, Faculty Of Engg., Rajkot",COMPUTER ENGINEERING,TFWS_HS,2023,6155
104,"Marwadi Edu. Foundation Group Of Institutions, Faculty Of Engg., Rajkot",ELECTRICAL ENGINEERING,OPEN_HS,2023,24155
104,"Marwadi Edu. Foundation Group Of Institutions, Faculty Of Engg., Rajkot",INFORMATION TECHNOLOGY,OPEN_HS,2023,25328
104,"Marwadi Edu. Foundation Group Of Institutions, Faculty Of Engg., Rajkot",INFORMATION TECHNOLOGY,TFWS_HS,2023,6421
104,"Marwadi Edu. Foundation Group Of Institutions, Faculty Of Engg., Rajkot",MECHANICAL ENGINEERING,OPEN_HS,2023,26354
105,"Marwadi Edu. Foundation Group Of Institutions, Faculty Of Tech., Rajkot",BIOINFORMATIC S,OPEN_HS,2023,13298
105,"Marwadi Edu. Foundation Group Of Institutions, Faculty Of Tech., Rajkot",BIOINFORMATIC S,TFWS_HS,2023,8386
105,"Marwadi Edu. Foundation Group Of Institutions, Faculty Of Tech., Rajkot",CHEMICAL ENGINEERING,OPEN_HS,2023,16582
105,"Marwadi Edu. Foundation Group Of Institutions, Faculty Of Tech., Rajkot",COMPUTER ENGINEERING,OPEN_HS,2023,26761
105,"Marwadi Edu. Foundation Group Of Institutions, Faculty Of Tech., Rajkot",COMPUTER ENGINEERING,TFWS_HS,2023,6798
105,"Marwadi Edu. Foundation Group Of Institutions, Faculty Of Tech., Rajkot",COMPUTER ENGINEERING (ARTIFICIAL INTELLIGENCE),OPEN_HS,2023,24626
105,"Marwadi Edu. Foundation Group Of Institutions, Faculty Of Tech., Rajkot",COMPUTER ENGINEERING (ARTIFICIAL INTELLIGENCE),TFWS_HS,2023,8118
105,"Marwadi Edu. Foundation Group Of Institutions, Faculty Of Tech., Rajkot",INFORMATION & COMMUNICATI ON TECHNOLOGY,OPEN_HS,2023,26341
105,"Marwadi Edu. Foundation Group Of Institutions, Faculty Of Tech., Rajkot",INFORMATION & COMMUNICATI ON TECHNOLOGY,TFWS_HS,2023,5320
105,"Marwadi Edu. Foundation Group Of Institutions, Faculty Of Tech., Rajkot",INFORMATION TECHNOLOGY,OPEN_HS,2023,26713
105,"Marwadi Edu. Foundation Group Of Institutions, Faculty Of Tech., Rajkot",INFORMATION TECHNOLOGY,TFWS_HS,2023,6446
107,"Merchant Engg. College, Basna. Visnagar",COMPUTER ENGINEERING,OPEN_HS,2023,24146
108,"Narnarayan Shastri Institute of Technology, Jetalpur, Ahmedabad",COMPUTER SCIENCE & ENGINEERING,TFWS_HS,2023,15796
108,"Narnarayan Shastri Institute of Technology, Jetalpur, Ahmedabad",MECHANICAL ENGINEERING,OPEN_HS,2023,25409
109,"Neotech Institute of Technology, Virod, Vadodara",COMPUTER ENGINEERING,OPEN_HS,2023,24776
110,New L.J. Institute of Engineering & Technology,COMPUTER SCIENCE & ENGINEERING,ESM_HS,2023,21759
110,New L.J. Institute of Engineering & Technology,COMPUTER SCIENCE & ENGINEERING,EWS_HS,2023,14572
110,New L.J. Institute of Engineering & Technology,COMPUTER SCIENCE & ENGINEERING,OPEN_HS,2023,11313
110,New L.J. Institute of Engineering & Technology,COMPUTER SCIENCE & ENGINEERING,SC_HS,2023,21035
110,New L.J. Institute of Engineering & Technology,COMPUTER SCIENCE & ENGINEERING,SEBC_HS,2023,24754
110,New L.J. Institute of Engineering & Technology,COMPUTER SCIENCE & ENGINEERING,TFWS_HS,2023,4303
110,New L.J. Institute of Engineering & Technology,COMPUTER SCIENCE & ENGINEERING (ARTIFICIAL INTELLIGENCE AND MACHINE LEARNING),EWS_HS,2023,18086
110,New L.J. Institute of Engineering & Technology,COMPUTER SCIENCE & ENGINEERING (ARTIFICIAL INTELLIGENCE AND MACHINE LEARNING),OPEN_HS,2023,15653
110,New L.J. Institute of Engineering & Technology,COMPUTER SCIENCE & ENGINEERING (ARTIFICIAL INTELLIGENCE AND MACHINE LEARNING),SC_HS,2023,23937
110,New L.J. Institute of Engineering & Technology,COMPUTER SCIENCE & ENGINEERING (ARTIFICIAL INTELLIGENCE AND MACHINE LEARNING),SEBC_HS,2023,26658
110,New L.J. Institute of Engineering & Technology,COMPUTER SCIENCE & ENGINEERING (ARTIFICIAL INTELLIGENCE AND MACHINE LEARNING),TFWS_HS,2023,4840
111,"Noble Engineering College, Junagadh",CIVIL ENGINEERING,OPEN_HS,2023,21866
111,"Noble Engineering College, Junagadh",COMPUTER SCIENCE & ENGINEERING,OPEN_HS,2023,23468
111,"Noble Engineering College, Junagadh",INFORMATION TECHNOLOGY,OPEN_HS,2023,22563
113,Om Engineering College Junagadh,COMPUTER ENGINEERING,OPEN_HS,2023,18795
114,"P.P. Savani School of Engineering, P.P. Savani University, Kosamba",CHEMICAL ENGINEERING,OPEN_HS,2023,26311
114,"P.P. Savani School of Engineering, P.P. Savani University, Kosamba",COMPUTER ENGINEERING,OPEN_HS,2023,26786
114,"P.P. Savani School of Engineering, P.P. Savani University, Kosamba",COMPUTER ENGINEERING,TFWS_HS,2023,5560
114,"P.P. Savani School of Engineering, P.P. Savani University, Kosamba",COMPUTER ENGINEERING (MACHINE LEARNING & ARTIFICIAL INTELLIGENCE),OPEN_HS,2023,23726
114,"P.P. Savani School of Engineering, P.P. Savani University, Kosamba",COMPUTER ENGINEERING (MACHINE LEARNING & ARTIFICIAL INTELLIGENCE),TFWS_HS,2023,7128
114,"P.P. Savani School of Engineering, P.P. Savani University, Kosamba",COMPUTER SCIENCE & ENGINEERING,EWS_HS,2023,19830
114,"P.P. Savani School of Engineering, P.P. Savani University, Kosamba",COMPUTER SCIENCE & ENGINEERING,OPEN_HS,2023,17753
114,"P.P. Savani School of Engineering, P.P. Savani University, Kosamba",COMPUTER SCIENCE & ENGINEERING,SEBC_HS,2023,25790
114,"P.P. Savani School of Engineering, P.P. Savani University, Kosamba",COMPUTER SCIENCE & ENGINEERING,TFWS_HS,2023,4286
114,"P.P. Savani School of Engineering, P.P. Savani University, Kosamba",INFORMATION TECHNOLOGY,OPEN_HS,2023,25965
114,"P.P. Savani School of Engineering, P.P. Savani University, Kosamba",INFORMATION TECHNOLOGY,TFWS_HS,2023,6470
114,"P.P. Savani School of Engineering, P.P. Savani University, Kosamba",INFORMATION TECHNOLOGY & ENGINEERING,OPEN_HS,2023,26766
114,"P.P. Savani School of Engineering, P.P. Savani University, Kosamba",INFORMATION TECHNOLOGY & ENGINEERING,TFWS_HS,2023,8877
114,"P.P. Savani School of Engineering, P.P. Savani University, Kosamba",PHARMACEUTIC AL ENGINEERING,OPEN_HS,2023,19255
115,"Pacific School Of Engineering, Surat",COMPUTER ENGINEERING,OPEN_HS,2023,26477
115,"Pacific School Of Engineering, Surat",COMPUTER ENGINEERING,TFWS_HS,2023,11780
116,"Pandit Deendayal Energy University ,Gandhinagar",AUTOMOBILE ENGINEERING,OPEN_HS,2023,26376
116,"Pandit Deendayal Energy University ,Gandhinagar",CHEMICAL ENGINEERING,OPEN_HS,2023,26505
116,"Pandit Deendayal Energy University ,Gandhinagar",CHEMICAL ENGINEERING,TFWS_HS,2023,6811
116,"Pandit Deendayal Energy University ,Gandhinagar",CIVIL ENGINEERING,OPEN_HS,2023,25267
116,"Pandit Deendayal Energy University ,Gandhinagar",COMPUTER ENGINEERING,ESM_HS,2023,10319
116,"Pandit Deendayal Energy University ,Gandhinagar",COMPUTER ENGINEERING,EWS_HS,2023,2808
116,"Pandit Deendayal Energy University ,Gandhinagar",COMPUTER ENGINEERING,OPEN_HS,2023,2133
116,"Pandit Deendayal Energy University ,Gandhinagar",COMPUTER ENGINEERING,SC_HS,2023,6063
116,"Pandit Deendayal Energy University ,Gandhinagar",COMPUTER ENGINEERING,SEBC_HS,2023,5783
116,"Pandit Deendayal Energy University ,Gandhinagar",COMPUTER ENGINEERING,ST_HS,2023,26725
116,"Pandit Deendayal Energy University ,Gandhinagar",COMPUTER ENGINEERING,TFWS_HS,2023,706
116,"Pandit Deendayal Energy University ,Gandhinagar",ELECTRICAL ENGINEERING,OPEN_HS,2023,26218
116,"Pandit Deendayal Energy University ,Gandhinagar",ELECTRONICS & COMMUNICATI ON ENGINEERING,EWS_HS,2023,9345
116,"Pandit Deendayal Energy University ,Gandhinagar",ELECTRONICS & COMMUNICATI ON ENGINEERING,OPEN_HS,2023,6852
116,"Pandit Deendayal Energy University ,Gandhinagar",ELECTRONICS & COMMUNICATI ON ENGINEERING,SC_HS,2023,17839
116,"Pandit Deendayal Energy University ,Gandhinagar",ELECTRONICS & COMMUNICATI ON ENGINEERING,SEBC_HS,2023,24365
116,"Pandit Deendayal Energy University ,Gandhinagar",ELECTRONICS & COMMUNICATI ON ENGINEERING,TFWS_HS,2023,4221
116,"Pandit Deendayal Energy University ,Gandhinagar",INFORMATION & COMMUNICATI ON TECHNOLOGY,ESM_HS,2023,11493
116,"Pandit Deendayal Energy University ,Gandhinagar",INFORMATION & COMMUNICATI ON TECHNOLOGY,EWS_HS,2023,4139
116,"Pandit Deendayal Energy University ,Gandhinagar",INFORMATION & COMMUNICATI ON TECHNOLOGY,OPEN_HS,2023,3634
116,"Pandit Deendayal Energy University ,Gandhinagar",INFORMATION & COMMUNICATI ON TECHNOLOGY,SC_HS,2023,11089
116,"Pandit Deendayal Energy University ,Gandhinagar",INFORMATION & COMMUNICATI ON TECHNOLOGY,SEBC_HS,2023,10317
116,"Pandit Deendayal Energy University ,Gandhinagar",INFORMATION & COMMUNICATI ON TECHNOLOGY,ST_HS,2023,25426
116,"Pandit Deendayal Energy University ,Gandhinagar",INFORMATION & COMMUNICATI ON TECHNOLOGY,TFWS_HS,2023,845
116,"Pandit Deendayal Energy University ,Gandhinagar",MECHANICAL ENGINEERING,OPEN_HS,2023,25992
116,"Pandit Deendayal Energy University ,Gandhinagar",MECHANICAL ENGINEERING,TFWS_HS,2023,10467
116,"Pandit Deendayal Energy University ,Gandhinagar",PETROCHEMICA L ENGINEERING,OPEN_HS,2023,14476
116,"Pandit Deendayal Energy University ,Gandhinagar",PETROLEUM ENGINEERING,OPEN_HS,2023,22111
116,"Pandit Deendayal Energy University ,Gandhinagar",PETROLEUM ENGINEERING,TFWS_HS,2023,7139
117,"Parul Institute of Engineering & Technology, Waghodia, Vadodara",AERONAUTICAL ENGINEERING,TFWS_HS,2023,26171
117,"Parul Institute of Engineering & Technology, Waghodia, Vadodara",CIVIL ENGINEERING,OPEN_HS,2023,25483
117,"Parul Institute of Engineering & Technology, Waghodia, Vadodara",CIVIL ENGINEERING,TFWS_HS,2023,24546
117,"Parul Institute of Engineering & Technology, Waghodia, Vadodara",COMPUTER SCIENCE & ENGINEERING,OPEN_HS,2023,26759
117,"Parul Institute of Engineering & Technology, Waghodia, Vadodara",COMPUTER SCIENCE & ENGINEERING,TFWS_HS,2023,7728
117,"Parul Institute of Engineering & Technology, Waghodia, Vadodara",COMPUTER SCIENCE & ENGINEERING (CYBER SECURITY),OPEN_HS,2023,25478
117,"Parul Institute of Engineering & Technology, Waghodia, Vadodara",COMPUTER SCIENCE & ENGINEERING (CYBER SECURITY),TFWS_HS,2023,25695
117,"Parul Institute of Engineering & Technology, Waghodia, Vadodara",Computer Engineering,OPEN_HS,2023,26199
117,"Parul Institute of Engineering & Technology, Waghodia, Vadodara",Computer Engineering,TFWS_HS,2023,3983
117,"Parul Institute of Engineering & Technology, Waghodia, Vadodara",Computer Science & Engineering (Big Data Analytics),OPEN_HS,2023,18904
117,"Parul Institute of Engineering & Technology, Waghodia, Vadodara",Computer Science & Engineering (Big Data Analytics),TFWS_HS,2023,14587
117,"Parul Institute of Engineering & Technology, Waghodia, Vadodara",Computer Science & Engineering (Block Chain Technology),OPEN_HS,2023,26714
117,"Parul Institute of Engineering & Technology, Waghodia, Vadodara",Computer Science & Engineering (Block Chain Technology),TFWS_HS,2023,25587
117,"Parul Institute of Engineering & Technology, Waghodia, Vadodara",Computer Science & Engineering (Cloud Computing),OPEN_HS,2023,21571
117,"Parul Institute of Engineering & Technology, Waghodia, Vadodara",Computer Science & Engineering (Cloud Computing),TFWS_HS,2023,15311
117,"Parul Institute of Engineering & Technology, Waghodia, Vadodara",Computer Science & Engineering (Internet of Things),OPEN_HS,2023,15896
117,"Parul Institute of Engineering & Technology, Waghodia, Vadodara",Computer Science & Engineering (Internet of Things),TFWS_HS,2023,18825
117,"Parul Institute of Engineering & Technology, Waghodia, Vadodara",Electrical Engineering,OPEN_HS,2023,24293
117,"Parul Institute of Engineering & Technology, Waghodia, Vadodara",Electrical Engineering,TFWS_HS,2023,24815
117,"Parul Institute of Engineering & Technology, Waghodia, Vadodara",Electronics & Communication Engineering,OPEN_HS,2023,12524
117,"Parul Institute of Engineering & Technology, Waghodia, Vadodara",Information Technology,OPEN_HS,2023,26788
117,"Parul Institute of Engineering & Technology, Waghodia, Vadodara",Information Technology,TFWS_HS,2023,7339
117,"Parul Institute of Engineering & Technology, Waghodia, Vadodara",Mechanical Engineering,OPEN_HS,2023,12055
117,"Parul Institute of Engineering & Technology, Waghodia, Vadodara",Mechanical Engineering,TFWS_HS,2023,23036
117,"Parul Institute of Engineering & Technology, Waghodia, Vadodara",computer Science & Engineering (Artificial Intelligence),OPEN_HS,2023,18702
117,"Parul Institute of Engineering & Technology, Waghodia, Vadodara",computer Science & Engineering (Artificial Intelligence),TFWS_HS,2023,25951
118,"Parul Institute of Technology, Waghodia, Vadodara",AGRICULTURAL ENGINEERING,OPEN_HS,2023,22393
118,"Parul Institute of Technology, Waghodia, Vadodara",AGRICULTURAL ENGINEERING,TFWS_HS,2023,6488
118,"Parul Institute of Technology, Waghodia, Vadodara",BIOTECHNOLOG Y,OPEN_HS,2023,26118
118,"Parul Institute of Technology, Waghodia, Vadodara",BIOTECHNOLOG Y,TFWS_HS,2023,10912
118,"Parul Institute of Technology, Waghodia, Vadodara",CHEMICAL ENGINEERING,OPEN_HS,2023,26255
118,"Parul Institute of Technology, Waghodia, Vadodara",CHEMICAL ENGINEERING,TFWS_HS,2023,24967
118,"Parul Institute of Technology, Waghodia, Vadodara",COMPUTER ENGINEERING,OPEN_HS,2023,25497
118,"Parul Institute of Technology, Waghodia, Vadodara",COMPUTER ENGINEERING,TFWS_HS,2023,6956
118,"Parul Institute of Technology, Waghodia, Vadodara",COMPUTER SCIENCE & ENGINEERING,OPEN_HS,2023,24741
118,"Parul Institute of Technology, Waghodia, Vadodara",COMPUTER SCIENCE & ENGINEERING,TFWS_HS,2023,12889
118,"Parul Institute of Technology, Waghodia, Vadodara",COMPUTER SCIENCE & ENGINEERING (ARTIFICIAL INTELLIGENCE),OPEN_HS,2023,18200
118,"Parul Institute of Technology, Waghodia, Vadodara",COMPUTER SCIENCE & ENGINEERING (ARTIFICIAL INTELLIGENCE),TFWS_HS,2023,24186
118,"Parul Institute of Technology, Waghodia, Vadodara",COMPUTER SCIENCE & ENGINEERING (BIG DATA ANALYTICS),TFWS_HS,2023,24984
118,"Parul Institute of Technology, Waghodia, Vadodara",COMPUTER SCIENCE & ENGINEERING (CLOUD COMPUTING),OPEN_HS,2023,12067
118,"Parul Institute of Technology, Waghodia, Vadodara",COMPUTER SCIENCE & ENGINEERING (CLOUD COMPUTING),TFWS_HS,2023,17049
118,"Parul Institute of Technology, Waghodia, Vadodara",COMPUTER SCIENCE & ENGINEERING (CYBER SECURITY),OPEN_HS,2023,25724
118,"Parul Institute of Technology, Waghodia, Vadodara",COMPUTER SCIENCE & ENGINEERING (CYBER SECURITY),TFWS_HS,2023,17926
118,"Parul Institute of Technology, Waghodia, Vadodara",DAIRY TECHNOLOGY,TFWS_HS,2023,23094
118,"Parul Institute of Technology, Waghodia, Vadodara",FOOD TECHNOLOGY,OPEN_HS,2023,23751
118,"Parul Institute of Technology, Waghodia, Vadodara",FOOD TECHNOLOGY,TFWS_HS,2023,14605
118,"Parul Institute of Technology, Waghodia, Vadodara",MECHATRONICS ENGINEERING,TFWS_HS,2023,22825
118,"Parul Institute of Technology, Waghodia, Vadodara",Mechanical Engineering,TFWS_HS,2023,19311
118,"Parul Institute of Technology, Waghodia, Vadodara",ROBOTICS AND AUTOMATION,TFWS_HS,2023,9704
119,"Prime Institute of Engineering and Technology, Jalalpore, Navsari",COMPUTER ENGINEERING,OPEN_HS,2023,26709
120,"R.K. University - School of Engineering, Rajkot",COMPUTER ENGINEERING,OPEN_HS,2023,26073
120,"R.K. University - School of Engineering, Rajkot",COMPUTER ENGINEERING,TFWS_HS,2023,11853
120,"R.K. University - School of Engineering, Rajkot",COMPUTER ENGINEERING (ARTIFICIAL INTELLIGENCE),TFWS_HS,2023,19488
120,"R.K. University - School of Engineering, Rajkot",COMPUTER SCIENCE & ENGINEERING (CYBER SECURITY),TFWS_HS,2023,22494
120,"R.K. University - School of Engineering, Rajkot",INFORMATION TECHNOLOGY,TFWS_HS,2023,13363
122,"R.N.G. Patel Institute of Technology-RNGPIT , Bardoli",CHEMICAL ENGINEERING,OPEN_HS,2023,26662
122,"R.N.G. Patel Institute of Technology-RNGPIT , Bardoli",CIVIL ENGINEERING,OPEN_HS,2023,26563
122,"R.N.G. Patel Institute of Technology-RNGPIT , Bardoli",CIVIL ENGINEERING,TFWS_HS,2023,16863
122,"R.N.G. Patel Institute of Technology-RNGPIT , Bardoli",COMPUTER SCIENCE & ENGINEERING,EWS_HS,2023,25939
122,"R.N.G. Patel Institute of Technology-RNGPIT , Bardoli",COMPUTER SCIENCE & ENGINEERING,OPEN_HS,2023,25830
122,"R.N.G. Patel Institute of Technology-RNGPIT , Bardoli",COMPUTER SCIENCE & ENGINEERING,SEBC_HS,2023,26083
122,"R.N.G. Patel Institute of Technology-RNGPIT , Bardoli",COMPUTER SCIENCE & ENGINEERING,TFWS_HS,2023,5405
122,"R.N.G. Patel Institute of Technology-RNGPIT , Bardoli",ELECTRICAL ENGINEERING,OPEN_HS,2023,25542
122,"R.N.G. Patel Institute of Technology-RNGPIT , Bardoli",INFORMATION TECHNOLOGY,OPEN_HS,2023,26805
122,"R.N.G. Patel Institute of Technology-RNGPIT , Bardoli",INFORMATION TECHNOLOGY,TFWS_HS,2023,9361
122,"R.N.G. Patel Institute of Technology-RNGPIT , Bardoli",MECHANICAL ENGINEERING,OPEN_HS,2023,25115
123,"Rai School of Engineering, Dholka, Ahmedabad",COMPUTER SCIENCE & ENGINEERING,OPEN_HS,2023,18600
124,"S.P.B. Patel Engg. College, (Saffrony), Linch, Mehsana",COMPUTER ENGINEERING,OPEN_HS,2023,25871
124,"S.P.B. Patel Engg. College, (Saffrony), Linch, Mehsana",COMPUTER ENGINEERING,TFWS_HS,2023,6932
124,"S.P.B. Patel Engg. College, (Saffrony), Linch, Mehsana",INFORMATION TECHNOLOGY,OPEN_HS,2023,26695
124,"S.P.B. Patel Engg. College, (Saffrony), Linch, Mehsana",INFORMATION TECHNOLOGY,TFWS_HS,2023,9384
125,S.S.AGRAWAL INSTITUTE OF ENGINEERING & TECHNOLOGY NAVSARI,CHEMICAL ENGINEERING,OPEN_HS,2023,25291
125,S.S.AGRAWAL INSTITUTE OF ENGINEERING & TECHNOLOGY NAVSARI,CIVIL ENGINEERING,OPEN_HS,2023,25831
125,S.S.AGRAWAL INSTITUTE OF ENGINEERING & TECHNOLOGY NAVSARI,COMPUTER ENGINEERING,EWS_HS,2023,25404
125,S.S.AGRAWAL INSTITUTE OF ENGINEERING & TECHNOLOGY NAVSARI,COMPUTER ENGINEERING,OPEN_HS,2023,22433
125,S.S.AGRAWAL INSTITUTE OF ENGINEERING & TECHNOLOGY NAVSARI,COMPUTER ENGINEERING,SC_HS,2023,24631
125,S.S.AGRAWAL INSTITUTE OF ENGINEERING & TECHNOLOGY NAVSARI,COMPUTER ENGINEERING,SEBC_HS,2023,25480
125,S.S.AGRAWAL INSTITUTE OF ENGINEERING & TECHNOLOGY NAVSARI,COMPUTER ENGINEERING,ST_HS,2023,26449
125,S.S.AGRAWAL INSTITUTE OF ENGINEERING & TECHNOLOGY NAVSARI,COMPUTER ENGINEERING,TFWS_HS,2023,6154
125,S.S.AGRAWAL INSTITUTE OF ENGINEERING & TECHNOLOGY NAVSARI,ELECTRICAL ENGINEERING,OPEN_HS,2023,26475
125,S.S.AGRAWAL INSTITUTE OF ENGINEERING & TECHNOLOGY NAVSARI,MECHANICAL ENGINEERING,OPEN_HS,2023,26305
126,"SAL ENGINEERING &TECHNICAL INSTITUTE, SOLA, AHMEDABAD",COMPUTER ENGINEERING,OPEN_HS,2023,26747
126,"SAL ENGINEERING &TECHNICAL INSTITUTE, SOLA, AHMEDABAD",COMPUTER ENGINEERING,TFWS_HS,2023,8659
126,"SAL ENGINEERING &TECHNICAL INSTITUTE, SOLA, AHMEDABAD",COMPUTER SCIENCE & ENGINEERING,OPEN_HS,2023,25750
126,"SAL ENGINEERING &TECHNICAL INSTITUTE, SOLA, AHMEDABAD",COMPUTER SCIENCE & ENGINEERING,TFWS_HS,2023,8624
126,"SAL ENGINEERING &TECHNICAL INSTITUTE, SOLA, AHMEDABAD",INFORMATION & COMMUNICATI ON TECHNOLOGY,OPEN_HS,2023,14771
126,"SAL ENGINEERING &TECHNICAL INSTITUTE, SOLA, AHMEDABAD",INFORMATION & COMMUNICATI ON TECHNOLOGY,TFWS_HS,2023,9651
126,"SAL ENGINEERING &TECHNICAL INSTITUTE, SOLA, AHMEDABAD",INFORMATION TECHNOLOGY,OPEN_HS,2023,26495
126,"SAL ENGINEERING &TECHNICAL INSTITUTE, SOLA, AHMEDABAD",INFORMATION TECHNOLOGY,TFWS_HS,2023,7807
127,"SARDAR PATEL COLLEGE OF ENGINEERING, BAKROL ANAND",COMPUTER ENGINEERING,OPEN_HS,2023,25977
127,"SARDAR PATEL COLLEGE OF ENGINEERING, BAKROL ANAND",COMPUTER ENGINEERING,TFWS_HS,2023,11511
127,"SARDAR PATEL COLLEGE OF ENGINEERING, BAKROL ANAND",INFORMATION TECHNOLOGY,OPEN_HS,2023,25030
127,"SARDAR PATEL COLLEGE OF ENGINEERING, BAKROL ANAND",INFORMATION TECHNOLOGY,TFWS_HS,2023,11251
129,"SCHOOL OF SCIENCE & ENGINEERING., Navrachana University, Vadodara",COMPUTER SCIENCE & ENGINEERING,OPEN_HS,2023,26487
129,"SCHOOL OF SCIENCE & ENGINEERING., Navrachana University, Vadodara",COMPUTER SCIENCE & ENGINEERING,TFWS_HS,2023,7482
129,"SCHOOL OF SCIENCE & ENGINEERING., Navrachana University, Vadodara",MECHANICAL ENGINEERING,OPEN_HS,2023,20685
130,"SCHOOL OF TECHNOLOGY, GSFC UNIVERSITY, VADODARA",CHEMICAL ENGINEERING,OPEN_HS,2023,25837
130,"SCHOOL OF TECHNOLOGY, GSFC UNIVERSITY, VADODARA",CHEMICAL ENGINEERING,TFWS_HS,2023,15245
130,"SCHOOL OF TECHNOLOGY, GSFC UNIVERSITY, VADODARA",COMPUTER SCIENCE & ENGINEERING,OPEN_HS,2023,26705
130,"SCHOOL OF TECHNOLOGY, GSFC UNIVERSITY, VADODARA",COMPUTER SCIENCE & ENGINEERING,TFWS_HS,2023,11726
130,"SCHOOL OF TECHNOLOGY, GSFC UNIVERSITY, VADODARA",FIRE AND ENVIRONMENT HEALTH SAFETY ENGINEERING,OPEN_HS,2023,22812
131,"SHREE DHANVANTARY COLLEGE OF ENGINEERING & TECHNOLOGY, KIM",CHEMICAL ENGINEERING (GREEN TECHNOLOGY AND SUSTAINABILITY ENGINEERING),OPEN_HS,2023,17466
131,"SHREE DHANVANTARY COLLEGE OF ENGINEERING & TECHNOLOGY, KIM",COMPUTER SCIENCE & ENGINEERING (ARTIFICIAL INTELLIGENCE AND MACHINE LEARNING),OPEN_HS,2023,20784
131,"SHREE DHANVANTARY COLLEGE OF ENGINEERING & TECHNOLOGY, KIM",COMPUTER SCIENCE & ENGINEERING (INTERNET OF THINGS & CYBER SECURITY INCLUDING BLOCK CHAIN TECHNOLOGY),OPEN_HS,2023,26324
132,"SHREE PAREKH ENGINEEIRNG College, MAHUVA",COMPUTER ENGINEERING,TFWS_HS,2023,19687
132,"SHREE PAREKH ENGINEEIRNG College, MAHUVA",FOOD ENGINEERING & TECHNOLOGY,OPEN_HS,2023,8073
132,"SHREE PAREKH ENGINEEIRNG College, MAHUVA",FOOD ENGINEERING & TECHNOLOGY,TFWS_HS,2023,18695
132,"SHREE PAREKH ENGINEEIRNG College, MAHUVA",INFORMATION TECHNOLOGY,TFWS_HS,2023,21886
133,"SHREE SWAMINARAYAN INSTITUTE OF TECHNOLOGY, BHAT, GANDHINAGAR",CIVIL ENGINEERING,OPEN_HS,2023,26384
133,"SHREE SWAMINARAYAN INSTITUTE OF TECHNOLOGY, BHAT, GANDHINAGAR",COMPUTER ENGINEERING,OPEN_HS,2023,26468
133,"SHREE SWAMINARAYAN INSTITUTE OF TECHNOLOGY, BHAT, GANDHINAGAR",COMPUTER ENGINEERING,TFWS_HS,2023,12172
133,"SHREE SWAMINARAYAN INSTITUTE OF TECHNOLOGY, BHAT, GANDHINAGAR",INFORMATION TECHNOLOGY,OPEN_HS,2023,25225
133,"SHREE SWAMINARAYAN INSTITUTE OF TECHNOLOGY, BHAT, GANDHINAGAR",INFORMATION TECHNOLOGY,TFWS_HS,2023,11353
134,"Sal College Of Engineering , Ahmedabad",COMPUTER ENGINEERING,OPEN_HS,2023,25890
134,"Sal College Of Engineering , Ahmedabad",COMPUTER ENGINEERING,TFWS_HS,2023,8195
134,"Sal College Of Engineering , Ahmedabad",INFORMATION & COMMUNICATI ON TECHNOLOGY,OPEN_HS,2023,26678
134,"Sal College Of Engineering , Ahmedabad",INFORMATION TECHNOLOGY,OPEN_HS,2023,25799
134,"Sal College Of Engineering , Ahmedabad",INFORMATION TECHNOLOGY,TFWS_HS,2023,8432
135,"Sal Institute Of Tech. & Engg. Research, Ahmedabad",COMPUTER ENGINEERING,OPEN_HS,2023,26634
135,"Sal Institute Of Tech. & Engg. Research, Ahmedabad",COMPUTER ENGINEERING,TFWS_HS,2023,9058
135,"Sal Institute Of Tech. & Engg. Research, Ahmedabad",COMPUTER SCIENCE & ENGINEERING,OPEN_HS,2023,26638
135,"Sal Institute Of Tech. & Engg. Research, Ahmedabad",COMPUTER SCIENCE & ENGINEERING,TFWS_HS,2023,9066
135,"Sal Institute Of Tech. & Engg. Research, Ahmedabad",INFORMATION & COMMUNICATI ON TECHNOLOGY,OPEN_HS,2023,23496
135,"Sal Institute Of Tech. & Engg. Research, Ahmedabad",INFORMATION & COMMUNICATI ON TECHNOLOGY,TFWS_HS,2023,14644
135,"Sal Institute Of Tech. & Engg. Research, Ahmedabad",MECHANICAL ENGINEERING,OPEN_HS,2023,23098
136,"Sankalchand Patel College Of Engg., Visnagar",ARTIFICIAL INTELLIGENCE AND DATA SCIENCE,OPEN_HS,2023,23815
136,"Sankalchand Patel College Of Engg., Visnagar",COMPUTER ENGINEERING,OPEN_HS,2023,26531
136,"Sankalchand Patel College Of Engg., Visnagar",COMPUTER ENGINEERING,TFWS_HS,2023,11624
136,"Sankalchand Patel College Of Engg., Visnagar",Electrical Engineering,TFWS_HS,2023,15268
136,"Sankalchand Patel College Of Engg., Visnagar",INFORMATION & COMMUNICATI ON TECHNOLOGY,OPEN_HS,2023,24218
136,"Sankalchand Patel College Of Engg., Visnagar",INFORMATION TECHNOLOGY,OPEN_HS,2023,25679
136,"Sankalchand Patel College Of Engg., Visnagar",INFORMATION TECHNOLOGY,TFWS_HS,2023,10108
137,"Sardar Vallabhbhai Patel Institute Of Tech.,Vasad",AERONAUTICAL ENGINEERING,OPEN_HS,2023,26706
137,"Sardar Vallabhbhai Patel Institute Of Tech.,Vasad",AERONAUTICAL ENGINEERING,TFWS_HS,2023,8229
137,"Sardar Vallabhbhai Patel Institute Of Tech.,Vasad",CIVIL ENGINEERING,OPEN_HS,2023,24791
137,"Sardar Vallabhbhai Patel Institute Of Tech.,Vasad",COMPUTER ENGINEERING,ESM_HS,2023,22316
137,"Sardar Vallabhbhai Patel Institute Of Tech.,Vasad",COMPUTER ENGINEERING,EWS_HS,2023,8670
137,"Sardar Vallabhbhai Patel Institute Of Tech.,Vasad",COMPUTER ENGINEERING,OPEN_HS,2023,6313
137,"Sardar Vallabhbhai Patel Institute Of Tech.,Vasad",COMPUTER ENGINEERING,SC_HS,2023,20394
137,"Sardar Vallabhbhai Patel Institute Of Tech.,Vasad",COMPUTER ENGINEERING,SEBC_HS,2023,11014
137,"Sardar Vallabhbhai Patel Institute Of Tech.,Vasad",COMPUTER ENGINEERING,ST_HS,2023,21623
137,"Sardar Vallabhbhai Patel Institute Of Tech.,Vasad",COMPUTER ENGINEERING,TFWS_HS,2023,2800
137,"Sardar Vallabhbhai Patel Institute Of Tech.,Vasad",COMPUTER SCIENCE & DESIGN,EWS_HS,2023,24069
137,"Sardar Vallabhbhai Patel Institute Of Tech.,Vasad",COMPUTER SCIENCE & DESIGN,OPEN_HS,2023,11336
137,"Sardar Vallabhbhai Patel Institute Of Tech.,Vasad",COMPUTER SCIENCE & DESIGN,SC_HS,2023,20490
137,"Sardar Vallabhbhai Patel Institute Of Tech.,Vasad",COMPUTER SCIENCE & DESIGN,SEBC_HS,2023,24681
137,"Sardar Vallabhbhai Patel Institute Of Tech.,Vasad",COMPUTER SCIENCE & DESIGN,TFWS_HS,2023,5154
137,"Sardar Vallabhbhai Patel Institute Of Tech.,Vasad",ELECTRICAL ENGINEERING,OPEN_HS,2023,25902
137,"Sardar Vallabhbhai Patel Institute Of Tech.,Vasad",ELECTRONICS & COMMUNICATI ON ENGINEERING,OPEN_HS,2023,20191
137,"Sardar Vallabhbhai Patel Institute Of Tech.,Vasad",INFORMATION TECHNOLOGY,EWS_HS,2023,11197
137,"Sardar Vallabhbhai Patel Institute Of Tech.,Vasad",INFORMATION TECHNOLOGY,OPEN_HS,2023,9539
137,"Sardar Vallabhbhai Patel Institute Of Tech.,Vasad",INFORMATION TECHNOLOGY,SC_HS,2023,22694
137,"Sardar Vallabhbhai Patel Institute Of Tech.,Vasad",INFORMATION TECHNOLOGY,SEBC_HS,2023,16014
137,"Sardar Vallabhbhai Patel Institute Of Tech.,Vasad",INFORMATION TECHNOLOGY,ST_HS,2023,11637
137,"Sardar Vallabhbhai Patel Institute Of Tech.,Vasad",INFORMATION TECHNOLOGY,TFWS_HS,2023,3664
137,"Sardar Vallabhbhai Patel Institute Of Tech.,Vasad",MECHANICAL ENGINEERING,OPEN_HS,2023,24774
138,"Sarvajanik College Of Engg. & Tech. , Surat",ARTIFICIAL INTELLIGENCE AND DATA SCIENCE,EWS_HS,2023,10031
138,"Sarvajanik College Of Engg. & Tech. , Surat",ARTIFICIAL INTELLIGENCE AND DATA SCIENCE,OPEN_HS,2023,8394
138,"Sarvajanik College Of Engg. & Tech. , Surat",ARTIFICIAL INTELLIGENCE AND DATA SCIENCE,SEBC_HS,2023,17325
138,"Sarvajanik College Of Engg. & Tech. , Surat",ARTIFICIAL INTELLIGENCE AND DATA SCIENCE,TFWS_HS,2023,2000
138,"Sarvajanik College Of Engg. & Tech. , Surat",CHEMICAL ENGINEERING,OPEN_HS,2023,21015
138,"Sarvajanik College Of Engg. & Tech. , Surat",CHEMICAL ENGINEERING,TFWS_HS,2023,9886
138,"Sarvajanik College Of Engg. & Tech. , Surat",CIVIL ENGINEERING,OPEN_HS,2023,25649
138,"Sarvajanik College Of Engg. & Tech. , Surat",CIVIL ENGINEERING,TFWS_HS,2023,16208
138,"Sarvajanik College Of Engg. & Tech. , Surat",COMPUTER ENGINEERING,EWS_HS,2023,3628
138,"Sarvajanik College Of Engg. & Tech. , Surat",COMPUTER ENGINEERING,OPEN_HS,2023,3086
138,"Sarvajanik College Of Engg. & Tech. , Surat",COMPUTER ENGINEERING,SC_HS,2023,17856
138,"Sarvajanik College Of Engg. & Tech. , Surat",COMPUTER ENGINEERING,SEBC_HS,2023,7040
138,"Sarvajanik College Of Engg. & Tech. , Surat",COMPUTER ENGINEERING,ST_HS,2023,23506
138,"Sarvajanik College Of Engg. & Tech. , Surat",COMPUTER ENGINEERING,TFWS_HS,2023,1492
138,"Sarvajanik College Of Engg. & Tech. , Surat",ELECTRICAL ENGINEERING,OPEN_HS,2023,15873
138,"Sarvajanik College Of Engg. & Tech. , Surat",ELECTRICAL ENGINEERING,TFWS_HS,2023,20347
138,"Sarvajanik College Of Engg. & Tech. , Surat",ELECTRONICS & COMMUNICATI ON ENGINEERING,OPEN_HS,2023,26687
138,"Sarvajanik College Of Engg. & Tech. , Surat",ELECTRONICS & COMMUNICATI ON ENGINEERING,TFWS_HS,2023,12165
138,"Sarvajanik College Of Engg. & Tech. , Surat",INFORMATION TECHNOLOGY,EWS_HS,2023,5679
138,"Sarvajanik College Of Engg. & Tech. , Surat",INFORMATION TECHNOLOGY,OPEN_HS,2023,4735
138,"Sarvajanik College Of Engg. & Tech. , Surat",INFORMATION TECHNOLOGY,SC_HS,2023,25045
138,"Sarvajanik College Of Engg. & Tech. , Surat",INFORMATION TECHNOLOGY,SEBC_HS,2023,8981
138,"Sarvajanik College Of Engg. & Tech. , Surat",INFORMATION TECHNOLOGY,ST_HS,2023,23327
138,"Sarvajanik College Of Engg. & Tech. , Surat",INFORMATION TECHNOLOGY,TFWS_HS,2023,1766
138,"Sarvajanik College Of Engg. & Tech. , Surat",INSTRUMENTAT ION & CONTROL ENGINEERING,OPEN_HS,2023,25901
138,"Sarvajanik College Of Engg. & Tech. , Surat",INSTRUMENTAT ION & CONTROL ENGINEERING,TFWS_HS,2023,12599
138,"Sarvajanik College Of Engg. & Tech. , Surat",MECHANICAL ENGINEERING,OPEN_HS,2023,26166
138,"Sarvajanik College Of Engg. & Tech. , Surat",MECHANICAL ENGINEERING,TFWS_HS,2023,11092
138,"Sarvajanik College Of Engg. & Tech. , Surat",TEXTILE TECHNOLOGY,OPEN_HS,2023,26344
139,"School of Engg. and Applied Science, Ahmedabad University, Ahmedabad",CHEMICAL ENGINEERING,OPEN_HS,2023,26677
139,"School of Engg. and Applied Science, Ahmedabad University, Ahmedabad",COMPUTER SCIENCE & ENGINEERING,ESM_HS,2023,10469
139,"School of Engg. and Applied Science, Ahmedabad University, Ahmedabad",COMPUTER SCIENCE & ENGINEERING,EWS_HS,2023,1720
139,"School of Engg. and Applied Science, Ahmedabad University, Ahmedabad",COMPUTER SCIENCE & ENGINEERING,OPEN_HS,2023,1361
139,"School of Engg. and Applied Science, Ahmedabad University, Ahmedabad",COMPUTER SCIENCE & ENGINEERING,SC_HS,2023,8080
139,"School of Engg. and Applied Science, Ahmedabad University, Ahmedabad",COMPUTER SCIENCE & ENGINEERING,SEBC_HS,2023,4228
139,"School of Engg. and Applied Science, Ahmedabad University, Ahmedabad",COMPUTER SCIENCE & ENGINEERING,ST_HS,2023,25865
139,"School of Engg. and Applied Science, Ahmedabad University, Ahmedabad",COMPUTER SCIENCE & ENGINEERING,TFWS_HS,2023,800
139,"School of Engg. and Applied Science, Ahmedabad University, Ahmedabad",MECHANICAL ENGINEERING,OPEN_HS,2023,26300
139,"School of Engg. and Applied Science, Ahmedabad University, Ahmedabad",MECHANICAL ENGINEERING,TFWS_HS,2023,11729
140,"School of Engineering - Indrashil University, Kadi",COMPUTER SCIENCE & ENGINEERING,OPEN_HS,2023,25433
140,"School of Engineering - Indrashil University, Kadi",COMPUTER SCIENCE & ENGINEERING,TFWS_HS,2023,12517
140,"School of Engineering - Indrashil University, Kadi",INFORMATION TECHNOLOGY,OPEN_HS,2023,24846
140,"School of Engineering - Indrashil University, Kadi",INFORMATION TECHNOLOGY,TFWS_HS,2023,13966
142,"Shankersinh Vaghela Bapu Institute Of Tech., Unava, Gandhinagar",COMPUTER ENGINEERING,OPEN_HS,2023,24160
142,"Shankersinh Vaghela Bapu Institute Of Tech., Unava, Gandhinagar",COMPUTER ENGINEERING,TFWS_HS,2023,8766
142,"Shankersinh Vaghela Bapu Institute Of Tech., Unava, Gandhinagar",INFORMATION TECHNOLOGY,OPEN_HS,2023,25605
142,"Shankersinh Vaghela Bapu Institute Of Tech., Unava, Gandhinagar",INFORMATION TECHNOLOGY,TFWS_HS,2023,13282
143,"Shantilal Shah Engineering College ,Bhavnagar",CIVIL ENGINEERING,OPEN_AI,2023,913490
143,"Shantilal Shah Engineering College ,Bhavnagar",CIVIL ENGINEERING,OPEN_HS,2023,26429
143,"Shantilal Shah Engineering College ,Bhavnagar",ELECTRICAL ENGINEERING,OPEN_AI,2023,912974
143,"Shantilal Shah Engineering College ,Bhavnagar",ELECTRICAL ENGINEERING,OPEN_HS,2023,21933
143,"Shantilal Shah Engineering College ,Bhavnagar",ELECTRICAL ENGINEERING,TFWS_HS,2023,24393
143,"Shantilal Shah Engineering College ,Bhavnagar",INFORMATION TECHNOLOGY,EWS_HS,2023,14214
143,"Shantilal Shah Engineering College ,Bhavnagar",INFORMATION TECHNOLOGY,OPEN_AI,2023,902356
143,"Shantilal Shah Engineering College ,Bhavnagar",INFORMATION TECHNOLOGY,OPEN_HS,2023,11509
143,"Shantilal Shah Engineering College ,Bhavnagar",INFORMATION TECHNOLOGY,SC_HS,2023,26800
143,"Shantilal Shah Engineering College ,Bhavnagar",INFORMATION TECHNOLOGY,SEBC_HS,2023,15907
143,"Shantilal Shah Engineering College ,Bhavnagar",INFORMATION TECHNOLOGY,TFWS_HS,2023,7608
143,"Shantilal Shah Engineering College ,Bhavnagar",INSTRUMENTAT ION & CONTROL ENGINEERING,OPEN_HS,2023,22064
143,"Shantilal Shah Engineering College ,Bhavnagar",MECHANICAL ENGINEERING,OPEN_HS,2023,16857
145,"Shri Labhubhai Trivedi Institute Of Engineering And Technology, Rajkot",COMPUTER SCIENCE & ENGINEERING,OPEN_HS,2023,21999
145,"Shri Labhubhai Trivedi Institute Of Engineering And Technology, Rajkot",COMPUTER SCIENCE & ENGINEERING,TFWS_HS,2023,16031
145,"Shri Labhubhai Trivedi Institute Of Engineering And Technology, Rajkot",COMPUTER SCIENCE & ENGINEERING (DATA SCIENCE),OPEN_HS,2023,21507
145,"Shri Labhubhai Trivedi Institute Of Engineering And Technology, Rajkot",COMPUTER SCIENCE & ENGINEERING (DATA SCIENCE),TFWS_HS,2023,12929
145,"Shri Labhubhai Trivedi Institute Of Engineering And Technology, Rajkot",MECHANICAL ENGINEERING,OPEN_HS,2023,16807
146,"Shri Sadvidhya Mandal Institute Of Tech., Bharuch",CHEMICAL ENGINEERING,OPEN_HS,2023,24579
146,"Shri Sadvidhya Mandal Institute Of Tech., Bharuch",CHEMICAL ENGINEERING,TFWS_HS,2023,26042
146,"Shri Sadvidhya Mandal Institute Of Tech., Bharuch",CIVIL ENGINEERING,OPEN_HS,2023,25040
146,"Shri Sadvidhya Mandal Institute Of Tech., Bharuch",COMPUTER SCIENCE & ENGINEERING,OPEN_HS,2023,26789
146,"Shri Sadvidhya Mandal Institute Of Tech., Bharuch",COMPUTER SCIENCE & ENGINEERING,TFWS_HS,2023,11500
146,"Shri Sadvidhya Mandal Institute Of Tech., Bharuch",INFORMATION TECHNOLOGY,OPEN_HS,2023,26223
146,"Shri Sadvidhya Mandal Institute Of Tech., Bharuch",INFORMATION TECHNOLOGY,TFWS_HS,2023,14187
146,"Shri Sadvidhya Mandal Institute Of Tech., Bharuch",MECHANICAL ENGINEERING,OPEN_HS,2023,25674
147,"Shri Sitaram N Patel Inst. Of Tech. & Res. (Vidhyabharti Trust), Umrakh",CHEMICAL ENGINEERING,OPEN_HS,2023,25884
147,"Shri Sitaram N Patel Inst. Of Tech. & Res. (Vidhyabharti Trust), Umrakh",CHEMICAL ENGINEERING,TFWS_HS,2023,25319
147,"Shri Sitaram N Patel Inst. Of Tech. & Res. (Vidhyabharti Trust), Umrakh",CIVIL ENGINEERING,OPEN_HS,2023,26473
147,"Shri Sitaram N Patel Inst. Of Tech. & Res. (Vidhyabharti Trust), Umrakh",COMPUTER SCIENCE & ENGINEERING,OPEN_HS,2023,26555
147,"Shri Sitaram N Patel Inst. Of Tech. & Res. (Vidhyabharti Trust), Umrakh",COMPUTER SCIENCE & ENGINEERING,TFWS_HS,2023,15112
147,"Shri Sitaram N Patel Inst. Of Tech. & Res. (Vidhyabharti Trust), Umrakh",ELECTRICAL ENGINEERING,OPEN_HS,2023,26440
147,"Shri Sitaram N Patel Inst. Of Tech. & Res. (Vidhyabharti Trust), Umrakh",INFORMATION TECHNOLOGY,OPEN_HS,2023,25132
147,"Shri Sitaram N Patel Inst. Of Tech. & Res. (Vidhyabharti Trust), Umrakh",INFORMATION TECHNOLOGY,TFWS_HS,2023,12515
147,"Shri Sitaram N Patel Inst. Of Tech. & Res. (Vidhyabharti Trust), Umrakh",MECHANICAL ENGINEERING,OPEN_HS,2023,26424
148,"Shri Swami Atmanand Saraswati Institute Of Tech., Surat",COMPUTER ENGINEERING,EWS_HS,2023,8491
148,"Shri Swami Atmanand Saraswati Institute Of Tech., Surat",COMPUTER ENGINEERING,OPEN_HS,2023,8135
148,"Shri Swami Atmanand Saraswati Institute Of Tech., Surat",COMPUTER ENGINEERING,SC_HS,2023,22971
148,"Shri Swami Atmanand Saraswati Institute Of Tech., Surat",COMPUTER ENGINEERING,SEBC_HS,2023,20805
148,"Shri Swami Atmanand Saraswati Institute Of Tech., Surat",COMPUTER ENGINEERING,TFWS_HS,2023,3037
148,"Shri Swami Atmanand Saraswati Institute Of Tech., Surat",ELECTRICAL ENGINEERING,OPEN_HS,2023,24879
148,"Shri Swami Atmanand Saraswati Institute Of Tech., Surat",ELECTRONICS & COMMUNICATI ON ENGINEERING,TFWS_HS,2023,22108
148,"Shri Swami Atmanand Saraswati Institute Of Tech., Surat",INFORMATION TECHNOLOGY,EWS_HS,2023,10779
148,"Shri Swami Atmanand Saraswati Institute Of Tech., Surat",INFORMATION TECHNOLOGY,OPEN_HS,2023,10348
148,"Shri Swami Atmanand Saraswati Institute Of Tech., Surat",INFORMATION TECHNOLOGY,SEBC_HS,2023,22759
148,"Shri Swami Atmanand Saraswati Institute Of Tech., Surat",INFORMATION TECHNOLOGY,TFWS_HS,2023,4463
148,"Shri Swami Atmanand Saraswati Institute Of Tech., Surat",MECHANICAL ENGINEERING,OPEN_HS,2023,22956
148,"Shri Swami Atmanand Saraswati Institute Of Tech., Surat",MECHANICAL ENGINEERING,TFWS_HS,2023,20028
149,"Shroff S.R.Rotary Inst. Of Chemical Technology, Vatatia,Bharuch",CHEMICAL ENGINEERING,OPEN_HS,2023,26410
149,"Shroff S.R.Rotary Inst. Of Chemical Technology, Vatatia,Bharuch",CHEMICAL ENGINEERING,TFWS_HS,2023,12325
149,"Shroff S.R.Rotary Inst. Of Chemical Technology, Vatatia,Bharuch",COMPUTER ENGINEERING,OPEN_HS,2023,23263
150,"Sigma Institute Of Engg., Bakrol",CHEMICAL ENGINEERING,OPEN_HS,2023,24661
150,"Sigma Institute Of Engg., Bakrol",COMPUTER ENGINEERING,OPEN_HS,2023,25191
150,"Sigma Institute Of Engg., Bakrol",COMPUTER ENGINEERING,TFWS_HS,2023,11842
150,"Sigma Institute Of Engg., Bakrol",INFORMATION TECHNOLOGY,OPEN_HS,2023,23669
150,"Sigma Institute Of Engg., Bakrol",INFORMATION TECHNOLOGY,TFWS_HS,2023,18503
150,"Sigma Institute Of Engg., Bakrol",MECHANICAL ENGINEERING,OPEN_HS,2023,18658
151,"Silver Oak College Of Engg., & Tech. (WITHIN AMHEDABAD MUNICIPAL CORPORATION LIMIT), Ahmedabad",AERONAUTICAL ENGINEERING,OPEN_HS,2023,13015
151,"Silver Oak College Of Engg., & Tech. (WITHIN AMHEDABAD MUNICIPAL CORPORATION LIMIT), Ahmedabad",BIOTECHNOLOG Y,OPEN_HS,2023,18694
151,"Silver Oak College Of Engg., & Tech. (WITHIN AMHEDABAD MUNICIPAL CORPORATION LIMIT), Ahmedabad",BIOTECHNOLOG Y,TFWS_HS,2023,8769
151,"Silver Oak College Of Engg., & Tech. (WITHIN AMHEDABAD MUNICIPAL CORPORATION LIMIT), Ahmedabad",CIVIL ENGINEERING,OPEN_HS,2023,23674
151,"Silver Oak College Of Engg., & Tech. (WITHIN AMHEDABAD MUNICIPAL CORPORATION LIMIT), Ahmedabad",COMPUTER ENGINEERING,OPEN_HS,2023,26462
151,"Silver Oak College Of Engg., & Tech. (WITHIN AMHEDABAD MUNICIPAL CORPORATION LIMIT), Ahmedabad",COMPUTER ENGINEERING,TFWS_HS,2023,9689
151,"Silver Oak College Of Engg., & Tech. (WITHIN AMHEDABAD MUNICIPAL CORPORATION LIMIT), Ahmedabad",COMPUTER ENGINEERING (ARTIFICIAL INTELLIGENCE AND MACHINE LEARNING),OPEN_HS,2023,22585
151,"Silver Oak College Of Engg., & Tech. (WITHIN AMHEDABAD MUNICIPAL CORPORATION LIMIT), Ahmedabad",COMPUTER ENGINEERING (ARTIFICIAL INTELLIGENCE AND MACHINE LEARNING),TFWS_HS,2023,11369
151,"Silver Oak College Of Engg., & Tech. (WITHIN AMHEDABAD MUNICIPAL CORPORATION LIMIT), Ahmedabad",COMPUTER SCIENCE & ENGINEERING,OPEN_HS,2023,26092
151,"Silver Oak College Of Engg., & Tech. (WITHIN AMHEDABAD MUNICIPAL CORPORATION LIMIT), Ahmedabad",COMPUTER SCIENCE & ENGINEERING,TFWS_HS,2023,7792
151,"Silver Oak College Of Engg., & Tech. (WITHIN AMHEDABAD MUNICIPAL CORPORATION LIMIT), Ahmedabad",COMPUTER SCIENCE & ENGINEERING (CYBER SECURITY),OPEN_HS,2023,21959
151,"Silver Oak College Of Engg., & Tech. (WITHIN AMHEDABAD MUNICIPAL CORPORATION LIMIT), Ahmedabad",COMPUTER SCIENCE & ENGINEERING (CYBER SECURITY),TFWS_HS,2023,12835
151,"Silver Oak College Of Engg., & Tech. (WITHIN AMHEDABAD MUNICIPAL CORPORATION LIMIT), Ahmedabad",INFORMATION TECHNOLOGY,OPEN_HS,2023,25635
151,"Silver Oak College Of Engg., & Tech. (WITHIN AMHEDABAD MUNICIPAL CORPORATION LIMIT), Ahmedabad",INFORMATION TECHNOLOGY,TFWS_HS,2023,9040
152,"Smt. S.R. Patel Engg. College, Dabhi, Unjha",CIVIL ENGINEERING,OPEN_HS,2023,21839
152,"Smt. S.R. Patel Engg. College, Dabhi, Unjha",COMPUTER ENGINEERING,OPEN_HS,2023,25617
152,"Smt. S.R. Patel Engg. College, Dabhi, Unjha",COMPUTER ENGINEERING,TFWS_HS,2023,8558
154,Swarrnim Institute of Technology,CLOUD TECH &INFORMATION SECURITY,OPEN_HS,2023,21398
154,Swarrnim Institute of Technology,COMPUTER ENGINEERING,OPEN_HS,2023,16669
154,Swarrnim Institute of Technology,CYBER SECURITY,OPEN_HS,2023,20664
156,"Unitedworld School of Computational Intelligence, Uvarsad, Gandhinagar",COMPUTER SCIENCE & ENGINEERING,ESM_HS,2023,20388
156,"Unitedworld School of Computational Intelligence, Uvarsad, Gandhinagar",COMPUTER SCIENCE & ENGINEERING,EWS_HS,2023,23935
156,"Unitedworld School of Computational Intelligence, Uvarsad, Gandhinagar",COMPUTER SCIENCE & ENGINEERING,OPEN_HS,2023,13348
156,"Unitedworld School of Computational Intelligence, Uvarsad, Gandhinagar",COMPUTER SCIENCE & ENGINEERING,SC_HS,2023,25970
156,"Unitedworld School of Computational Intelligence, Uvarsad, Gandhinagar",COMPUTER SCIENCE & ENGINEERING,SEBC_HS,2023,23713
156,"Unitedworld School of Computational Intelligence, Uvarsad, Gandhinagar",COMPUTER SCIENCE & ENGINEERING,TFWS_HS,2023,6160
156,"Unitedworld School of Computational Intelligence, Uvarsad, Gandhinagar",COMPUTER SCIENCE & ENGINEERING (ARTIFICIAL INTELLIGENCE AND MACHINE LEARNING),OPEN_HS,2023,22461
156,"Unitedworld School of Computational Intelligence, Uvarsad, Gandhinagar",COMPUTER SCIENCE & ENGINEERING (ARTIFICIAL INTELLIGENCE AND MACHINE LEARNING),TFWS_HS,2023,12928
157,"V.V.P. Engineering College, Rajkot",BIOTECHNOLOG Y,OPEN_HS,2023,24262
157,"V.V.P. Engineering College, Rajkot",BIOTECHNOLOG Y,TFWS_HS,2023,5745
157,"V.V.P. Engineering College, Rajkot",CHEMICAL ENGINEERING,TFWS_HS,2023,21810
157,"V.V.P. Engineering College, Rajkot",CIVIL ENGINEERING,OPEN_HS,2023,23053
157,"V.V.P. Engineering College, Rajkot",COMPUTER ENGINEERING,EWS_HS,2023,21225
157,"V.V.P. Engineering College, Rajkot",COMPUTER ENGINEERING,OPEN_HS,2023,15414
157,"V.V.P. Engineering College, Rajkot",COMPUTER ENGINEERING,SC_HS,2023,25197
157,"V.V.P. Engineering College, Rajkot",COMPUTER ENGINEERING,SEBC_HS,2023,24285
157,"V.V.P. Engineering College, Rajkot",COMPUTER ENGINEERING,TFWS_HS,2023,2725
157,"V.V.P. Engineering College, Rajkot",ELECTRICAL ENGINEERING,OPEN_HS,2023,18532
157,"V.V.P. Engineering College, Rajkot",ELECTRONICS & COMMUNICATI ON ENGINEERING,OPEN_HS,2023,12881
157,"V.V.P. Engineering College, Rajkot",ELECTRONICS & COMMUNICATI ON ENGINEERING,TFWS_HS,2023,6190
157,"V.V.P. Engineering College, Rajkot",INFORMATION TECHNOLOGY,OPEN_HS,2023,26683
157,"V.V.P. Engineering College, Rajkot",INFORMATION TECHNOLOGY,TFWS_HS,2023,3223
157,"V.V.P. Engineering College, Rajkot",MECHANICAL ENGINEERING,OPEN_HS,2023,21241
158,"VEERAYATAN INSTITUTE OF ENGINEERING TECHNOLOGY & RESEARCH., Mandvi",CHEMICAL ENGINEERING,OPEN_HS,2023,26106
158,"VEERAYATAN INSTITUTE OF ENGINEERING TECHNOLOGY & RESEARCH., Mandvi",COMPUTER ENGINEERING,OPEN_HS,2023,23779
160,"Vadodara Institute of Engineering, Kotambi, Waghodiya, Vadodara",COMPUTER ENGINEERING,OPEN_HS,2023,26099
160,"Vadodara Institute of Engineering, Kotambi, Waghodiya, Vadodara",INFORMATION TECHNOLOGY,OPEN_HS,2023,24003
161,"Vidhyadeep Institute of Engineering & Technology, Anita(Kim), Surat",COMPUTER ENGINEERING,OPEN_HS,2023,22765
161,"Vidhyadeep Institute of Engineering & Technology, Anita(Kim), Surat",COMPUTER ENGINEERING,TFWS_HS,2023,11882
162,"Vidush Somany Institute Of Tech. & Res., Kadi",COMPUTER ENGINEERING,OPEN_HS,2023,24234
162,"Vidush Somany Institute Of Tech. & Res., Kadi",COMPUTER ENGINEERING,TFWS_HS,2023,19608
162,"Vidush Somany Institute Of Tech. & Res., Kadi",COMPUTER SCIENCE & ENGINEERING,OPEN_HS,2023,21279
162,"Vidush Somany Institute Of Tech. & Res., Kadi",COMPUTER SCIENCE & ENGINEERING,TFWS_HS,2023,24566
162,"Vidush Somany Institute Of Tech. & Res., Kadi",INFORMATION TECHNOLOGY,TFWS_HS,2023,13572
163,"Vishwakarma Government Engineering College, Chandkheda,Gandhina gar",CHEMICAL ENGINEERING,EWS_HS,2023,18268
163,"Vishwakarma Government Engineering College, Chandkheda,Gandhina gar",CHEMICAL ENGINEERING,OPEN_AI,2023,903678
163,"Vishwakarma Government Engineering College, Chandkheda,Gandhina gar",CHEMICAL ENGINEERING,OPEN_HS,2023,14717
163,"Vishwakarma Government Engineering College, Chandkheda,Gandhina gar",CHEMICAL ENGINEERING,SC_HS,2023,21478
163,"Vishwakarma Government Engineering College, Chandkheda,Gandhina gar",CHEMICAL ENGINEERING,SEBC_HS,2023,20372
163,"Vishwakarma Government Engineering College, Chandkheda,Gandhina gar",CHEMICAL ENGINEERING,TFWS_HS,2023,7809
163,"Vishwakarma Government Engineering College, Chandkheda,Gandhina gar",CIVIL ENGINEERING,EWS_HS,2023,16560
163,"Vishwakarma Government Engineering College, Chandkheda,Gandhina gar",CIVIL ENGINEERING,OPEN_AI,2023,903850
163,"Vishwakarma Government Engineering College, Chandkheda,Gandhina gar",CIVIL ENGINEERING,OPEN_HS,2023,14107
163,"Vishwakarma Government Engineering College, Chandkheda,Gandhina gar",CIVIL ENGINEERING,SC_HS,2023,22497
163,"Vishwakarma Government Engineering College, Chandkheda,Gandhina gar",CIVIL ENGINEERING,SEBC_HS,2023,22536
163,"Vishwakarma Government Engineering College, Chandkheda,Gandhina gar",CIVIL ENGINEERING,ST_HS,2023,18860
163,"Vishwakarma Government Engineering College, Chandkheda,Gandhina gar",CIVIL ENGINEERING,TFWS_HS,2023,11947
163,"Vishwakarma Government Engineering College, Chandkheda,Gandhina gar",COMPUTER ENGINEERING,ESM_HS,2023,8261
163,"Vishwakarma Government Engineering College, Chandkheda,Gandhina gar",COMPUTER ENGINEERING,EWS_HS,2023,1755
163,"Vishwakarma Government Engineering College, Chandkheda,Gandhina gar",COMPUTER ENGINEERING,OPEN_AI,2023,900296
163,"Vishwakarma Government Engineering College, Chandkheda,Gandhina gar",COMPUTER ENGINEERING,OPEN_HS,2023,1493
163,"Vishwakarma Government Engineering College, Chandkheda,Gandhina gar",COMPUTER ENGINEERING,SC_HS,2023,5505
163,"Vishwakarma Government Engineering College, Chandkheda,Gandhina gar",COMPUTER ENGINEERING,SEBC_HS,2023,2468
163,"Vishwakarma Government Engineering College, Chandkheda,Gandhina gar",COMPUTER ENGINEERING,ST_HS,2023,20921
163,"Vishwakarma Government Engineering College, Chandkheda,Gandhina gar",COMPUTER ENGINEERING,TFWS_HS,2023,1143
163,"Vishwakarma Government Engineering College, Chandkheda,Gandhina gar",COMPUTER SCIENCE & ENGINEERING (DATA SCIENCE),ESM_HS,2023,8263
163,"Vishwakarma Government Engineering College, Chandkheda,Gandhina gar",COMPUTER SCIENCE & ENGINEERING (DATA SCIENCE),EWS_HS,2023,3005
163,"Vishwakarma Government Engineering College, Chandkheda,Gandhina gar",COMPUTER SCIENCE & ENGINEERING (DATA SCIENCE),OPEN_AI,2023,900355
163,"Vishwakarma Government Engineering College, Chandkheda,Gandhina gar",COMPUTER SCIENCE & ENGINEERING (DATA SCIENCE),OPEN_HS,2023,2362
163,"Vishwakarma Government Engineering College, Chandkheda,Gandhina gar",COMPUTER SCIENCE & ENGINEERING (DATA SCIENCE),SC_HS,2023,7775
163,"Vishwakarma Government Engineering College, Chandkheda,Gandhina gar",COMPUTER SCIENCE & ENGINEERING (DATA SCIENCE),SEBC_HS,2023,4290
163,"Vishwakarma Government Engineering College, Chandkheda,Gandhina gar",COMPUTER SCIENCE & ENGINEERING (DATA SCIENCE),ST_HS,2023,26461
163,"Vishwakarma Government Engineering College, Chandkheda,Gandhina gar",COMPUTER SCIENCE & ENGINEERING (DATA SCIENCE),TFWS_HS,2023,1612
163,"Vishwakarma Government Engineering College, Chandkheda,Gandhina gar",ELECTRICAL ENGINEERING,OPEN_AI,2023,906428
163,"Vishwakarma Government Engineering College, Chandkheda,Gandhina gar",ELECTRICAL ENGINEERING,OPEN_HS,2023,26322
163,"Vishwakarma Government Engineering College, Chandkheda,Gandhina gar",ELECTRICAL ENGINEERING,TFWS_HS,2023,12846
163,"Vishwakarma Government Engineering College, Chandkheda,Gandhina gar",ELECTRONICS & COMMUNICATI ON ENGINEERING,ESM_HS,2023,13550
163,"Vishwakarma Government Engineering College, Chandkheda,Gandhina gar",ELECTRONICS & COMMUNICATI ON ENGINEERING,EWS_HS,2023,12420
163,"Vishwakarma Government Engineering College, Chandkheda,Gandhina gar",ELECTRONICS & COMMUNICATI ON ENGINEERING,OPEN_AI,2023,901388
163,"Vishwakarma Government Engineering College, Chandkheda,Gandhina gar",ELECTRONICS & COMMUNICATI ON ENGINEERING,OPEN_HS,2023,9965
163,"Vishwakarma Government Engineering College, Chandkheda,Gandhina gar",ELECTRONICS & COMMUNICATI ON ENGINEERING,SC_HS,2023,26586
163,"Vishwakarma Government Engineering College, Chandkheda,Gandhina gar",ELECTRONICS & COMMUNICATI ON ENGINEERING,SEBC_HS,2023,16960
163,"Vishwakarma Government Engineering College, Chandkheda,Gandhina gar",ELECTRONICS & COMMUNICATI ON ENGINEERING,TFWS_HS,2023,7572
163,"Vishwakarma Government Engineering College, Chandkheda,Gandhina gar",ELECTRONICS & INSTRUMENTAT ION ENGINEERING,OPEN_AI,2023,912362
163,"Vishwakarma Government Engineering College, Chandkheda,Gandhina gar",ELECTRONICS & INSTRUMENTAT ION ENGINEERING,OPEN_HS,2023,25880
163,"Vishwakarma Government Engineering College, Chandkheda,Gandhina gar",ELECTRONICS & INSTRUMENTAT ION ENGINEERING,TFWS_HS,2023,22498
163,"Vishwakarma Government Engineering College, Chandkheda,Gandhina gar",INFORMATION TECHNOLOGY,ESM_HS,2023,6683
163,"Vishwakarma Government Engineering College, Chandkheda,Gandhina gar",INFORMATION TECHNOLOGY,EWS_HS,2023,1915
163,"Vishwakarma Government Engineering College, Chandkheda,Gandhina gar",INFORMATION TECHNOLOGY,OPEN_AI,2023,900264
163,"Vishwakarma Government Engineering College, Chandkheda,Gandhina gar",INFORMATION TECHNOLOGY,OPEN_HS,2023,1812
163,"Vishwakarma Government Engineering College, Chandkheda,Gandhina gar",INFORMATION TECHNOLOGY,SC_HS,2023,6433
163,"Vishwakarma Government Engineering College, Chandkheda,Gandhina gar",INFORMATION TECHNOLOGY,SEBC_HS,2023,2617
163,"Vishwakarma Government Engineering College, Chandkheda,Gandhina gar",INFORMATION TECHNOLOGY,ST_HS,2023,24132
163,"Vishwakarma Government Engineering College, Chandkheda,Gandhina gar",INFORMATION TECHNOLOGY,TFWS_HS,2023,1317
163,"Vishwakarma Government Engineering College, Chandkheda,Gandhina gar",INSTRUMENTAT ION & CONTROL ENGINEERING,OPEN_AI,2023,914499
163,"Vishwakarma Government Engineering College, Chandkheda,Gandhina gar",INSTRUMENTAT ION & CONTROL ENGINEERING,OPEN_HS,2023,26588
163,"Vishwakarma Government Engineering College, Chandkheda,Gandhina gar",INSTRUMENTAT ION & CONTROL ENGINEERING,TFWS_HS,2023,17587
163,"Vishwakarma Government Engineering College, Chandkheda,Gandhina gar",MECHANICAL ENGINEERING,EWS_HS,2023,24932
163,"Vishwakarma Government Engineering College, Chandkheda,Gandhina gar",MECHANICAL ENGINEERING,OPEN_AI,2023,902473
163,"Vishwakarma Government Engineering College, Chandkheda,Gandhina gar",MECHANICAL ENGINEERING,OPEN_HS,2023,21836
163,"Vishwakarma Government Engineering College, Chandkheda,Gandhina gar",MECHANICAL ENGINEERING,SC_HS,2023,26540
163,"Vishwakarma Government Engineering College, Chandkheda,Gandhina gar",MECHANICAL ENGINEERING,SEBC_HS,2023,25109
163,"Vishwakarma Government Engineering College, Chandkheda,Gandhina gar",MECHANICAL ENGINEERING,TFWS_HS,2023,9890
163,"Vishwakarma Government Engineering College, Chandkheda,Gandhina gar",POWER ELECTRONICS,OPEN_AI,2023,910880
163,"Vishwakarma Government Engineering College, Chandkheda,Gandhina gar",POWER ELECTRONICS,OPEN_HS,2023,23459
163,"Vishwakarma Government Engineering College, Chandkheda,Gandhina gar",POWER ELECTRONICS,TFWS_HS,2023,22780
1,"A.D.Patel Institute Of Tech.,Karamsad",ARTIFICIAL INTELLIGENCE AND DATA SCIENCE,EWS,2024,16156
1,"A.D.Patel Institute Of Tech.,Karamsad",ARTIFICIAL INTELLIGENCE AND DATA SCIENCE,OPEN,2024,14277
1,"A.D.Patel Institute Of Tech.,Karamsad",ARTIFICIAL INTELLIGENCE AND DATA SCIENCE,SC,2024,25053
1,"A.D.Patel Institute Of Tech.,Karamsad",ARTIFICIAL INTELLIGENCE AND DATA SCIENCE,SEBC,2024,26098
1,"A.D.Patel Institute Of Tech.,Karamsad",ARTIFICIAL INTELLIGENCE AND DATA SCIENCE,TFWS,2024,3718
1,"A.D.Patel Institute Of Tech.,Karamsad",AUTOMOBILE ENGINEERING,OPEN,2024,27051
1,"A.D.Patel Institute Of Tech.,Karamsad",COMPUTER ENGINEERING,EWS,2024,6844
1,"A.D.Patel Institute Of Tech.,Karamsad",COMPUTER ENGINEERING,OPEN,2024,5724
1,"A.D.Patel Institute Of Tech.,Karamsad",COMPUTER ENGINEERING,SC,2024,14219
1,"A.D.Patel Institute Of Tech.,Karamsad",COMPUTER ENGINEERING,SEBC,2024,8450
1,"A.D.Patel Institute Of Tech.,Karamsad",COMPUTER ENGINEERING,ST,2024,25402
1,"A.D.Patel Institute Of Tech.,Karamsad",COMPUTER ENGINEERING,TFWS,2024,2618
1,"A.D.Patel Institute Of Tech.,Karamsad",COMPUTER SCIENCE & DESIGN,EWS,2024,21114
1,"A.D.Patel Institute Of Tech.,Karamsad",COMPUTER SCIENCE & DESIGN,OPEN,2024,18850
1,"A.D.Patel Institute Of Tech.,Karamsad",COMPUTER SCIENCE & DESIGN,SEBC,2024,26426
1,"A.D.Patel Institute Of Tech.,Karamsad",COMPUTER SCIENCE & DESIGN,TFWS,2024,3650
1,"A.D.Patel Institute Of Tech.,Karamsad",DAIRY TECHNOLOGY,OPEN,2024,29962
1,"A.D.Patel Institute Of Tech.,Karamsad",ELECTRICAL ENGINEERING,OPEN,2024,27676
1,"A.D.Patel Institute Of Tech.,Karamsad",ELECTRONICS & COMMUNICATION ENGINEERING,OPEN,2024,27002
1,"A.D.Patel Institute Of Tech.,Karamsad",FOOD PROCESSING TECHNOLOGY,OPEN,2024,29979
1,"A.D.Patel Institute Of Tech.,Karamsad",FOOD PROCESSING TECHNOLOGY,TFWS,2024,5973
1,"A.D.Patel Institute Of Tech.,Karamsad",INFORMATION TECHNOLOGY,EWS,2024,9660
1,"A.D.Patel Institute Of Tech.,Karamsad",INFORMATION TECHNOLOGY,OPEN,2024,8956
1,"A.D.Patel Institute Of Tech.,Karamsad",INFORMATION TECHNOLOGY,SC,2024,19237
1,"A.D.Patel Institute Of Tech.,Karamsad",INFORMATION TECHNOLOGY,SEBC,2024,17207
1,"A.D.Patel Institute Of Tech.,Karamsad",INFORMATION TECHNOLOGY,TFWS,2024,2821
5,"ADANI UNIVERSITY - FACULTY OF ENGINEERING SCIENCES & TECHNOLOGY (AU-FEST), AHMEDABAD",CIVIL & INFRASTRUCTURE ENGINEERING,OPEN,2024,26236
5,"ADANI UNIVERSITY - FACULTY OF ENGINEERING SCIENCES & TECHNOLOGY (AU-FEST), AHMEDABAD",COMPUTER SCIENCE & ENGINEERING (ARTIFICIAL INTELLIGENCE AND MACHINE LEARNING),DEFENSE,2024,31
5,"ADANI UNIVERSITY - FACULTY OF ENGINEERING SCIENCES & TECHNOLOGY (AU-FEST), AHMEDABAD",COMPUTER SCIENCE & ENGINEERING (ARTIFICIAL INTELLIGENCE AND MACHINE LEARNING),EWS,2024,7619
5,"ADANI UNIVERSITY - FACULTY OF ENGINEERING SCIENCES & TECHNOLOGY (AU-FEST), AHMEDABAD",COMPUTER SCIENCE & ENGINEERING (ARTIFICIAL INTELLIGENCE AND MACHINE LEARNING),OPEN,2024,6145
5,"ADANI UNIVERSITY - FACULTY OF ENGINEERING SCIENCES & TECHNOLOGY (AU-FEST), AHMEDABAD",COMPUTER SCIENCE & ENGINEERING (ARTIFICIAL INTELLIGENCE AND MACHINE LEARNING),SC,2024,12453
5,"ADANI UNIVERSITY - FACULTY OF ENGINEERING SCIENCES & TECHNOLOGY (AU-FEST), AHMEDABAD",COMPUTER SCIENCE & ENGINEERING (ARTIFICIAL INTELLIGENCE AND MACHINE LEARNING),SEBC,2024,12739
5,"ADANI UNIVERSITY - FACULTY OF ENGINEERING SCIENCES & TECHNOLOGY (AU-FEST), AHMEDABAD",COMPUTER SCIENCE & ENGINEERING (ARTIFICIAL INTELLIGENCE AND MACHINE LEARNING),TFWS,2024,3052
5,"ADANI UNIVERSITY - FACULTY OF ENGINEERING SCIENCES & TECHNOLOGY (AU-FEST), AHMEDABAD",INFORMATION & COMMUNICATION TECHNOLOGY,DEFENSE,2024,17
5,"ADANI UNIVERSITY - FACULTY OF ENGINEERING SCIENCES & TECHNOLOGY (AU-FEST), AHMEDABAD",INFORMATION & COMMUNICATION TECHNOLOGY,EWS,2024,7226
5,"ADANI UNIVERSITY - FACULTY OF ENGINEERING SCIENCES & TECHNOLOGY (AU-FEST), AHMEDABAD",INFORMATION & COMMUNICATION TECHNOLOGY,OPEN,2024,6228
5,"ADANI UNIVERSITY - FACULTY OF ENGINEERING SCIENCES & TECHNOLOGY (AU-FEST), AHMEDABAD",INFORMATION & COMMUNICATION TECHNOLOGY,SC,2024,13335
5,"ADANI UNIVERSITY - FACULTY OF ENGINEERING SCIENCES & TECHNOLOGY (AU-FEST), AHMEDABAD",INFORMATION & COMMUNICATION TECHNOLOGY,SEBC,2024,11789
5,"ADANI UNIVERSITY - FACULTY OF ENGINEERING SCIENCES & TECHNOLOGY (AU-FEST), AHMEDABAD",INFORMATION & COMMUNICATION TECHNOLOGY,ST,2024,26506
5,"ADANI UNIVERSITY - FACULTY OF ENGINEERING SCIENCES & TECHNOLOGY (AU-FEST), AHMEDABAD",INFORMATION & COMMUNICATION TECHNOLOGY,TFWS,2024,3044
7,ADITYA SILVER OAK INSTITUTE OF TECHNOLOGY (WITHIN LIMITS OF AHMEDABAD MUNICIPAL CORPORATION) AHMEDABAD,AERONAUTICAL ENGINEERING,OPEN,2024,24673
7,ADITYA SILVER OAK INSTITUTE OF TECHNOLOGY (WITHIN LIMITS OF AHMEDABAD MUNICIPAL CORPORATION) AHMEDABAD,BIOTECHNOLOGY,OPEN,2024,28637
7,ADITYA SILVER OAK INSTITUTE OF TECHNOLOGY (WITHIN LIMITS OF AHMEDABAD MUNICIPAL CORPORATION) AHMEDABAD,BIOTECHNOLOGY,TFWS,2024,12373
7,ADITYA SILVER OAK INSTITUTE OF TECHNOLOGY (WITHIN LIMITS OF AHMEDABAD MUNICIPAL CORPORATION) AHMEDABAD,CIVIL ENGINEERING,OPEN,2024,28882
7,ADITYA SILVER OAK INSTITUTE OF TECHNOLOGY (WITHIN LIMITS OF AHMEDABAD MUNICIPAL CORPORATION) AHMEDABAD,COMPUTER ENGINEERING,OPEN,2024,30513
7,ADITYA SILVER OAK INSTITUTE OF TECHNOLOGY (WITHIN LIMITS OF AHMEDABAD MUNICIPAL CORPORATION) AHMEDABAD,COMPUTER SCIENCE & ENGINEERING,OPEN,2024,30293
7,ADITYA SILVER OAK INSTITUTE OF TECHNOLOGY (WITHIN LIMITS OF AHMEDABAD MUNICIPAL CORPORATION) AHMEDABAD,COMPUTER SCIENCE & ENGINEERING,TFWS,2024,7119
7,ADITYA SILVER OAK INSTITUTE OF TECHNOLOGY (WITHIN LIMITS OF AHMEDABAD MUNICIPAL CORPORATION) AHMEDABAD,INFORMATION TECHNOLOGY,OPEN,2024,29756
7,ADITYA SILVER OAK INSTITUTE OF TECHNOLOGY (WITHIN LIMITS OF AHMEDABAD MUNICIPAL CORPORATION) AHMEDABAD,MECHANICAL ENGINEERING,OPEN,2024,25809
8,APOLLO INSTITUTE OF ENGINEERING & TECHNOLOGY AHMEDABAD,ARTIFICIAL INTELLIGENCE AND DATA SCIENCE,OPEN,2024,30019
8,APOLLO INSTITUTE OF ENGINEERING & TECHNOLOGY AHMEDABAD,COMPUTER ENGINEERING,OPEN,2024,30258
8,APOLLO INSTITUTE OF ENGINEERING & TECHNOLOGY AHMEDABAD,INFORMATION TECHNOLOGY,OPEN,2024,30149
8,APOLLO INSTITUTE OF ENGINEERING & TECHNOLOGY AHMEDABAD,MECHANICAL ENGINEERING,OPEN,2024,25718
9,"ASIA School of Engineering, Ahmedabad",COMPUTER SCIENCE & ENGINEERING,OPEN,2024,26617
9,"ASIA School of Engineering, Ahmedabad",COMPUTER SCIENCE & ENGINEERING,TFWS,2024,10375
9,"ASIA School of Engineering, Ahmedabad",INFORMATION TECHNOLOGY,OPEN,2024,24548
9,"ASIA School of Engineering, Ahmedabad",INFORMATION TECHNOLOGY,TFWS,2024,11650
10,"Ahmedabad Institute Of Tech, Ahmedabad",ARTIFICIAL INTELLIGENCE(AI) AND MACHINE LEARNING,EWS,2024,26522
10,"Ahmedabad Institute Of Tech, Ahmedabad",ARTIFICIAL INTELLIGENCE(AI) AND MACHINE LEARNING,OPEN,2024,18782
10,"Ahmedabad Institute Of Tech, Ahmedabad",ARTIFICIAL INTELLIGENCE(AI) AND MACHINE LEARNING,SC,2024,21964
10,"Ahmedabad Institute Of Tech, Ahmedabad",ARTIFICIAL INTELLIGENCE(AI) AND MACHINE LEARNING,SEBC,2024,23790
10,"Ahmedabad Institute Of Tech, Ahmedabad",CIVIL ENGINEERING,OPEN,2024,28016
10,"Ahmedabad Institute Of Tech, Ahmedabad",COMPUTER ENGINEERING,DEFENSE,2024,22
10,"Ahmedabad Institute Of Tech, Ahmedabad",COMPUTER ENGINEERING,EWS,2024,28418
10,"Ahmedabad Institute Of Tech, Ahmedabad",COMPUTER ENGINEERING,OPEN,2024,20617
10,"Ahmedabad Institute Of Tech, Ahmedabad",COMPUTER ENGINEERING,SC,2024,27116
10,"Ahmedabad Institute Of Tech, Ahmedabad",COMPUTER ENGINEERING,SEBC,2024,29955
10,"Ahmedabad Institute Of Tech, Ahmedabad",COMPUTER ENGINEERING,ST,2024,23724
10,"Ahmedabad Institute Of Tech, Ahmedabad",COMPUTER SCIENCE & ENGINEERING (CYBER SECURITY),EWS,2024,24801
10,"Ahmedabad Institute Of Tech, Ahmedabad",COMPUTER SCIENCE & ENGINEERING (CYBER SECURITY),OPEN,2024,17544
10,"Ahmedabad Institute Of Tech, Ahmedabad",COMPUTER SCIENCE & ENGINEERING (CYBER SECURITY),SEBC,2024,21481
10,"Ahmedabad Institute Of Tech, Ahmedabad",COMPUTER SCIENCE & ENGINEERING (DATA SCIENCE),EWS,2024,15454
10,"Ahmedabad Institute Of Tech, Ahmedabad",COMPUTER SCIENCE & ENGINEERING (DATA SCIENCE),OPEN,2024,14869
10,"Ahmedabad Institute Of Tech, Ahmedabad",COMPUTER SCIENCE & ENGINEERING (DATA SCIENCE),SC,2024,25540
10,"Ahmedabad Institute Of Tech, Ahmedabad",COMPUTER SCIENCE & ENGINEERING (DATA SCIENCE),SEBC,2024,27129
10,"Ahmedabad Institute Of Tech, Ahmedabad",ELECTRICAL ENGINEERING,OPEN,2024,27037
10,"Ahmedabad Institute Of Tech, Ahmedabad",ELECTRONICS & COMMUNICATION ENGINEERING,OPEN,2024,30099
10,"Ahmedabad Institute Of Tech, Ahmedabad",INFORMATION TECHNOLOGY,OPEN,2024,28095
10,"Ahmedabad Institute Of Tech, Ahmedabad",INFORMATION TECHNOLOGY,SC,2024,30486
10,"Ahmedabad Institute Of Tech, Ahmedabad",MECHANICAL ENGINEERING,OPEN,2024,30328
12,"Alpha College Of Engg. & Tech., Khatraj, Kalol",COMPUTER ENGINEERING,OPEN,2024,26576
14,"Anant School for Climate Action, Ahmedabad",Climate Change,OPEN,2024,15855
15,"Arrdekta Inst. Of Technology, Khedbrahma, Sabarkantha",COMPUTER ENGINEERING,OPEN,2024,20988
15,"Arrdekta Inst. Of Technology, Khedbrahma, Sabarkantha",INFORMATION TECHNOLOGY,TFWS,2024,22265
16,Asha M. Tarsadia Institute of Computer Science & Tech. Bardoli,COMPUTER ENGINEERING,OPEN,2024,30021
16,Asha M. Tarsadia Institute of Computer Science & Tech. Bardoli,COMPUTER ENGINEERING (SOFTWARE ENGINEERING),OPEN,2024,30502
16,Asha M. Tarsadia Institute of Computer Science & Tech. Bardoli,COMPUTER SCIENCE & ENGINEERING,OPEN,2024,30393
16,Asha M. Tarsadia Institute of Computer Science & Tech. Bardoli,COMPUTER SCIENCE & ENGINEERING,TFWS,2024,10852
16,Asha M. Tarsadia Institute of Computer Science & Tech. Bardoli,COMPUTER SCIENCE & ENGINEERING (ARTIFICIAL INTELLIGENCE AND MACHINE LEARNING),OPEN,2024,30154
16,Asha M. Tarsadia Institute of Computer Science & Tech. Bardoli,COMPUTER SCIENCE & ENGINEERING (ARTIFICIAL INTELLIGENCE AND MACHINE LEARNING),TFWS,2024,7761
16,Asha M. Tarsadia Institute of Computer Science & Tech. Bardoli,COMPUTER SCIENCE & ENGINEERING (CLOUD COMPUTING),OPEN,2024,27541
16,Asha M. Tarsadia Institute of Computer Science & Tech. Bardoli,COMPUTER SCIENCE & ENGINEERING (CLOUD COMPUTING),TFWS,2024,9697
16,Asha M. Tarsadia Institute of Computer Science & Tech. Bardoli,COMPUTER SCIENCE & ENGINEERING (CYBER SECURITY),OPEN,2024,22624
16,Asha M. Tarsadia Institute of Computer Science & Tech. Bardoli,INFORMATION TECHNOLOGY,OPEN,2024,29802
17,"Atmiya University, Faculty of Engineering and Technology, Rajkot",COMPUTER ENGINEERING,OPEN,2024,30471
17,"Atmiya University, Faculty of Engineering and Technology, Rajkot",COMPUTER ENGINEERING,TFWS,2024,10129
17,"Atmiya University, Faculty of Engineering and Technology, Rajkot",COMPUTER SCIENCE & ENGINEERING,OPEN,2024,30189
17,"Atmiya University, Faculty of Engineering and Technology, Rajkot",INFORMATION TECHNOLOGY,OPEN,2024,25673
17,"Atmiya University, Faculty of Engineering and Technology, Rajkot",INFORMATION TECHNOLOGY,TFWS,2024,7983
17,"Atmiya University, Faculty of Engineering and Technology, Rajkot",MECHANICAL ENGINEERING,OPEN,2024,16115
18,"B.H.Gardi College Of Engg. & Technology , Rajkot",COMPUTER ENGINEERING,OPEN,2024,29148
18,"B.H.Gardi College Of Engg. & Technology , Rajkot",COMPUTER SCIENCE & ENGINEERING,OPEN,2024,17683
18,"B.H.Gardi College Of Engg. & Technology , Rajkot",INFORMATION TECHNOLOGY,OPEN,2024,28470
18,"B.H.Gardi College Of Engg. & Technology , Rajkot",MECHANICAL ENGINEERING,OPEN,2024,22743
19,"Bhagwan Arihant Institute of Tech., Surat",AERONAUTICAL ENGINEERING,OPEN,2024,29059
19,"Bhagwan Arihant Institute of Tech., Surat",COMPUTER ENGINEERING,OPEN,2024,30541
19,"Bhagwan Arihant Institute of Tech., Surat",INFORMATION TECHNOLOGY,OPEN,2024,25191
19,"Bhagwan Arihant Institute of Tech., Surat",PHARMACEUTICAL ENGINEERING,OPEN,2024,30023
20,"Bhagwan Mahavir College Of Engg. And Tech., Surat",AUTOMOBILE ENGINEERING,OPEN,2024,22263
20,"Bhagwan Mahavir College Of Engg. And Tech., Surat",CIVIL ENGINEERING,OPEN,2024,7046
20,"Bhagwan Mahavir College Of Engg. And Tech., Surat",COMPUTER ENGINEERING,OPEN,2024,29734
20,"Bhagwan Mahavir College Of Engg. And Tech., Surat",COMPUTER ENGINEERING,TFWS,2024,10844
21,"Birla Vishvakarma Maha Vidhyalaya(Gia), V.V.Nagar",CIVIL ENGINEERING,AI-OPEN,2024,914280
21,"Birla Vishvakarma Maha Vidhyalaya(Gia), V.V.Nagar",CIVIL ENGINEERING,AI-TFWS,2024,906885
21,"Birla Vishvakarma Maha Vidhyalaya(Gia), V.V.Nagar",CIVIL ENGINEERING,OPEN,2024,30396
21,"Birla Vishvakarma Maha Vidhyalaya(Gia), V.V.Nagar",CIVIL ENGINEERING,TFWS,2024,16248
21,"Birla Vishvakarma Maha Vidhyalaya(Gia), V.V.Nagar",COMPUTER ENGINEERING,AI-OPEN,2024,900241
21,"Birla Vishvakarma Maha Vidhyalaya(Gia), V.V.Nagar",COMPUTER ENGINEERING,DEFENSE,2024,91
21,"Birla Vishvakarma Maha Vidhyalaya(Gia), V.V.Nagar",COMPUTER ENGINEERING,EWS,2024,1232
21,"Birla Vishvakarma Maha Vidhyalaya(Gia), V.V.Nagar",COMPUTER ENGINEERING,OPEN,2024,970
21,"Birla Vishvakarma Maha Vidhyalaya(Gia), V.V.Nagar",COMPUTER ENGINEERING,SC,2024,5514
21,"Birla Vishvakarma Maha Vidhyalaya(Gia), V.V.Nagar",COMPUTER ENGINEERING,SEBC,2024,1859
21,"Birla Vishvakarma Maha Vidhyalaya(Gia), V.V.Nagar",COMPUTER ENGINEERING,ST,2024,17488
21,"Birla Vishvakarma Maha Vidhyalaya(Gia), V.V.Nagar",COMPUTER ENGINEERING,TFWS,2024,492
21,"Birla Vishvakarma Maha Vidhyalaya(Gia), V.V.Nagar",ELECTRICAL ENGINEERING,AI-OPEN,2024,901832
21,"Birla Vishvakarma Maha Vidhyalaya(Gia), V.V.Nagar",ELECTRICAL ENGINEERING,DEFENSE,2024,21
21,"Birla Vishvakarma Maha Vidhyalaya(Gia), V.V.Nagar",ELECTRICAL ENGINEERING,EWS,2024,21352
21,"Birla Vishvakarma Maha Vidhyalaya(Gia), V.V.Nagar",ELECTRICAL ENGINEERING,OPEN,2024,14898
21,"Birla Vishvakarma Maha Vidhyalaya(Gia), V.V.Nagar",ELECTRICAL ENGINEERING,SC,2024,26748
21,"Birla Vishvakarma Maha Vidhyalaya(Gia), V.V.Nagar",ELECTRICAL ENGINEERING,SEBC,2024,20659
21,"Birla Vishvakarma Maha Vidhyalaya(Gia), V.V.Nagar",ELECTRICAL ENGINEERING,ST,2024,29184
21,"Birla Vishvakarma Maha Vidhyalaya(Gia), V.V.Nagar",ELECTRICAL ENGINEERING,TFWS,2024,3881
21,"Birla Vishvakarma Maha Vidhyalaya(Gia), V.V.Nagar",ELECTRONICS ENGINEERING,AI-OPEN,2024,901189
21,"Birla Vishvakarma Maha Vidhyalaya(Gia), V.V.Nagar",ELECTRONICS ENGINEERING,DEFENSE,2024,66
21,"Birla Vishvakarma Maha Vidhyalaya(Gia), V.V.Nagar",ELECTRONICS ENGINEERING,EWS,2024,14959
21,"Birla Vishvakarma Maha Vidhyalaya(Gia), V.V.Nagar",ELECTRONICS ENGINEERING,OPEN,2024,10911
21,"Birla Vishvakarma Maha Vidhyalaya(Gia), V.V.Nagar",ELECTRONICS ENGINEERING,SC,2024,22186
21,"Birla Vishvakarma Maha Vidhyalaya(Gia), V.V.Nagar",ELECTRONICS ENGINEERING,SEBC,2024,19162
21,"Birla Vishvakarma Maha Vidhyalaya(Gia), V.V.Nagar",ELECTRONICS ENGINEERING,TFWS,2024,5766
21,"Birla Vishvakarma Maha Vidhyalaya(Gia), V.V.Nagar",MECHANICAL ENGINEERING,AI-OPEN,2024,903427
21,"Birla Vishvakarma Maha Vidhyalaya(Gia), V.V.Nagar",MECHANICAL ENGINEERING,DEFENSE,2024,13
21,"Birla Vishvakarma Maha Vidhyalaya(Gia), V.V.Nagar",MECHANICAL ENGINEERING,EWS,2024,17437
21,"Birla Vishvakarma Maha Vidhyalaya(Gia), V.V.Nagar",MECHANICAL ENGINEERING,OPEN,2024,11742
21,"Birla Vishvakarma Maha Vidhyalaya(Gia), V.V.Nagar",MECHANICAL ENGINEERING,SC,2024,29562
21,"Birla Vishvakarma Maha Vidhyalaya(Gia), V.V.Nagar",MECHANICAL ENGINEERING,SEBC,2024,18380
21,"Birla Vishvakarma Maha Vidhyalaya(Gia), V.V.Nagar",MECHANICAL ENGINEERING,ST,2024,29968
21,"Birla Vishvakarma Maha Vidhyalaya(Gia), V.V.Nagar",MECHANICAL ENGINEERING,TFWS,2024,6395
21,"Birla Vishvakarma Maha Vidhyalaya(Gia), V.V.Nagar",PRODUCTION ENGINEERING,AI-OPEN,2024,918823
21,"Birla Vishvakarma Maha Vidhyalaya(Gia), V.V.Nagar",PRODUCTION ENGINEERING,OPEN,2024,20902
22,"Birla Vishvakarma Maha Vidhylaya(Sfi), V.V.Nagar",ELECTRONICS & COMMUNICATION ENGINEERING,EWS,2024,13540
22,"Birla Vishvakarma Maha Vidhylaya(Sfi), V.V.Nagar",ELECTRONICS & COMMUNICATION ENGINEERING,OPEN,2024,12590
22,"Birla Vishvakarma Maha Vidhylaya(Sfi), V.V.Nagar",ELECTRONICS & COMMUNICATION ENGINEERING,SC,2024,28753
22,"Birla Vishvakarma Maha Vidhylaya(Sfi), V.V.Nagar",ELECTRONICS & COMMUNICATION ENGINEERING,SEBC,2024,28970
22,"Birla Vishvakarma Maha Vidhylaya(Sfi), V.V.Nagar",INFORMATION TECHNOLOGY,DEFENSE,2024,82
22,"Birla Vishvakarma Maha Vidhylaya(Sfi), V.V.Nagar",INFORMATION TECHNOLOGY,EWS,2024,2632
22,"Birla Vishvakarma Maha Vidhylaya(Sfi), V.V.Nagar",INFORMATION TECHNOLOGY,OPEN,2024,2122
22,"Birla Vishvakarma Maha Vidhylaya(Sfi), V.V.Nagar",INFORMATION TECHNOLOGY,SC,2024,7923
22,"Birla Vishvakarma Maha Vidhylaya(Sfi), V.V.Nagar",INFORMATION TECHNOLOGY,SEBC,2024,3876
22,"Birla Vishvakarma Maha Vidhylaya(Sfi), V.V.Nagar",INFORMATION TECHNOLOGY,ST,2024,28483
22,"Birla Vishvakarma Maha Vidhylaya(Sfi), V.V.Nagar",INFORMATION TECHNOLOGY,TFWS,2024,1292
22,"Birla Vishvakarma Maha Vidhylaya(Sfi), V.V.Nagar",MECHANICAL ENGINEERING,OPEN,2024,24781
22,"Birla Vishvakarma Maha Vidhylaya(Sfi), V.V.Nagar",MECHANICAL ENGINEERING,SC,2024,30237
22,"Birla Vishvakarma Maha Vidhylaya(Sfi), V.V.Nagar",MECHANICAL ENGINEERING,SEBC,2024,25958
23,"C. K. Pithawala College Of Engg. & Tech., Surat",CIVIL ENGINEERING,OPEN,2024,29371
23,"C. K. Pithawala College Of Engg. & Tech., Surat",COMPUTER ENGINEERING,EWS,2024,22437
23,"C. K. Pithawala College Of Engg. & Tech., Surat",COMPUTER ENGINEERING,OPEN,2024,17034
23,"C. K. Pithawala College Of Engg. & Tech., Surat",COMPUTER ENGINEERING,SC,2024,28789
23,"C. K. Pithawala College Of Engg. & Tech., Surat",COMPUTER ENGINEERING,SEBC,2024,29938
23,"C. K. Pithawala College Of Engg. & Tech., Surat",COMPUTER ENGINEERING,TFWS,2024,7424
23,"C. K. Pithawala College Of Engg. & Tech., Surat",ELECTRICAL ENGINEERING,OPEN,2024,30054
23,"C. K. Pithawala College Of Engg. & Tech., Surat",INFORMATION TECHNOLOGY,EWS,2024,22144
23,"C. K. Pithawala College Of Engg. & Tech., Surat",INFORMATION TECHNOLOGY,OPEN,2024,18348
23,"C. K. Pithawala College Of Engg. & Tech., Surat",INFORMATION TECHNOLOGY,SC,2024,24547
23,"C. K. Pithawala College Of Engg. & Tech., Surat",INFORMATION TECHNOLOGY,SEBC,2024,25674
23,"C. K. Pithawala College Of Engg. & Tech., Surat",INFORMATION TECHNOLOGY,TFWS,2024,6518
23,"C. K. Pithawala College Of Engg. & Tech., Surat",MECHANICAL ENGINEERING,OPEN,2024,29365
24,"C.U.Shah College Of Engg.& Tech.,Wadhvan",COMPUTER ENGINEERING,OPEN,2024,18421
25,Central Institute of Petrochemicals Engineering & Technology,PLASTIC ENGINEERING,OPEN,2024,14841
28,"Charotar University of Science & Technology (CHARUSAT) - Chandubhai S Patel Institute Of Technology (CSPIT), Changa",ARTIFICIAL INTELLIGENCE(AI) AND MACHINE LEARNING,DEFENSE,2024,67
28,"Charotar University of Science & Technology (CHARUSAT) - Chandubhai S Patel Institute Of Technology (CSPIT), Changa",ARTIFICIAL INTELLIGENCE(AI) AND MACHINE LEARNING,EWS,2024,5358
28,"Charotar University of Science & Technology (CHARUSAT) - Chandubhai S Patel Institute Of Technology (CSPIT), Changa",ARTIFICIAL INTELLIGENCE(AI) AND MACHINE LEARNING,OPEN,2024,4630
28,"Charotar University of Science & Technology (CHARUSAT) - Chandubhai S Patel Institute Of Technology (CSPIT), Changa",ARTIFICIAL INTELLIGENCE(AI) AND MACHINE LEARNING,SC,2024,16434
28,"Charotar University of Science & Technology (CHARUSAT) - Chandubhai S Patel Institute Of Technology (CSPIT), Changa",ARTIFICIAL INTELLIGENCE(AI) AND MACHINE LEARNING,SEBC,2024,9274
28,"Charotar University of Science & Technology (CHARUSAT) - Chandubhai S Patel Institute Of Technology (CSPIT), Changa",ARTIFICIAL INTELLIGENCE(AI) AND MACHINE LEARNING,TFWS,2024,1952
28,"Charotar University of Science & Technology (CHARUSAT) - Chandubhai S Patel Institute Of Technology (CSPIT), Changa",CIVIL ENGINEERING,OPEN,2024,28715
28,"Charotar University of Science & Technology (CHARUSAT) - Chandubhai S Patel Institute Of Technology (CSPIT), Changa",CIVIL ENGINEERING,TFWS,2024,17661
28,"Charotar University of Science & Technology (CHARUSAT) - Chandubhai S Patel Institute Of Technology (CSPIT), Changa",COMPUTER ENGINEERING,DEFENSE,2024,83
28,"Charotar University of Science & Technology (CHARUSAT) - Chandubhai S Patel Institute Of Technology (CSPIT), Changa",COMPUTER ENGINEERING,EWS,2024,2824
28,"Charotar University of Science & Technology (CHARUSAT) - Chandubhai S Patel Institute Of Technology (CSPIT), Changa",COMPUTER ENGINEERING,OPEN,2024,2389
28,"Charotar University of Science & Technology (CHARUSAT) - Chandubhai S Patel Institute Of Technology (CSPIT), Changa",COMPUTER ENGINEERING,SC,2024,12696
28,"Charotar University of Science & Technology (CHARUSAT) - Chandubhai S Patel Institute Of Technology (CSPIT), Changa",COMPUTER ENGINEERING,SEBC,2024,4879
28,"Charotar University of Science & Technology (CHARUSAT) - Chandubhai S Patel Institute Of Technology (CSPIT), Changa",COMPUTER ENGINEERING,ST,2024,26704
28,"Charotar University of Science & Technology (CHARUSAT) - Chandubhai S Patel Institute Of Technology (CSPIT), Changa",COMPUTER ENGINEERING,TFWS,2024,1190
28,"Charotar University of Science & Technology (CHARUSAT) - Chandubhai S Patel Institute Of Technology (CSPIT), Changa",COMPUTER SCIENCE & ENGINEERING,EWS,2024,1937
28,"Charotar University of Science & Technology (CHARUSAT) - Chandubhai S Patel Institute Of Technology (CSPIT), Changa",COMPUTER SCIENCE & ENGINEERING,OPEN,2024,1871
28,"Charotar University of Science & Technology (CHARUSAT) - Chandubhai S Patel Institute Of Technology (CSPIT), Changa",COMPUTER SCIENCE & ENGINEERING,SC,2024,6257
28,"Charotar University of Science & Technology (CHARUSAT) - Chandubhai S Patel Institute Of Technology (CSPIT), Changa",COMPUTER SCIENCE & ENGINEERING,SEBC,2024,3606
28,"Charotar University of Science & Technology (CHARUSAT) - Chandubhai S Patel Institute Of Technology (CSPIT), Changa",COMPUTER SCIENCE & ENGINEERING,ST,2024,24345
28,"Charotar University of Science & Technology (CHARUSAT) - Chandubhai S Patel Institute Of Technology (CSPIT), Changa",COMPUTER SCIENCE & ENGINEERING,TFWS,2024,589
28,"Charotar University of Science & Technology (CHARUSAT) - Chandubhai S Patel Institute Of Technology (CSPIT), Changa",ELECTRICAL ENGINEERING,OPEN,2024,30107
28,"Charotar University of Science & Technology (CHARUSAT) - Chandubhai S Patel Institute Of Technology (CSPIT), Changa",ELECTRICAL ENGINEERING,TFWS,2024,13943
28,"Charotar University of Science & Technology (CHARUSAT) - Chandubhai S Patel Institute Of Technology (CSPIT), Changa",ELECTRONICS & COMMUNICATION ENGINEERING,DEFENSE,2024,49
28,"Charotar University of Science & Technology (CHARUSAT) - Chandubhai S Patel Institute Of Technology (CSPIT), Changa",ELECTRONICS & COMMUNICATION ENGINEERING,EWS,2024,23314
28,"Charotar University of Science & Technology (CHARUSAT) - Chandubhai S Patel Institute Of Technology (CSPIT), Changa",ELECTRONICS & COMMUNICATION ENGINEERING,OPEN,2024,18596
28,"Charotar University of Science & Technology (CHARUSAT) - Chandubhai S Patel Institute Of Technology (CSPIT), Changa",ELECTRONICS & COMMUNICATION ENGINEERING,SC,2024,29146
28,"Charotar University of Science & Technology (CHARUSAT) - Chandubhai S Patel Institute Of Technology (CSPIT), Changa",ELECTRONICS & COMMUNICATION ENGINEERING,SEBC,2024,22945
28,"Charotar University of Science & Technology (CHARUSAT) - Chandubhai S Patel Institute Of Technology (CSPIT), Changa",ELECTRONICS & COMMUNICATION ENGINEERING,TFWS,2024,6023
28,"Charotar University of Science & Technology (CHARUSAT) - Chandubhai S Patel Institute Of Technology (CSPIT), Changa",INFORMATION TECHNOLOGY,EWS,2024,3638
28,"Charotar University of Science & Technology (CHARUSAT) - Chandubhai S Patel Institute Of Technology (CSPIT), Changa",INFORMATION TECHNOLOGY,OPEN,2024,3495
28,"Charotar University of Science & Technology (CHARUSAT) - Chandubhai S Patel Institute Of Technology (CSPIT), Changa",INFORMATION TECHNOLOGY,SC,2024,12957
28,"Charotar University of Science & Technology (CHARUSAT) - Chandubhai S Patel Institute Of Technology (CSPIT), Changa",INFORMATION TECHNOLOGY,SEBC,2024,6256
28,"Charotar University of Science & Technology (CHARUSAT) - Chandubhai S Patel Institute Of Technology (CSPIT), Changa",INFORMATION TECHNOLOGY,ST,2024,20031
28,"Charotar University of Science & Technology (CHARUSAT) - Chandubhai S Patel Institute Of Technology (CSPIT), Changa",INFORMATION TECHNOLOGY,TFWS,2024,1326
28,"Charotar University of Science & Technology (CHARUSAT) - Chandubhai S Patel Institute Of Technology (CSPIT), Changa",MECHANICAL ENGINEERING,OPEN,2024,30167
28,"Charotar University of Science & Technology (CHARUSAT) - Chandubhai S Patel Institute Of Technology (CSPIT), Changa",MECHANICAL ENGINEERING,TFWS,2024,10332
30,"Charotar University of Science & Technology (CHARUSAT) - Devang Patel Institute of Advance Technology And Research (DEPSTAR), Changa",COMPUTER ENGINEERING,DEFENSE,2024,74
30,"Charotar University of Science & Technology (CHARUSAT) - Devang Patel Institute of Advance Technology And Research (DEPSTAR), Changa",COMPUTER ENGINEERING,EWS,2024,4258
30,"Charotar University of Science & Technology (CHARUSAT) - Devang Patel Institute of Advance Technology And Research (DEPSTAR), Changa",COMPUTER ENGINEERING,OPEN,2024,3906
30,"Charotar University of Science & Technology (CHARUSAT) - Devang Patel Institute of Advance Technology And Research (DEPSTAR), Changa",COMPUTER ENGINEERING,SC,2024,13427
30,"Charotar University of Science & Technology (CHARUSAT) - Devang Patel Institute of Advance Technology And Research (DEPSTAR), Changa",COMPUTER ENGINEERING,SEBC,2024,6857
30,"Charotar University of Science & Technology (CHARUSAT) - Devang Patel Institute of Advance Technology And Research (DEPSTAR), Changa",COMPUTER ENGINEERING,TFWS,2024,1329
30,"Charotar University of Science & Technology (CHARUSAT) - Devang Patel Institute of Advance Technology And Research (DEPSTAR), Changa",COMPUTER SCIENCE & ENGINEERING,DEFENSE,2024,81
30,"Charotar University of Science & Technology (CHARUSAT) - Devang Patel Institute of Advance Technology And Research (DEPSTAR), Changa",COMPUTER SCIENCE & ENGINEERING,EWS,2024,3298
30,"Charotar University of Science & Technology (CHARUSAT) - Devang Patel Institute of Advance Technology And Research (DEPSTAR), Changa",COMPUTER SCIENCE & ENGINEERING,OPEN,2024,3159
30,"Charotar University of Science & Technology (CHARUSAT) - Devang Patel Institute of Advance Technology And Research (DEPSTAR), Changa",COMPUTER SCIENCE & ENGINEERING,SC,2024,10697
30,"Charotar University of Science & Technology (CHARUSAT) - Devang Patel Institute of Advance Technology And Research (DEPSTAR), Changa",COMPUTER SCIENCE & ENGINEERING,SEBC,2024,5642
30,"Charotar University of Science & Technology (CHARUSAT) - Devang Patel Institute of Advance Technology And Research (DEPSTAR), Changa",COMPUTER SCIENCE & ENGINEERING,ST,2024,24753
30,"Charotar University of Science & Technology (CHARUSAT) - Devang Patel Institute of Advance Technology And Research (DEPSTAR), Changa",COMPUTER SCIENCE & ENGINEERING,TFWS,2024,1276
30,"Charotar University of Science & Technology (CHARUSAT) - Devang Patel Institute of Advance Technology And Research (DEPSTAR), Changa",INFORMATION TECHNOLOGY,EWS,2024,4562
30,"Charotar University of Science & Technology (CHARUSAT) - Devang Patel Institute of Advance Technology And Research (DEPSTAR), Changa",INFORMATION TECHNOLOGY,OPEN,2024,4433
30,"Charotar University of Science & Technology (CHARUSAT) - Devang Patel Institute of Advance Technology And Research (DEPSTAR), Changa",INFORMATION TECHNOLOGY,SC,2024,13623
30,"Charotar University of Science & Technology (CHARUSAT) - Devang Patel Institute of Advance Technology And Research (DEPSTAR), Changa",INFORMATION TECHNOLOGY,SEBC,2024,7781
30,"Charotar University of Science & Technology (CHARUSAT) - Devang Patel Institute of Advance Technology And Research (DEPSTAR), Changa",INFORMATION TECHNOLOGY,TFWS,2024,1486
31,"Chhotubhai Gopalbhai Patel Institute Of Tech., Tarsadi, Bardoli",ARTIFICIAL INTELLIGENCE AND DATA SCIENCE,OPEN,2024,30181
31,"Chhotubhai Gopalbhai Patel Institute Of Tech., Tarsadi, Bardoli",AUTOMOBILE ENGINEERING,OPEN,2024,30153
31,"Chhotubhai Gopalbhai Patel Institute Of Tech., Tarsadi, Bardoli",CIVIL ENGINEERING,OPEN,2024,24050
31,"Chhotubhai Gopalbhai Patel Institute Of Tech., Tarsadi, Bardoli",COMPUTER ENGINEERING,OPEN,2024,29816
31,"Chhotubhai Gopalbhai Patel Institute Of Tech., Tarsadi, Bardoli",COMPUTER ENGINEERING,TFWS,2024,9234
31,"Chhotubhai Gopalbhai Patel Institute Of Tech., Tarsadi, Bardoli",CYBER SECURITY,OPEN,2024,28718
31,"Chhotubhai Gopalbhai Patel Institute Of Tech., Tarsadi, Bardoli",ELECTRICAL ENGINEERING,OPEN,2024,30126
31,"Chhotubhai Gopalbhai Patel Institute Of Tech., Tarsadi, Bardoli",ELECTRONICS & COMMUNICATION ENGINEERING,OPEN,2024,29820
31,"Chhotubhai Gopalbhai Patel Institute Of Tech., Tarsadi, Bardoli",INFORMATION & COMMUNICATION TECHNOLOGY,OPEN,2024,22957
31,"Chhotubhai Gopalbhai Patel Institute Of Tech., Tarsadi, Bardoli",INFORMATION TECHNOLOGY,OPEN,2024,30535
31,"Chhotubhai Gopalbhai Patel Institute Of Tech., Tarsadi, Bardoli",INFORMATION TECHNOLOGY,TFWS,2024,10812
31,"Chhotubhai Gopalbhai Patel Institute Of Tech., Tarsadi, Bardoli",MECHANICAL ENGINEERING,OPEN,2024,18099
31,"Chhotubhai Gopalbhai Patel Institute Of Tech., Tarsadi, Bardoli",MECHATRONICS ENGINEERING,OPEN,2024,28469
32,"D. A. Degree Engineering and Technology, Mahemdabad, Kheda",COMPUTER ENGINEERING,OPEN,2024,11303
32,"D. A. Degree Engineering and Technology, Mahemdabad, Kheda",MECHANICAL ENGINEERING,OPEN,2024,25294
33,DR. S & S.S.Ghandhi Government Engineering College Surat,CIVIL ENGINEERING,AI-OPEN,2024,921144
33,DR. S & S.S.Ghandhi Government Engineering College Surat,CIVIL ENGINEERING,OPEN,2024,29965
33,DR. S & S.S.Ghandhi Government Engineering College Surat,COMPUTER ENGINEERING,AI-OPEN,2024,901121
33,DR. S & S.S.Ghandhi Government Engineering College Surat,COMPUTER ENGINEERING,DEFENSE,2024,33
33,DR. S & S.S.Ghandhi Government Engineering College Surat,COMPUTER ENGINEERING,EWS,2024,5878
33,DR. S & S.S.Ghandhi Government Engineering College Surat,COMPUTER ENGINEERING,OPEN,2024,4916
33,DR. S & S.S.Ghandhi Government Engineering College Surat,COMPUTER ENGINEERING,SC,2024,21630
33,DR. S & S.S.Ghandhi Government Engineering College Surat,COMPUTER ENGINEERING,SEBC,2024,9042
33,DR. S & S.S.Ghandhi Government Engineering College Surat,COMPUTER ENGINEERING,ST,2024,29475
33,DR. S & S.S.Ghandhi Government Engineering College Surat,COMPUTER ENGINEERING,TFWS,2024,2425
33,DR. S & S.S.Ghandhi Government Engineering College Surat,ELECTRICAL ENGINEERING,AI-OPEN,2024,921561
33,DR. S & S.S.Ghandhi Government Engineering College Surat,ELECTRICAL ENGINEERING,OPEN,2024,30516
33,DR. S & S.S.Ghandhi Government Engineering College Surat,ELECTRONICS & COMMUNICATION ENGINEERING,AI-OPEN,2024,902414
33,DR. S & S.S.Ghandhi Government Engineering College Surat,ELECTRONICS & COMMUNICATION ENGINEERING,EWS,2024,27123
33,DR. S & S.S.Ghandhi Government Engineering College Surat,ELECTRONICS & COMMUNICATION ENGINEERING,OPEN,2024,25424
33,DR. S & S.S.Ghandhi Government Engineering College Surat,ELECTRONICS & COMMUNICATION ENGINEERING,SEBC,2024,29234
33,DR. S & S.S.Ghandhi Government Engineering College Surat,ELECTRONICS & COMMUNICATION ENGINEERING,TFWS,2024,10545
33,DR. S & S.S.Ghandhi Government Engineering College Surat,ENVIRONMENTAL ENGINEERING,AI-OPEN,2024,921332
33,DR. S & S.S.Ghandhi Government Engineering College Surat,ENVIRONMENTAL ENGINEERING,OPEN,2024,30412
33,DR. S & S.S.Ghandhi Government Engineering College Surat,MECHANICAL ENGINEERING,AI-OPEN,2024,921301
33,DR. S & S.S.Ghandhi Government Engineering College Surat,MECHANICAL ENGINEERING,OPEN,2024,29002
33,DR. S & S.S.Ghandhi Government Engineering College Surat,MECHANICAL ENGINEERING,TFWS,2024,12573
34,"Dalia Institute of Diploma Studies, Kanera",COMPUTER ENGINEERING,TFWS,2024,24904
34,"Dalia Institute of Diploma Studies, Kanera",INFORMATION TECHNOLOGY,TFWS,2024,24197
37,"Darshan Institute Of Engg. & Tech., Rajkot-Morbi Highway, Hadala",CIVIL ENGINEERING,OPEN,2024,29473
37,"Darshan Institute Of Engg. & Tech., Rajkot-Morbi Highway, Hadala",COMPUTER SCIENCE & ENGINEERING,DEFENSE,2024,56
37,"Darshan Institute Of Engg. & Tech., Rajkot-Morbi Highway, Hadala",COMPUTER SCIENCE & ENGINEERING,EWS,2024,9098
37,"Darshan Institute Of Engg. & Tech., Rajkot-Morbi Highway, Hadala",COMPUTER SCIENCE & ENGINEERING,OPEN,2024,7900
37,"Darshan Institute Of Engg. & Tech., Rajkot-Morbi Highway, Hadala",COMPUTER SCIENCE & ENGINEERING,SC,2024,29678
37,"Darshan Institute Of Engg. & Tech., Rajkot-Morbi Highway, Hadala",COMPUTER SCIENCE & ENGINEERING,SEBC,2024,20745
37,"Darshan Institute Of Engg. & Tech., Rajkot-Morbi Highway, Hadala",COMPUTER SCIENCE & ENGINEERING,TFWS,2024,2244
37,"Darshan Institute Of Engg. & Tech., Rajkot-Morbi Highway, Hadala",MECHANICAL ENGINEERING,OPEN,2024,19175
40,"Dhirubhai Ambani Institute of Info. & Comm. Tech., Gandhinagar",ELECTRONICS ENGINEERING ( VLSI DESIGN AND TECHNOLOGY),AI-OPEN,2024,900320
40,"Dhirubhai Ambani Institute of Info. & Comm. Tech., Gandhinagar",ELECTRONICS ENGINEERING ( VLSI DESIGN AND TECHNOLOGY),AI-TFWS,2024,900429
40,"Dhirubhai Ambani Institute of Info. & Comm. Tech., Gandhinagar",ELECTRONICS ENGINEERING ( VLSI DESIGN AND TECHNOLOGY),EWS,2024,172
40,"Dhirubhai Ambani Institute of Info. & Comm. Tech., Gandhinagar",ELECTRONICS ENGINEERING ( VLSI DESIGN AND TECHNOLOGY),OPEN,2024,144
40,"Dhirubhai Ambani Institute of Info. & Comm. Tech., Gandhinagar",ELECTRONICS ENGINEERING ( VLSI DESIGN AND TECHNOLOGY),SEBC,2024,417
40,"Dhirubhai Ambani Institute of Info. & Comm. Tech., Gandhinagar",ELECTRONICS ENGINEERING ( VLSI DESIGN AND TECHNOLOGY),ST,2024,5192
40,"Dhirubhai Ambani Institute of Info. & Comm. Tech., Gandhinagar",ELECTRONICS ENGINEERING ( VLSI DESIGN AND TECHNOLOGY),TFWS,2024,119
40,"Dhirubhai Ambani Institute of Info. & Comm. Tech., Gandhinagar",HONS. IN ICT WITH MINOR IN COMPUTATIONAL SCIENCE (CS),AI-OPEN,2024,900090
40,"Dhirubhai Ambani Institute of Info. & Comm. Tech., Gandhinagar",HONS. IN ICT WITH MINOR IN COMPUTATIONAL SCIENCE (CS),AI-TFWS,2024,900015
40,"Dhirubhai Ambani Institute of Info. & Comm. Tech., Gandhinagar",HONS. IN ICT WITH MINOR IN COMPUTATIONAL SCIENCE (CS),DEFENSE,2024,96
40,"Dhirubhai Ambani Institute of Info. & Comm. Tech., Gandhinagar",HONS. IN ICT WITH MINOR IN COMPUTATIONAL SCIENCE (CS),EWS,2024,53
40,"Dhirubhai Ambani Institute of Info. & Comm. Tech., Gandhinagar",HONS. IN ICT WITH MINOR IN COMPUTATIONAL SCIENCE (CS),OPEN,2024,45
40,"Dhirubhai Ambani Institute of Info. & Comm. Tech., Gandhinagar",HONS. IN ICT WITH MINOR IN COMPUTATIONAL SCIENCE (CS),SC,2024,76
40,"Dhirubhai Ambani Institute of Info. & Comm. Tech., Gandhinagar",HONS. IN ICT WITH MINOR IN COMPUTATIONAL SCIENCE (CS),SEBC,2024,94
40,"Dhirubhai Ambani Institute of Info. & Comm. Tech., Gandhinagar",HONS. IN ICT WITH MINOR IN COMPUTATIONAL SCIENCE (CS),ST,2024,3440
40,"Dhirubhai Ambani Institute of Info. & Comm. Tech., Gandhinagar",HONS. IN ICT WITH MINOR IN COMPUTATIONAL SCIENCE (CS),TFWS,2024,12
40,"Dhirubhai Ambani Institute of Info. & Comm. Tech., Gandhinagar",INFORMATION & COMMUNICATION TECHNOLOGY,AI-OPEN,2024,900255
40,"Dhirubhai Ambani Institute of Info. & Comm. Tech., Gandhinagar",INFORMATION & COMMUNICATION TECHNOLOGY,AI-TFWS,2024,900175
40,"Dhirubhai Ambani Institute of Info. & Comm. Tech., Gandhinagar",INFORMATION & COMMUNICATION TECHNOLOGY,EWS,2024,78
40,"Dhirubhai Ambani Institute of Info. & Comm. Tech., Gandhinagar",INFORMATION & COMMUNICATION TECHNOLOGY,OPEN,2024,71
40,"Dhirubhai Ambani Institute of Info. & Comm. Tech., Gandhinagar",INFORMATION & COMMUNICATION TECHNOLOGY,SC,2024,237
40,"Dhirubhai Ambani Institute of Info. & Comm. Tech., Gandhinagar",INFORMATION & COMMUNICATION TECHNOLOGY,SEBC,2024,181
40,"Dhirubhai Ambani Institute of Info. & Comm. Tech., Gandhinagar",INFORMATION & COMMUNICATION TECHNOLOGY,ST,2024,4180
40,"Dhirubhai Ambani Institute of Info. & Comm. Tech., Gandhinagar",INFORMATION & COMMUNICATION TECHNOLOGY,TFWS,2024,22
40,"Dhirubhai Ambani Institute of Info. & Comm. Tech., Gandhinagar",MATHEMATICS AND COMPUTING,AI-OPEN,2024,900069
40,"Dhirubhai Ambani Institute of Info. & Comm. Tech., Gandhinagar",MATHEMATICS AND COMPUTING,AI-TFWS,2024,900056
40,"Dhirubhai Ambani Institute of Info. & Comm. Tech., Gandhinagar",MATHEMATICS AND COMPUTING,EWS,2024,36
40,"Dhirubhai Ambani Institute of Info. & Comm. Tech., Gandhinagar",MATHEMATICS AND COMPUTING,OPEN,2024,35
40,"Dhirubhai Ambani Institute of Info. & Comm. Tech., Gandhinagar",MATHEMATICS AND COMPUTING,SC,2024,109
40,"Dhirubhai Ambani Institute of Info. & Comm. Tech., Gandhinagar",MATHEMATICS AND COMPUTING,SEBC,2024,56
40,"Dhirubhai Ambani Institute of Info. & Comm. Tech., Gandhinagar",MATHEMATICS AND COMPUTING,ST,2024,267
40,"Dhirubhai Ambani Institute of Info. & Comm. Tech., Gandhinagar",MATHEMATICS AND COMPUTING,TFWS,2024,4
41,"Dr. Jivraj Mehta Institute Of Technology, Anand",COMPUTER ENGINEERING,OPEN,2024,27403
41,"Dr. Jivraj Mehta Institute Of Technology, Anand",INFORMATION TECHNOLOGY,OPEN,2024,29810
43,"Dr. Subhash University, School of Engineering & Technology, Junagadh",COMPUTER SCIENCE & ENGINEERING,OPEN,2024,25732
43,"Dr. Subhash University, School of Engineering & Technology, Junagadh",INFORMATION TECHNOLOGY,OPEN,2024,10056
44,"Dr. V.R. Godhania College of Engg. & Tech., Porbandar",COMPUTER ENGINEERING,OPEN,2024,28765
46,"Engineering College, Tuwa, Godhara",COMPUTER ENGINEERING,OPEN,2024,15928
48,"Faculty Of Technology & Engineering(MSU), Vadodara",CHEMICAL ENGINEERING,AI-OPEN,2024,900538
48,"Faculty Of Technology & Engineering(MSU), Vadodara",CHEMICAL ENGINEERING,EWS,2024,4728
48,"Faculty Of Technology & Engineering(MSU), Vadodara",CHEMICAL ENGINEERING,OPEN,2024,3210
48,"Faculty Of Technology & Engineering(MSU), Vadodara",CHEMICAL ENGINEERING,SC,2024,5783
48,"Faculty Of Technology & Engineering(MSU), Vadodara",CHEMICAL ENGINEERING,SEBC,2024,8747
48,"Faculty Of Technology & Engineering(MSU), Vadodara",CHEMICAL ENGINEERING,ST,2024,25222
48,"Faculty Of Technology & Engineering(MSU), Vadodara",CHEMICAL ENGINEERING,TFWS,2024,761
48,"Faculty Of Technology & Engineering(MSU), Vadodara",CIVIL ENGINEERING,AI-OPEN,2024,903715
48,"Faculty Of Technology & Engineering(MSU), Vadodara",CIVIL ENGINEERING,DEFENSE,2024,50
48,"Faculty Of Technology & Engineering(MSU), Vadodara",CIVIL ENGINEERING,EWS,2024,17558
48,"Faculty Of Technology & Engineering(MSU), Vadodara",CIVIL ENGINEERING,OPEN,2024,13975
48,"Faculty Of Technology & Engineering(MSU), Vadodara",CIVIL ENGINEERING,SC,2024,24928
48,"Faculty Of Technology & Engineering(MSU), Vadodara",CIVIL ENGINEERING,SEBC,2024,18866
48,"Faculty Of Technology & Engineering(MSU), Vadodara",CIVIL ENGINEERING,ST,2024,29992
48,"Faculty Of Technology & Engineering(MSU), Vadodara",CIVIL ENGINEERING,TFWS,2024,6786
48,"Faculty Of Technology & Engineering(MSU), Vadodara",COMPUTER SCIENCE & ENGINEERING,AI-OPEN,2024,900245
48,"Faculty Of Technology & Engineering(MSU), Vadodara",COMPUTER SCIENCE & ENGINEERING,DEFENSE,2024,94
48,"Faculty Of Technology & Engineering(MSU), Vadodara",COMPUTER SCIENCE & ENGINEERING,EWS,2024,820
48,"Faculty Of Technology & Engineering(MSU), Vadodara",COMPUTER SCIENCE & ENGINEERING,OPEN,2024,705
48,"Faculty Of Technology & Engineering(MSU), Vadodara",COMPUTER SCIENCE & ENGINEERING,SC,2024,3714
48,"Faculty Of Technology & Engineering(MSU), Vadodara",COMPUTER SCIENCE & ENGINEERING,SEBC,2024,1629
48,"Faculty Of Technology & Engineering(MSU), Vadodara",COMPUTER SCIENCE & ENGINEERING,ST,2024,12714
48,"Faculty Of Technology & Engineering(MSU), Vadodara",COMPUTER SCIENCE & ENGINEERING,TFWS,2024,437
48,"Faculty Of Technology & Engineering(MSU), Vadodara",ELECTRICAL ENGINEERING,AI-OPEN,2024,900604
48,"Faculty Of Technology & Engineering(MSU), Vadodara",ELECTRICAL ENGINEERING,DEFENSE,2024,54
48,"Faculty Of Technology & Engineering(MSU), Vadodara",ELECTRICAL ENGINEERING,EWS,2024,12455
48,"Faculty Of Technology & Engineering(MSU), Vadodara",ELECTRICAL ENGINEERING,OPEN,2024,7264
48,"Faculty Of Technology & Engineering(MSU), Vadodara",ELECTRICAL ENGINEERING,SC,2024,24330
48,"Faculty Of Technology & Engineering(MSU), Vadodara",ELECTRICAL ENGINEERING,SEBC,2024,17614
48,"Faculty Of Technology & Engineering(MSU), Vadodara",ELECTRICAL ENGINEERING,ST,2024,24196
48,"Faculty Of Technology & Engineering(MSU), Vadodara",ELECTRICAL ENGINEERING,TFWS,2024,2771
48,"Faculty Of Technology & Engineering(MSU), Vadodara",ELECTRONICS ENGINEERING,AI-OPEN,2024,900298
48,"Faculty Of Technology & Engineering(MSU), Vadodara",ELECTRONICS ENGINEERING,EWS,2024,6721
48,"Faculty Of Technology & Engineering(MSU), Vadodara",ELECTRONICS ENGINEERING,OPEN,2024,5115
48,"Faculty Of Technology & Engineering(MSU), Vadodara",ELECTRONICS ENGINEERING,SC,2024,14461
48,"Faculty Of Technology & Engineering(MSU), Vadodara",ELECTRONICS ENGINEERING,SEBC,2024,13274
48,"Faculty Of Technology & Engineering(MSU), Vadodara",ELECTRONICS ENGINEERING,TFWS,2024,4617
48,"Faculty Of Technology & Engineering(MSU), Vadodara",MECHANICAL ENGINEERING,AI-OPEN,2024,900928
48,"Faculty Of Technology & Engineering(MSU), Vadodara",MECHANICAL ENGINEERING,AI-TFWS,2024,900435
48,"Faculty Of Technology & Engineering(MSU), Vadodara",MECHANICAL ENGINEERING,DEFENSE,2024,54
48,"Faculty Of Technology & Engineering(MSU), Vadodara",MECHANICAL ENGINEERING,EWS,2024,9566
48,"Faculty Of Technology & Engineering(MSU), Vadodara",MECHANICAL ENGINEERING,OPEN,2024,7250
48,"Faculty Of Technology & Engineering(MSU), Vadodara",MECHANICAL ENGINEERING,SC,2024,24717
48,"Faculty Of Technology & Engineering(MSU), Vadodara",MECHANICAL ENGINEERING,SEBC,2024,13900
48,"Faculty Of Technology & Engineering(MSU), Vadodara",MECHANICAL ENGINEERING,ST,2024,29357
48,"Faculty Of Technology & Engineering(MSU), Vadodara",MECHANICAL ENGINEERING,TFWS,2024,2797
48,"Faculty Of Technology & Engineering(MSU), Vadodara",METALLURGICAL AND MATERIALS ENGINEERING,AI-OPEN,2024,921524
48,"Faculty Of Technology & Engineering(MSU), Vadodara",METALLURGICAL AND MATERIALS ENGINEERING,OPEN,2024,29937
48,"Faculty Of Technology & Engineering(MSU), Vadodara",TEXTILE ENGINEERING,AI-OPEN,2024,917829
48,"Faculty Of Technology & Engineering(MSU), Vadodara",TEXTILE ENGINEERING,OPEN,2024,27119
48,"Faculty Of Technology & Engineering(MSU), Vadodara",TEXTILE PROCESSING,AI-OPEN,2024,919886
48,"Faculty Of Technology & Engineering(MSU), Vadodara",TEXTILE TECHNOLOGY,AI-OPEN,2024,920672
48,"Faculty Of Technology & Engineering(MSU), Vadodara",TEXTILE TECHNOLOGY,OPEN,2024,29549
48,"Faculty Of Technology & Engineering(MSU), Vadodara",WATER MANAGEMENT,AI-OPEN,2024,917868
48,"Faculty Of Technology & Engineering(MSU), Vadodara",WATER MANAGEMENT,OPEN,2024,20307
49,"Faculty Of Technology And Engineering(GIA), Dharmsinh Desai University, (DDU), Nadiad",CHEMICAL ENGINEERING,AI-OPEN,2024,900612
49,"Faculty Of Technology And Engineering(GIA), Dharmsinh Desai University, (DDU), Nadiad",CHEMICAL ENGINEERING,EWS,2024,6103
49,"Faculty Of Technology And Engineering(GIA), Dharmsinh Desai University, (DDU), Nadiad",CHEMICAL ENGINEERING,OPEN,2024,5561
49,"Faculty Of Technology And Engineering(GIA), Dharmsinh Desai University, (DDU), Nadiad",CHEMICAL ENGINEERING,SC,2024,22091
49,"Faculty Of Technology And Engineering(GIA), Dharmsinh Desai University, (DDU), Nadiad",CHEMICAL ENGINEERING,SEBC,2024,8813
49,"Faculty Of Technology And Engineering(GIA), Dharmsinh Desai University, (DDU), Nadiad",CHEMICAL ENGINEERING,ST,2024,28607
49,"Faculty Of Technology And Engineering(GIA), Dharmsinh Desai University, (DDU), Nadiad",CHEMICAL ENGINEERING,TFWS,2024,2305
49,"Faculty Of Technology And Engineering(GIA), Dharmsinh Desai University, (DDU), Nadiad",CIVIL ENGINEERING,AI-OPEN,2024,908922
49,"Faculty Of Technology And Engineering(GIA), Dharmsinh Desai University, (DDU), Nadiad",CIVIL ENGINEERING,OPEN,2024,30075
49,"Faculty Of Technology And Engineering(GIA), Dharmsinh Desai University, (DDU), Nadiad",CIVIL ENGINEERING,TFWS,2024,15469
49,"Faculty Of Technology And Engineering(GIA), Dharmsinh Desai University, (DDU), Nadiad",COMPUTER ENGINEERING,AI-OPEN,2024,900022
49,"Faculty Of Technology And Engineering(GIA), Dharmsinh Desai University, (DDU), Nadiad",COMPUTER ENGINEERING,DEFENSE,2024,95
49,"Faculty Of Technology And Engineering(GIA), Dharmsinh Desai University, (DDU), Nadiad",COMPUTER ENGINEERING,EWS,2024,315
49,"Faculty Of Technology And Engineering(GIA), Dharmsinh Desai University, (DDU), Nadiad",COMPUTER ENGINEERING,OPEN,2024,277
49,"Faculty Of Technology And Engineering(GIA), Dharmsinh Desai University, (DDU), Nadiad",COMPUTER ENGINEERING,SC,2024,2518
49,"Faculty Of Technology And Engineering(GIA), Dharmsinh Desai University, (DDU), Nadiad",COMPUTER ENGINEERING,SEBC,2024,470
49,"Faculty Of Technology And Engineering(GIA), Dharmsinh Desai University, (DDU), Nadiad",COMPUTER ENGINEERING,ST,2024,6886
49,"Faculty Of Technology And Engineering(GIA), Dharmsinh Desai University, (DDU), Nadiad",COMPUTER ENGINEERING,TFWS,2024,137
49,"Faculty Of Technology And Engineering(GIA), Dharmsinh Desai University, (DDU), Nadiad",ELECTRONICS & COMMUNICATION ENGINEERING,AI-OPEN,2024,900792
49,"Faculty Of Technology And Engineering(GIA), Dharmsinh Desai University, (DDU), Nadiad",ELECTRONICS & COMMUNICATION ENGINEERING,AI-TFWS,2024,901038
49,"Faculty Of Technology And Engineering(GIA), Dharmsinh Desai University, (DDU), Nadiad",ELECTRONICS & COMMUNICATION ENGINEERING,DEFENSE,2024,78
49,"Faculty Of Technology And Engineering(GIA), Dharmsinh Desai University, (DDU), Nadiad",ELECTRONICS & COMMUNICATION ENGINEERING,EWS,2024,3508
49,"Faculty Of Technology And Engineering(GIA), Dharmsinh Desai University, (DDU), Nadiad",ELECTRONICS & COMMUNICATION ENGINEERING,OPEN,2024,3258
49,"Faculty Of Technology And Engineering(GIA), Dharmsinh Desai University, (DDU), Nadiad",ELECTRONICS & COMMUNICATION ENGINEERING,SC,2024,12936
49,"Faculty Of Technology And Engineering(GIA), Dharmsinh Desai University, (DDU), Nadiad",ELECTRONICS & COMMUNICATION ENGINEERING,SEBC,2024,5741
49,"Faculty Of Technology And Engineering(GIA), Dharmsinh Desai University, (DDU), Nadiad",ELECTRONICS & COMMUNICATION ENGINEERING,ST,2024,22497
49,"Faculty Of Technology And Engineering(GIA), Dharmsinh Desai University, (DDU), Nadiad",ELECTRONICS & COMMUNICATION ENGINEERING,TFWS,2024,1018
49,"Faculty Of Technology And Engineering(GIA), Dharmsinh Desai University, (DDU), Nadiad",INSTRUMENTATION & CONTROL ENGINEERING,AI-OPEN,2024,901860
49,"Faculty Of Technology And Engineering(GIA), Dharmsinh Desai University, (DDU), Nadiad",INSTRUMENTATION & CONTROL ENGINEERING,EWS,2024,21323
49,"Faculty Of Technology And Engineering(GIA), Dharmsinh Desai University, (DDU), Nadiad",INSTRUMENTATION & CONTROL ENGINEERING,OPEN,2024,16442
49,"Faculty Of Technology And Engineering(GIA), Dharmsinh Desai University, (DDU), Nadiad",INSTRUMENTATION & CONTROL ENGINEERING,SEBC,2024,23467
49,"Faculty Of Technology And Engineering(GIA), Dharmsinh Desai University, (DDU), Nadiad",INSTRUMENTATION & CONTROL ENGINEERING,TFWS,2024,4020
50,"Faculty Of Technology(Sfi), Dharmsinh Desai University, Nadiad",CHEMICAL ENGINEERING,EWS,2024,20788
50,"Faculty Of Technology(Sfi), Dharmsinh Desai University, Nadiad",CHEMICAL ENGINEERING,OPEN,2024,18028
50,"Faculty Of Technology(Sfi), Dharmsinh Desai University, Nadiad",CHEMICAL ENGINEERING,SC,2024,26973
50,"Faculty Of Technology(Sfi), Dharmsinh Desai University, Nadiad",CHEMICAL ENGINEERING,SEBC,2024,29825
50,"Faculty Of Technology(Sfi), Dharmsinh Desai University, Nadiad",COMPUTER ENGINEERING,DEFENSE,2024,87
50,"Faculty Of Technology(Sfi), Dharmsinh Desai University, Nadiad",COMPUTER ENGINEERING,EWS,2024,438
50,"Faculty Of Technology(Sfi), Dharmsinh Desai University, Nadiad",COMPUTER ENGINEERING,OPEN,2024,402
50,"Faculty Of Technology(Sfi), Dharmsinh Desai University, Nadiad",COMPUTER ENGINEERING,SC,2024,3316
50,"Faculty Of Technology(Sfi), Dharmsinh Desai University, Nadiad",COMPUTER ENGINEERING,SEBC,2024,965
50,"Faculty Of Technology(Sfi), Dharmsinh Desai University, Nadiad",COMPUTER ENGINEERING,ST,2024,18629
50,"Faculty Of Technology(Sfi), Dharmsinh Desai University, Nadiad",COMPUTER ENGINEERING,TFWS,2024,179
50,"Faculty Of Technology(Sfi), Dharmsinh Desai University, Nadiad",ELECTRONICS & COMMUNICATION ENGINEERING,EWS,2024,7588
50,"Faculty Of Technology(Sfi), Dharmsinh Desai University, Nadiad",ELECTRONICS & COMMUNICATION ENGINEERING,OPEN,2024,6149
50,"Faculty Of Technology(Sfi), Dharmsinh Desai University, Nadiad",ELECTRONICS & COMMUNICATION ENGINEERING,SC,2024,17875
50,"Faculty Of Technology(Sfi), Dharmsinh Desai University, Nadiad",ELECTRONICS & COMMUNICATION ENGINEERING,SEBC,2024,9402
50,"Faculty Of Technology(Sfi), Dharmsinh Desai University, Nadiad",ELECTRONICS & COMMUNICATION ENGINEERING,TFWS,2024,3366
50,"Faculty Of Technology(Sfi), Dharmsinh Desai University, Nadiad",INFORMATION TECHNOLOGY,DEFENSE,2024,83
50,"Faculty Of Technology(Sfi), Dharmsinh Desai University, Nadiad",INFORMATION TECHNOLOGY,EWS,2024,1019
50,"Faculty Of Technology(Sfi), Dharmsinh Desai University, Nadiad",INFORMATION TECHNOLOGY,OPEN,2024,798
50,"Faculty Of Technology(Sfi), Dharmsinh Desai University, Nadiad",INFORMATION TECHNOLOGY,SC,2024,5075
50,"Faculty Of Technology(Sfi), Dharmsinh Desai University, Nadiad",INFORMATION TECHNOLOGY,SEBC,2024,1666
50,"Faculty Of Technology(Sfi), Dharmsinh Desai University, Nadiad",INFORMATION TECHNOLOGY,ST,2024,25976
50,"Faculty Of Technology(Sfi), Dharmsinh Desai University, Nadiad",INFORMATION TECHNOLOGY,TFWS,2024,405
50,"Faculty Of Technology(Sfi), Dharmsinh Desai University, Nadiad",INSTRUMENTATION & CONTROL ENGINEERING,OPEN,2024,24929
50,"Faculty Of Technology(Sfi), Dharmsinh Desai University, Nadiad",INSTRUMENTATION & CONTROL ENGINEERING,SEBC,2024,28127
50,"Faculty Of Technology(Sfi), Dharmsinh Desai University, Nadiad",MECHANICAL ENGINEERING,EWS,2024,29010
50,"Faculty Of Technology(Sfi), Dharmsinh Desai University, Nadiad",MECHANICAL ENGINEERING,OPEN,2024,26480
50,"Faculty Of Technology(Sfi), Dharmsinh Desai University, Nadiad",MECHANICAL ENGINEERING,SEBC,2024,26882
51,"Faculty of Engineering & Technology- GLS University, Ahmedabad",COMPUTER SCIENCE & ENGINEERING,DEFENSE,2024,33
51,"Faculty of Engineering & Technology- GLS University, Ahmedabad",COMPUTER SCIENCE & ENGINEERING,EWS,2024,28946
51,"Faculty of Engineering & Technology- GLS University, Ahmedabad",COMPUTER SCIENCE & ENGINEERING,OPEN,2024,25255
51,"Faculty of Engineering & Technology- GLS University, Ahmedabad",COMPUTER SCIENCE & ENGINEERING,SC,2024,30405
51,"Faculty of Engineering & Technology- GLS University, Ahmedabad",COMPUTER SCIENCE & ENGINEERING,SEBC,2024,29487
51,"Faculty of Engineering & Technology- GLS University, Ahmedabad",COMPUTER SCIENCE & ENGINEERING,TFWS,2024,4989
52,"Faculty of Engineering & Technology- Sigma University,Bakrol, Vadodara",ARTIFICIAL INTELLIGENCE AND DATA SCIENCE,OPEN,2024,25145
52,"Faculty of Engineering & Technology- Sigma University,Bakrol, Vadodara",ARTIFICIAL INTELLIGENCE AND DATA SCIENCE,TFWS,2024,22180
52,"Faculty of Engineering & Technology- Sigma University,Bakrol, Vadodara",COMPUTER SCIENCE & ENGINEERING,OPEN,2024,29507
52,"Faculty of Engineering & Technology- Sigma University,Bakrol, Vadodara",COMPUTER SCIENCE & ENGINEERING,TFWS,2024,15191
52,"Faculty of Engineering & Technology- Sigma University,Bakrol, Vadodara",CYBER SECURITY,OPEN,2024,25935
52,"Faculty of Engineering & Technology- Sigma University,Bakrol, Vadodara",CYBER SECURITY,TFWS,2024,22065
53,"Faculty of Technology, CEPT University, Ahmedabad",Bachelor of Technology (Hons) in Civil Engineering (BCE),OPEN,2024,28664
53,"Faculty of Technology, CEPT University, Ahmedabad",Bachelor of Technology (Hons) in Civil Engineering (BCE),TFWS,2024,10699
54,"G.H.Patel College Of Engg. & Tech. , V. V. Nagar",CHEMICAL ENGINEERING,OPEN,2024,29514
54,"G.H.Patel College Of Engg. & Tech. , V. V. Nagar",COMPUTER ENGINEERING,EWS,2024,3143
54,"G.H.Patel College Of Engg. & Tech. , V. V. Nagar",COMPUTER ENGINEERING,OPEN,2024,2987
54,"G.H.Patel College Of Engg. & Tech. , V. V. Nagar",COMPUTER ENGINEERING,SC,2024,9869
54,"G.H.Patel College Of Engg. & Tech. , V. V. Nagar",COMPUTER ENGINEERING,SEBC,2024,5570
54,"G.H.Patel College Of Engg. & Tech. , V. V. Nagar",COMPUTER ENGINEERING,ST,2024,29167
54,"G.H.Patel College Of Engg. & Tech. , V. V. Nagar",COMPUTER ENGINEERING,TFWS,2024,1582
54,"G.H.Patel College Of Engg. & Tech. , V. V. Nagar",COMPUTER SCIENCE & DESIGN,EWS,2024,10017
54,"G.H.Patel College Of Engg. & Tech. , V. V. Nagar",COMPUTER SCIENCE & DESIGN,OPEN,2024,8152
54,"G.H.Patel College Of Engg. & Tech. , V. V. Nagar",COMPUTER SCIENCE & DESIGN,SC,2024,19538
54,"G.H.Patel College Of Engg. & Tech. , V. V. Nagar",COMPUTER SCIENCE & DESIGN,SEBC,2024,18573
54,"G.H.Patel College Of Engg. & Tech. , V. V. Nagar",COMPUTER SCIENCE & DESIGN,TFWS,2024,2764
54,"G.H.Patel College Of Engg. & Tech. , V. V. Nagar",COMPUTER SCIENCE & ENGINEERING (IOT),DEFENSE,2024,58
54,"G.H.Patel College Of Engg. & Tech. , V. V. Nagar",COMPUTER SCIENCE & ENGINEERING (IOT),EWS,2024,8038
54,"G.H.Patel College Of Engg. & Tech. , V. V. Nagar",COMPUTER SCIENCE & ENGINEERING (IOT),OPEN,2024,7612
54,"G.H.Patel College Of Engg. & Tech. , V. V. Nagar",COMPUTER SCIENCE & ENGINEERING (IOT),SC,2024,16356
54,"G.H.Patel College Of Engg. & Tech. , V. V. Nagar",COMPUTER SCIENCE & ENGINEERING (IOT),SEBC,2024,15215
54,"G.H.Patel College Of Engg. & Tech. , V. V. Nagar",COMPUTER SCIENCE & ENGINEERING (IOT),TFWS,2024,2597
54,"G.H.Patel College Of Engg. & Tech. , V. V. Nagar",ELECTRICAL ENGINEERING,OPEN,2024,27419
54,"G.H.Patel College Of Engg. & Tech. , V. V. Nagar",ELECTRONICS & COMMUNICATION ENGINEERING,OPEN,2024,30104
54,"G.H.Patel College Of Engg. & Tech. , V. V. Nagar",INFORMATION TECHNOLOGY,DEFENSE,2024,63
54,"G.H.Patel College Of Engg. & Tech. , V. V. Nagar",INFORMATION TECHNOLOGY,EWS,2024,4516
54,"G.H.Patel College Of Engg. & Tech. , V. V. Nagar",INFORMATION TECHNOLOGY,OPEN,2024,3982
54,"G.H.Patel College Of Engg. & Tech. , V. V. Nagar",INFORMATION TECHNOLOGY,SC,2024,12473
54,"G.H.Patel College Of Engg. & Tech. , V. V. Nagar",INFORMATION TECHNOLOGY,SEBC,2024,7106
54,"G.H.Patel College Of Engg. & Tech. , V. V. Nagar",INFORMATION TECHNOLOGY,TFWS,2024,1740
54,"G.H.Patel College Of Engg. & Tech. , V. V. Nagar",MECHANICAL ENGINEERING,OPEN,2024,29945
54,"G.H.Patel College Of Engg. & Tech. , V. V. Nagar",MECHATRONICS,OPEN,2024,28617
55,"GIDC Degree Engineering College, Abrama, Navsari",AUTOMOBILE ENGINEERING,OPEN,2024,29592
55,"GIDC Degree Engineering College, Abrama, Navsari",CIVIL ENGINEERING,OPEN,2024,24674
55,"GIDC Degree Engineering College, Abrama, Navsari",COMPUTER ENGINEERING,EWS,2024,28041
55,"GIDC Degree Engineering College, Abrama, Navsari",COMPUTER ENGINEERING,OPEN,2024,17309
55,"GIDC Degree Engineering College, Abrama, Navsari",COMPUTER ENGINEERING,SC,2024,27470
55,"GIDC Degree Engineering College, Abrama, Navsari",COMPUTER ENGINEERING,SEBC,2024,22256
55,"GIDC Degree Engineering College, Abrama, Navsari",COMPUTER ENGINEERING,ST,2024,29876
55,"GIDC Degree Engineering College, Abrama, Navsari",COMPUTER ENGINEERING,TFWS,2024,5863
55,"GIDC Degree Engineering College, Abrama, Navsari",ELECTRICAL ENGINEERING,OPEN,2024,30033
55,"GIDC Degree Engineering College, Abrama, Navsari",ELECTRICAL ENGINEERING,TFWS,2024,26225
55,"GIDC Degree Engineering College, Abrama, Navsari",MECHANICAL ENGINEERING,OPEN,2024,29454
56,GYANMANJARI INSTITUTE OF TECHNOLOGY Bhavnagar,BIOTECHNOLOGY,TFWS,2024,14520
56,GYANMANJARI INSTITUTE OF TECHNOLOGY Bhavnagar,CHEMICAL ENGINEERING,TFWS,2024,24277
56,GYANMANJARI INSTITUTE OF TECHNOLOGY Bhavnagar,COMPUTER ENGINEERING,OPEN,2024,27844
56,GYANMANJARI INSTITUTE OF TECHNOLOGY Bhavnagar,COMPUTER ENGINEERING,TFWS,2024,11559
56,GYANMANJARI INSTITUTE OF TECHNOLOGY Bhavnagar,COMPUTER SCIENCE & ENGINEERING,OPEN,2024,27548
56,GYANMANJARI INSTITUTE OF TECHNOLOGY Bhavnagar,COMPUTER SCIENCE & ENGINEERING,TFWS,2024,11145
56,GYANMANJARI INSTITUTE OF TECHNOLOGY Bhavnagar,ELECTRICAL ENGINEERING,TFWS,2024,27605
56,GYANMANJARI INSTITUTE OF TECHNOLOGY Bhavnagar,Food Technology,TFWS,2024,15133
56,GYANMANJARI INSTITUTE OF TECHNOLOGY Bhavnagar,INFORMATION & COMMUNICATION TECHNOLOGY,OPEN,2024,28869
56,GYANMANJARI INSTITUTE OF TECHNOLOGY Bhavnagar,INFORMATION & COMMUNICATION TECHNOLOGY,TFWS,2024,14053
56,GYANMANJARI INSTITUTE OF TECHNOLOGY Bhavnagar,INFORMATION TECHNOLOGY,OPEN,2024,29157
56,GYANMANJARI INSTITUTE OF TECHNOLOGY Bhavnagar,INFORMATION TECHNOLOGY,TFWS,2024,13710
57,"Gandhinagar Institute Of Technology, Moti Bhoyan, Kalol, Gandhinagar",ARTIFICIAL INTELLIGENCE,OPEN,2024,28824
57,"Gandhinagar Institute Of Technology, Moti Bhoyan, Kalol, Gandhinagar",ARTIFICIAL INTELLIGENCE,TFWS,2024,5860
57,"Gandhinagar Institute Of Technology, Moti Bhoyan, Kalol, Gandhinagar",CIVIL ENGINEERING,OPEN,2024,23536
57,"Gandhinagar Institute Of Technology, Moti Bhoyan, Kalol, Gandhinagar",COMPUTER ENGINEERING,OPEN,2024,25768
57,"Gandhinagar Institute Of Technology, Moti Bhoyan, Kalol, Gandhinagar",COMPUTER SCIENCE & ENGINEERING,EWS,2024,28919
57,"Gandhinagar Institute Of Technology, Moti Bhoyan, Kalol, Gandhinagar",COMPUTER SCIENCE & ENGINEERING,OPEN,2024,26125
57,"Gandhinagar Institute Of Technology, Moti Bhoyan, Kalol, Gandhinagar",COMPUTER SCIENCE & ENGINEERING,SEBC,2024,26179
57,"Gandhinagar Institute Of Technology, Moti Bhoyan, Kalol, Gandhinagar",COMPUTER SCIENCE & ENGINEERING,TFWS,2024,3683
57,"Gandhinagar Institute Of Technology, Moti Bhoyan, Kalol, Gandhinagar",CYBER SECURITY,OPEN,2024,26170
57,"Gandhinagar Institute Of Technology, Moti Bhoyan, Kalol, Gandhinagar",CYBER SECURITY,TFWS,2024,12284
57,"Gandhinagar Institute Of Technology, Moti Bhoyan, Kalol, Gandhinagar",ELECTRONICS & COMMUNICATION ENGINEERING,OPEN,2024,28258
57,"Gandhinagar Institute Of Technology, Moti Bhoyan, Kalol, Gandhinagar",INFORMATION & COMMUNICATION TECHNOLOGY,OPEN,2024,26764
57,"Gandhinagar Institute Of Technology, Moti Bhoyan, Kalol, Gandhinagar",INFORMATION & COMMUNICATION TECHNOLOGY,TFWS,2024,7121
57,"Gandhinagar Institute Of Technology, Moti Bhoyan, Kalol, Gandhinagar",INFORMATION TECHNOLOGY,OPEN,2024,29995
57,"Gandhinagar Institute Of Technology, Moti Bhoyan, Kalol, Gandhinagar",MECHANICAL ENGINEERING,OPEN,2024,26660
58,"Ganpat University, Institute of Computer Tech., Kherva, Mehsana",COMPUTER SCIENCE & ENGINEERING,OPEN,2024,30473
58,"Ganpat University, Institute of Computer Tech., Kherva, Mehsana",COMPUTER SCIENCE & ENGINEERING (BIG DATA ANALYTICS),OPEN,2024,29206
58,"Ganpat University, Institute of Computer Tech., Kherva, Mehsana",COMPUTER SCIENCE & ENGINEERING (CLOUD BASED APPLICATIONS),OPEN,2024,29141
58,"Ganpat University, Institute of Computer Tech., Kherva, Mehsana",COMPUTER SCIENCE & ENGINEERING (CYBER SECURITY),OPEN,2024,30419
58,"Ganpat University, Institute of Computer Tech., Kherva, Mehsana",COMPUTER SCIENCE & ENGINEERING (CYBER SECURITY),TFWS,2024,7068
59,"Ganpat University, U.V.Patel College of Engineering, Kherva, Mehsana",AUTOMOBILE ENGINEERING,OPEN,2024,27312
59,"Ganpat University, U.V.Patel College of Engineering, Kherva, Mehsana",BIOTECHNOLOGY,OPEN,2024,29688
59,"Ganpat University, U.V.Patel College of Engineering, Kherva, Mehsana",BIOTECHNOLOGY,TFWS,2024,9473
59,"Ganpat University, U.V.Patel College of Engineering, Kherva, Mehsana",CIVIL ENGINEERING,OPEN,2024,28959
59,"Ganpat University, U.V.Patel College of Engineering, Kherva, Mehsana",COMPUTER ENGINEERING,OPEN,2024,30445
59,"Ganpat University, U.V.Patel College of Engineering, Kherva, Mehsana",COMPUTER ENGINEERING,TFWS,2024,7478
59,"Ganpat University, U.V.Patel College of Engineering, Kherva, Mehsana",COMPUTER ENGINEERING (ARTIFICIAL INTELLIGENCE),OPEN,2024,30239
59,"Ganpat University, U.V.Patel College of Engineering, Kherva, Mehsana",COMPUTER ENGINEERING (ARTIFICIAL INTELLIGENCE),TFWS,2024,8915
59,"Ganpat University, U.V.Patel College of Engineering, Kherva, Mehsana",COMPUTER SCIENCE & BUSINESS SYSTEMS,OPEN,2024,28854
59,"Ganpat University, U.V.Patel College of Engineering, Kherva, Mehsana",COMPUTER SCIENCE & BUSINESS SYSTEMS,TFWS,2024,10824
59,"Ganpat University, U.V.Patel College of Engineering, Kherva, Mehsana",ELECTRICAL ENGINEERING,OPEN,2024,30090
59,"Ganpat University, U.V.Patel College of Engineering, Kherva, Mehsana",ELECTRONICS & COMMUNICATION ENGINEERING,OPEN,2024,28835
59,"Ganpat University, U.V.Patel College of Engineering, Kherva, Mehsana",ELECTRONICS & COMMUNICATION ENGINEERING,TFWS,2024,8202
59,"Ganpat University, U.V.Patel College of Engineering, Kherva, Mehsana",INFORMATION TECHNOLOGY,OPEN,2024,29398
59,"Ganpat University, U.V.Patel College of Engineering, Kherva, Mehsana",INFORMATION TECHNOLOGY,TFWS,2024,5824
59,"Ganpat University, U.V.Patel College of Engineering, Kherva, Mehsana",MARINE ENGINEERING,OPEN,2024,10521
59,"Ganpat University, U.V.Patel College of Engineering, Kherva, Mehsana",MARINE ENGINEERING,TFWS,2024,25981
59,"Ganpat University, U.V.Patel College of Engineering, Kherva, Mehsana",MECHANICAL ENGINEERING,OPEN,2024,30262
59,"Ganpat University, U.V.Patel College of Engineering, Kherva, Mehsana",MECHATRONICS,OPEN,2024,28167
60,"Government Engineering College, Bharuch",CHEMICAL ENGINEERING,AI-OPEN,2024,904533
60,"Government Engineering College, Bharuch",CHEMICAL ENGINEERING,DEFENSE,2024,56
60,"Government Engineering College, Bharuch",CHEMICAL ENGINEERING,EWS,2024,16525
60,"Government Engineering College, Bharuch",CHEMICAL ENGINEERING,OPEN,2024,13346
60,"Government Engineering College, Bharuch",CHEMICAL ENGINEERING,SC,2024,28735
60,"Government Engineering College, Bharuch",CHEMICAL ENGINEERING,SEBC,2024,16961
60,"Government Engineering College, Bharuch",CHEMICAL ENGINEERING,ST,2024,22860
60,"Government Engineering College, Bharuch",CHEMICAL ENGINEERING,TFWS,2024,8733
60,"Government Engineering College, Bharuch",CIVIL ENGINEERING,AI-OPEN,2024,919984
60,"Government Engineering College, Bharuch",CIVIL ENGINEERING,OPEN,2024,30382
60,"Government Engineering College, Bharuch",COMPUTER ENGINEERING,AI-OPEN,2024,901107
60,"Government Engineering College, Bharuch",COMPUTER ENGINEERING,DEFENSE,2024,78
60,"Government Engineering College, Bharuch",COMPUTER ENGINEERING,EWS,2024,9165
60,"Government Engineering College, Bharuch",COMPUTER ENGINEERING,OPEN,2024,7237
60,"Government Engineering College, Bharuch",COMPUTER ENGINEERING,SC,2024,22125
60,"Government Engineering College, Bharuch",COMPUTER ENGINEERING,SEBC,2024,11132
60,"Government Engineering College, Bharuch",COMPUTER ENGINEERING,ST,2024,30388
60,"Government Engineering College, Bharuch",COMPUTER ENGINEERING,TFWS,2024,4794
60,"Government Engineering College, Bharuch",ELECTRICAL ENGINEERING,AI-OPEN,2024,921260
60,"Government Engineering College, Bharuch",ELECTRICAL ENGINEERING,OPEN,2024,29939
60,"Government Engineering College, Bharuch",ELECTRONICS & COMMUNICATION ENGINEERING,AI-OPEN,2024,910551
60,"Government Engineering College, Bharuch",ELECTRONICS & COMMUNICATION ENGINEERING,OPEN,2024,30500
60,"Government Engineering College, Bharuch",MECHANICAL ENGINEERING,AI-OPEN,2024,920842
60,"Government Engineering College, Bharuch",MECHANICAL ENGINEERING,OPEN,2024,29402
61,"Government Engineering College, Bhavnagar",CIVIL ENGINEERING,AI-OPEN,2024,921487
61,"Government Engineering College, Bhavnagar",CIVIL ENGINEERING,OPEN,2024,29244
61,"Government Engineering College, Bhavnagar",CIVIL ENGINEERING,TFWS,2024,10827
61,"Government Engineering College, Bhavnagar",COMPUTER ENGINEERING,AI-OPEN,2024,901143
61,"Government Engineering College, Bhavnagar",COMPUTER ENGINEERING,AI-TFWS,2024,900593
61,"Government Engineering College, Bhavnagar",COMPUTER ENGINEERING,DEFENSE,2024,76
61,"Government Engineering College, Bhavnagar",COMPUTER ENGINEERING,EWS,2024,5242
61,"Government Engineering College, Bhavnagar",COMPUTER ENGINEERING,OPEN,2024,4567
61,"Government Engineering College, Bhavnagar",COMPUTER ENGINEERING,SC,2024,16910
61,"Government Engineering College, Bhavnagar",COMPUTER ENGINEERING,SEBC,2024,7769
61,"Government Engineering College, Bhavnagar",COMPUTER ENGINEERING,ST,2024,30313
61,"Government Engineering College, Bhavnagar",COMPUTER ENGINEERING,TFWS,2024,1761
61,"Government Engineering College, Bhavnagar",ELECTRONICS & COMMUNICATION ENGINEERING,AI-OPEN,2024,921196
61,"Government Engineering College, Bhavnagar",ELECTRONICS & COMMUNICATION ENGINEERING,OPEN,2024,29269
61,"Government Engineering College, Bhavnagar",ELECTRONICS & COMMUNICATION ENGINEERING,TFWS,2024,12072
61,"Government Engineering College, Bhavnagar",INFORMATION & COMMUNICATION TECHNOLOGY,AI-OPEN,2024,902342
61,"Government Engineering College, Bhavnagar",INFORMATION & COMMUNICATION TECHNOLOGY,EWS,2024,16322
61,"Government Engineering College, Bhavnagar",INFORMATION & COMMUNICATION TECHNOLOGY,OPEN,2024,14105
61,"Government Engineering College, Bhavnagar",INFORMATION & COMMUNICATION TECHNOLOGY,SC,2024,29297
61,"Government Engineering College, Bhavnagar",INFORMATION & COMMUNICATION TECHNOLOGY,SEBC,2024,18566
61,"Government Engineering College, Bhavnagar",INFORMATION & COMMUNICATION TECHNOLOGY,TFWS,2024,7831
61,"Government Engineering College, Bhavnagar",INFORMATION TECHNOLOGY,AI-OPEN,2024,901814
61,"Government Engineering College, Bhavnagar",INFORMATION TECHNOLOGY,DEFENSE,2024,74
61,"Government Engineering College, Bhavnagar",INFORMATION TECHNOLOGY,EWS,2024,7918
61,"Government Engineering College, Bhavnagar",INFORMATION TECHNOLOGY,OPEN,2024,7194
61,"Government Engineering College, Bhavnagar",INFORMATION TECHNOLOGY,SC,2024,18300
61,"Government Engineering College, Bhavnagar",INFORMATION TECHNOLOGY,SEBC,2024,9371
61,"Government Engineering College, Bhavnagar",INFORMATION TECHNOLOGY,ST,2024,26177
61,"Government Engineering College, Bhavnagar",INFORMATION TECHNOLOGY,TFWS,2024,2923
61,"Government Engineering College, Bhavnagar",MECHANICAL ENGINEERING,AI-OPEN,2024,921503
61,"Government Engineering College, Bhavnagar",MECHANICAL ENGINEERING,OPEN,2024,28936
62,"Government Engineering College, Bhuj",CHEMICAL ENGINEERING,AI-OPEN,2024,920991
62,"Government Engineering College, Bhuj",CHEMICAL ENGINEERING,OPEN,2024,25059
62,"Government Engineering College, Bhuj",CIVIL ENGINEERING,AI-OPEN,2024,915041
62,"Government Engineering College, Bhuj",CIVIL ENGINEERING,OPEN,2024,30157
62,"Government Engineering College, Bhuj",ELECTRICAL ENGINEERING,AI-OPEN,2024,920826
62,"Government Engineering College, Bhuj",ELECTRICAL ENGINEERING,OPEN,2024,17084
62,"Government Engineering College, Bhuj",MECHANICAL ENGINEERING,AI-OPEN,2024,913893
62,"Government Engineering College, Bhuj",MECHANICAL ENGINEERING,OPEN,2024,20978
62,"Government Engineering College, Bhuj",MINING ENGINEERING,AI-OPEN,2024,920236
63,"Government Engineering College, Dahod",CIVIL ENGINEERING,OPEN,2024,17601
63,"Government Engineering College, Dahod",COMPUTER ENGINEERING,AI-OPEN,2024,902630
63,"Government Engineering College, Dahod",COMPUTER ENGINEERING,DEFENSE,2024,26
63,"Government Engineering College, Dahod",COMPUTER ENGINEERING,EWS,2024,18183
63,"Government Engineering College, Dahod",COMPUTER ENGINEERING,OPEN,2024,15324
63,"Government Engineering College, Dahod",COMPUTER ENGINEERING,SC,2024,27772
63,"Government Engineering College, Dahod",COMPUTER ENGINEERING,SEBC,2024,19849
63,"Government Engineering College, Dahod",COMPUTER ENGINEERING,ST,2024,28938
63,"Government Engineering College, Dahod",COMPUTER ENGINEERING,TFWS,2024,10809
63,"Government Engineering College, Dahod",ELECTRICAL ENGINEERING,AI-OPEN,2024,918947
63,"Government Engineering College, Dahod",ELECTRICAL ENGINEERING,OPEN,2024,29107
63,"Government Engineering College, Dahod",ELECTRONICS & COMMUNICATION ENGINEERING,AI-OPEN,2024,918302
63,"Government Engineering College, Dahod",ELECTRONICS & COMMUNICATION ENGINEERING,OPEN,2024,30226
63,"Government Engineering College, Dahod",MECHANICAL ENGINEERING,AI-OPEN,2024,909558
63,"Government Engineering College, Dahod",MECHANICAL ENGINEERING,OPEN,2024,28009
64,"Government Engineering College, Godhra",CIVIL ENGINEERING,AI-OPEN,2024,916149
64,"Government Engineering College, Godhra",CIVIL ENGINEERING,OPEN,2024,27371
64,"Government Engineering College, Godhra",ELECTRICAL ENGINEERING,AI-OPEN,2024,916790
64,"Government Engineering College, Godhra",ELECTRICAL ENGINEERING,OPEN,2024,28336
64,"Government Engineering College, Godhra",MECHANICAL ENGINEERING,AI-OPEN,2024,918200
64,"Government Engineering College, Godhra",MECHANICAL ENGINEERING,OPEN,2024,27189
65,"Government Engineering College, Modasa",CIVIL ENGINEERING,AI-OPEN,2024,919587
65,"Government Engineering College, Modasa",CIVIL ENGINEERING,OPEN,2024,29572
65,"Government Engineering College, Modasa",COMPUTER ENGINEERING,AI-OPEN,2024,902468
65,"Government Engineering College, Modasa",COMPUTER ENGINEERING,DEFENSE,2024,57
65,"Government Engineering College, Modasa",COMPUTER ENGINEERING,EWS,2024,14170
65,"Government Engineering College, Modasa",COMPUTER ENGINEERING,OPEN,2024,11780
65,"Government Engineering College, Modasa",COMPUTER ENGINEERING,SC,2024,27590
65,"Government Engineering College, Modasa",COMPUTER ENGINEERING,SEBC,2024,16793
65,"Government Engineering College, Modasa",COMPUTER ENGINEERING,ST,2024,30478
65,"Government Engineering College, Modasa",COMPUTER ENGINEERING,TFWS,2024,7559
65,"Government Engineering College, Modasa",ELECTRICAL ENGINEERING,AI-OPEN,2024,921011
65,"Government Engineering College, Modasa",ELECTRICAL ENGINEERING,OPEN,2024,28190
65,"Government Engineering College, Modasa",ELECTRONICS & COMMUNICATION ENGINEERING,AI-OPEN,2024,903472
65,"Government Engineering College, Modasa",ELECTRONICS & COMMUNICATION ENGINEERING,OPEN,2024,30495
65,"Government Engineering College, Modasa",INFORMATION TECHNOLOGY,AI-OPEN,2024,903032
65,"Government Engineering College, Modasa",INFORMATION TECHNOLOGY,AI-TFWS,2024,902149
65,"Government Engineering College, Modasa",INFORMATION TECHNOLOGY,DEFENSE,2024,43
65,"Government Engineering College, Modasa",INFORMATION TECHNOLOGY,EWS,2024,15745
65,"Government Engineering College, Modasa",INFORMATION TECHNOLOGY,OPEN,2024,12522
65,"Government Engineering College, Modasa",INFORMATION TECHNOLOGY,SC,2024,21293
65,"Government Engineering College, Modasa",INFORMATION TECHNOLOGY,SEBC,2024,18376
65,"Government Engineering College, Modasa",INFORMATION TECHNOLOGY,ST,2024,29581
65,"Government Engineering College, Modasa",INFORMATION TECHNOLOGY,TFWS,2024,8334
65,"Government Engineering College, Modasa",MECHANICAL ENGINEERING,AI-OPEN,2024,920778
65,"Government Engineering College, Modasa",MECHANICAL ENGINEERING,OPEN,2024,25590
66,"Government Engineering College, Palanpur",CIVIL ENGINEERING,AI-OPEN,2024,921354
66,"Government Engineering College, Palanpur",CIVIL ENGINEERING,OPEN,2024,29610
66,"Government Engineering College, Palanpur",COMPUTER ENGINEERING,AI-OPEN,2024,903695
66,"Government Engineering College, Palanpur",COMPUTER ENGINEERING,EWS,2024,17132
66,"Government Engineering College, Palanpur",COMPUTER ENGINEERING,OPEN,2024,15778
66,"Government Engineering College, Palanpur",COMPUTER ENGINEERING,SC,2024,25529
66,"Government Engineering College, Palanpur",COMPUTER ENGINEERING,SEBC,2024,19265
66,"Government Engineering College, Palanpur",COMPUTER ENGINEERING,TFWS,2024,9591
66,"Government Engineering College, Palanpur",ELECTRICAL ENGINEERING,AI-OPEN,2024,919948
66,"Government Engineering College, Palanpur",ELECTRICAL ENGINEERING,OPEN,2024,29535
66,"Government Engineering College, Palanpur",MECHANICAL ENGINEERING,AI-OPEN,2024,919216
66,"Government Engineering College, Palanpur",MECHANICAL ENGINEERING,OPEN,2024,28410
67,"Government Engineering College, Patan",CIVIL ENGINEERING,AI-OPEN,2024,921412
67,"Government Engineering College, Patan",CIVIL ENGINEERING,OPEN,2024,28436
67,"Government Engineering College, Patan",COMPUTER SCIENCE & ENGINEERING,AI-OPEN,2024,902922
67,"Government Engineering College, Patan",COMPUTER SCIENCE & ENGINEERING,DEFENSE,2024,24
67,"Government Engineering College, Patan",COMPUTER SCIENCE & ENGINEERING,EWS,2024,14594
67,"Government Engineering College, Patan",COMPUTER SCIENCE & ENGINEERING,OPEN,2024,11868
67,"Government Engineering College, Patan",COMPUTER SCIENCE & ENGINEERING,SC,2024,23224
67,"Government Engineering College, Patan",COMPUTER SCIENCE & ENGINEERING,SEBC,2024,17324
67,"Government Engineering College, Patan",COMPUTER SCIENCE & ENGINEERING,ST,2024,28040
67,"Government Engineering College, Patan",COMPUTER SCIENCE & ENGINEERING,TFWS,2024,6576
67,"Government Engineering College, Patan",ELECTRICAL ENGINEERING,AI-OPEN,2024,914889
67,"Government Engineering College, Patan",ELECTRICAL ENGINEERING,OPEN,2024,28898
67,"Government Engineering College, Patan",ELECTRONICS & COMMUNICATION ENGINEERING,AI-OPEN,2024,921167
67,"Government Engineering College, Patan",ELECTRONICS & COMMUNICATION ENGINEERING,OPEN,2024,27791
67,"Government Engineering College, Patan",MECHANICAL ENGINEERING,AI-OPEN,2024,920609
67,"Government Engineering College, Patan",MECHANICAL ENGINEERING,OPEN,2024,28647
68,"Government Engineering College, Rajkot",ARTIFICIAL INTELLIGENCE AND DATA SCIENCE,AI-OPEN,2024,901606
68,"Government Engineering College, Rajkot",ARTIFICIAL INTELLIGENCE AND DATA SCIENCE,DEFENSE,2024,46
68,"Government Engineering College, Rajkot",ARTIFICIAL INTELLIGENCE AND DATA SCIENCE,EWS,2024,12403
68,"Government Engineering College, Rajkot",ARTIFICIAL INTELLIGENCE AND DATA SCIENCE,OPEN,2024,11106
68,"Government Engineering College, Rajkot",ARTIFICIAL INTELLIGENCE AND DATA SCIENCE,SC,2024,21735
68,"Government Engineering College, Rajkot",ARTIFICIAL INTELLIGENCE AND DATA SCIENCE,SEBC,2024,15869
68,"Government Engineering College, Rajkot",ARTIFICIAL INTELLIGENCE AND DATA SCIENCE,TFWS,2024,6325
68,"Government Engineering College, Rajkot",CIVIL ENGINEERING,AI-OPEN,2024,921473
68,"Government Engineering College, Rajkot",CIVIL ENGINEERING,OPEN,2024,30470
68,"Government Engineering College, Rajkot",COMPUTER ENGINEERING,AI-OPEN,2024,901289
68,"Government Engineering College, Rajkot",COMPUTER ENGINEERING,AI-TFWS,2024,900850
68,"Government Engineering College, Rajkot",COMPUTER ENGINEERING,DEFENSE,2024,70
68,"Government Engineering College, Rajkot",COMPUTER ENGINEERING,EWS,2024,7884
68,"Government Engineering College, Rajkot",COMPUTER ENGINEERING,OPEN,2024,6275
68,"Government Engineering College, Rajkot",COMPUTER ENGINEERING,SC,2024,16606
68,"Government Engineering College, Rajkot",COMPUTER ENGINEERING,SEBC,2024,8817
68,"Government Engineering College, Rajkot",COMPUTER ENGINEERING,ST,2024,30351
68,"Government Engineering College, Rajkot",COMPUTER ENGINEERING,TFWS,2024,3531
68,"Government Engineering College, Rajkot",ELECTRICAL ENGINEERING,AI-OPEN,2024,921480
68,"Government Engineering College, Rajkot",ELECTRICAL ENGINEERING,OPEN,2024,30179
68,"Government Engineering College, Rajkot",ELECTRONICS & COMMUNICATION ENGINEERING,AI-OPEN,2024,921285
68,"Government Engineering College, Rajkot",ELECTRONICS & COMMUNICATION ENGINEERING,OPEN,2024,28953
68,"Government Engineering College, Rajkot",INSTRUMENTATION & CONTROL ENGINEERING,AI-OPEN,2024,907293
68,"Government Engineering College, Rajkot",INSTRUMENTATION & CONTROL ENGINEERING,OPEN,2024,25128
68,"Government Engineering College, Rajkot",MECHANICAL ENGINEERING,AI-OPEN,2024,921219
68,"Government Engineering College, Rajkot",MECHANICAL ENGINEERING,OPEN,2024,29325
68,"Government Engineering College, Rajkot",ROBOTICS AND AUTOMATION,AI-OPEN,2024,921481
68,"Government Engineering College, Rajkot",ROBOTICS AND AUTOMATION,OPEN,2024,29368
69,"Government Engineering College, Sector 28 Gandhinagar",BIOMEDICAL ENGINEERING,AI-OPEN,2024,921523
69,"Government Engineering College, Sector 28 Gandhinagar",CIVIL ENGINEERING,AI-OPEN,2024,912584
69,"Government Engineering College, Sector 28 Gandhinagar",CIVIL ENGINEERING,OPEN,2024,30233
69,"Government Engineering College, Sector 28 Gandhinagar",CIVIL ENGINEERING,TFWS,2024,14852
69,"Government Engineering College, Sector 28 Gandhinagar",COMPUTER ENGINEERING,AI-OPEN,2024,900805
69,"Government Engineering College, Sector 28 Gandhinagar",COMPUTER ENGINEERING,AI-TFWS,2024,900678
69,"Government Engineering College, Sector 28 Gandhinagar",COMPUTER ENGINEERING,DEFENSE,2024,78
69,"Government Engineering College, Sector 28 Gandhinagar",COMPUTER ENGINEERING,EWS,2024,2930
69,"Government Engineering College, Sector 28 Gandhinagar",COMPUTER ENGINEERING,OPEN,2024,2576
69,"Government Engineering College, Sector 28 Gandhinagar",COMPUTER ENGINEERING,SC,2024,8709
69,"Government Engineering College, Sector 28 Gandhinagar",COMPUTER ENGINEERING,SEBC,2024,3489
69,"Government Engineering College, Sector 28 Gandhinagar",COMPUTER ENGINEERING,ST,2024,24289
69,"Government Engineering College, Sector 28 Gandhinagar",COMPUTER ENGINEERING,TFWS,2024,2018
69,"Government Engineering College, Sector 28 Gandhinagar",ELECTRICAL ENGINEERING,AI-OPEN,2024,920933
69,"Government Engineering College, Sector 28 Gandhinagar",ELECTRICAL ENGINEERING,OPEN,2024,30185
69,"Government Engineering College, Sector 28 Gandhinagar",ELECTRICAL ENGINEERING,TFWS,2024,18041
69,"Government Engineering College, Sector 28 Gandhinagar",ELECTRONICS & COMMUNICATION ENGINEERING,AI-OPEN,2024,902075
69,"Government Engineering College, Sector 28 Gandhinagar",ELECTRONICS & COMMUNICATION ENGINEERING,DEFENSE,2024,60
69,"Government Engineering College, Sector 28 Gandhinagar",ELECTRONICS & COMMUNICATION ENGINEERING,EWS,2024,17981
69,"Government Engineering College, Sector 28 Gandhinagar",ELECTRONICS & COMMUNICATION ENGINEERING,OPEN,2024,14733
69,"Government Engineering College, Sector 28 Gandhinagar",ELECTRONICS & COMMUNICATION ENGINEERING,SC,2024,30299
69,"Government Engineering College, Sector 28 Gandhinagar",ELECTRONICS & COMMUNICATION ENGINEERING,SEBC,2024,21626
69,"Government Engineering College, Sector 28 Gandhinagar",ELECTRONICS & COMMUNICATION ENGINEERING,TFWS,2024,9441
69,"Government Engineering College, Sector 28 Gandhinagar",INFORMATION TECHNOLOGY,AI-OPEN,2024,900825
69,"Government Engineering College, Sector 28 Gandhinagar",INFORMATION TECHNOLOGY,DEFENSE,2024,76
69,"Government Engineering College, Sector 28 Gandhinagar",INFORMATION TECHNOLOGY,EWS,2024,3345
69,"Government Engineering College, Sector 28 Gandhinagar",INFORMATION TECHNOLOGY,OPEN,2024,3162
69,"Government Engineering College, Sector 28 Gandhinagar",INFORMATION TECHNOLOGY,SC,2024,10411
69,"Government Engineering College, Sector 28 Gandhinagar",INFORMATION TECHNOLOGY,SEBC,2024,4295
69,"Government Engineering College, Sector 28 Gandhinagar",INFORMATION TECHNOLOGY,ST,2024,25215
69,"Government Engineering College, Sector 28 Gandhinagar",INFORMATION TECHNOLOGY,TFWS,2024,2134
69,"Government Engineering College, Sector 28 Gandhinagar",INSTRUMENTATION & CONTROL ENGINEERING,AI-OPEN,2024,921444
69,"Government Engineering College, Sector 28 Gandhinagar",INSTRUMENTATION & CONTROL ENGINEERING,OPEN,2024,29525
69,"Government Engineering College, Sector 28 Gandhinagar",METALLURGY,AI-OPEN,2024,909152
69,"Government Engineering College, Sector 28 Gandhinagar",METALLURGY,OPEN,2024,22154
69,"Government Engineering College, Sector 28 Gandhinagar",Mechanical Engineering,AI-OPEN,2024,904178
69,"Government Engineering College, Sector 28 Gandhinagar",Mechanical Engineering,EWS,2024,22216
69,"Government Engineering College, Sector 28 Gandhinagar",Mechanical Engineering,OPEN,2024,19822
69,"Government Engineering College, Sector 28 Gandhinagar",Mechanical Engineering,SC,2024,28709
69,"Government Engineering College, Sector 28 Gandhinagar",Mechanical Engineering,SEBC,2024,28509
69,"Government Engineering College, Sector 28 Gandhinagar",ROBOTICS AND AUTOMATION,AI-OPEN,2024,903352
69,"Government Engineering College, Sector 28 Gandhinagar",ROBOTICS AND AUTOMATION,EWS,2024,27097
69,"Government Engineering College, Sector 28 Gandhinagar",ROBOTICS AND AUTOMATION,OPEN,2024,19785
69,"Government Engineering College, Sector 28 Gandhinagar",ROBOTICS AND AUTOMATION,SC,2024,29498
69,"Government Engineering College, Sector 28 Gandhinagar",ROBOTICS AND AUTOMATION,SEBC,2024,29637
69,"Government Engineering College, Sector 28 Gandhinagar",ROBOTICS AND AUTOMATION,TFWS,2024,12377
70,"Government Engineering College, Valsad",CHEMICAL ENGINEERING,AI-OPEN,2024,921495
70,"Government Engineering College, Valsad",CHEMICAL ENGINEERING,AI-TFWS,2024,906906
70,"Government Engineering College, Valsad",CHEMICAL ENGINEERING,OPEN,2024,30439
70,"Government Engineering College, Valsad",CHEMICAL ENGINEERING,TFWS,2024,14409
70,"Government Engineering College, Valsad",CIVIL ENGINEERING,AI-OPEN,2024,921498
70,"Government Engineering College, Valsad",CIVIL ENGINEERING,OPEN,2024,29545
70,"Government Engineering College, Valsad",ELECTRICAL ENGINEERING,AI-OPEN,2024,910944
70,"Government Engineering College, Valsad",ELECTRICAL ENGINEERING,OPEN,2024,27190
70,"Government Engineering College, Valsad",ELECTRICAL ENGINEERING,SEBC,2024,30273
70,"Government Engineering College, Valsad",ELECTRICAL ENGINEERING,ST,2024,28423
70,"Government Engineering College, Valsad",ELECTRICAL ENGINEERING,TFWS,2024,14190
70,"Government Engineering College, Valsad",Mechanical Engineering,AI-OPEN,2024,921087
70,"Government Engineering College, Valsad",Mechanical Engineering,OPEN,2024,30251
71,"Graduate School of Engineering and Technology, Chandkheda Ahmedabad",COMPUTER ENGINEERING,EWS,2024,13497
71,"Graduate School of Engineering and Technology, Chandkheda Ahmedabad",COMPUTER ENGINEERING,OPEN,2024,10825
71,"Graduate School of Engineering and Technology, Chandkheda Ahmedabad",COMPUTER ENGINEERING,SC,2024,16101
71,"Graduate School of Engineering and Technology, Chandkheda Ahmedabad",COMPUTER ENGINEERING,SEBC,2024,19869
71,"Graduate School of Engineering and Technology, Chandkheda Ahmedabad",COMPUTER ENGINEERING,TFWS,2024,4664
72,"Grow More Faculty of Engineering, Berna, Himmatnagar",COMPUTER ENGINEERING,OPEN,2024,26485
72,"Grow More Faculty of Engineering, Berna, Himmatnagar",INFORMATION TECHNOLOGY,OPEN,2024,29721
73,"Gujarat Power Engg. And Res. Inst. (Gperi) (Ppp), Mevad, Mehsana",CIVIL ENGINEERING,OPEN,2024,28545
73,"Gujarat Power Engg. And Res. Inst. (Gperi) (Ppp), Mevad, Mehsana",COMPUTER ENGINEERING,OPEN,2024,30522
73,"Gujarat Power Engg. And Res. Inst. (Gperi) (Ppp), Mevad, Mehsana",COMPUTER ENGINEERING,TFWS,2024,13145
73,"Gujarat Power Engg. And Res. Inst. (Gperi) (Ppp), Mevad, Mehsana",COMPUTER ENGINEERING- GUJARATI,OPEN,2024,24295
73,"Gujarat Power Engg. And Res. Inst. (Gperi) (Ppp), Mevad, Mehsana",ELECTRICAL ENGINEERING,OPEN,2024,27183
73,"Gujarat Power Engg. And Res. Inst. (Gperi) (Ppp), Mevad, Mehsana",MECHANICAL ENGINEERING,OPEN,2024,24914
75,"Hansaba College Of Engieering And Technology, Siddhpur",COMPUTER ENGINEERING,OPEN,2024,22398
75,"Hansaba College Of Engieering And Technology, Siddhpur",INFORMATION TECHNOLOGY,OPEN,2024,22465
76,"Hasmukh Goswami College Of Engg, Vahelal",COMPUTER ENGINEERING,OPEN,2024,26838
77,"Hjd Institute Of Technical Education And Reserch, Kera",COMPUTER SCIENCE & ENGINEERING,OPEN,2024,24966
78,"ITM (SLS) Baroda University (Formerly Known as ITM Universe), Vadodara",COMPUTER SCIENCE & ENGINEERING,OPEN,2024,30517
78,"ITM (SLS) Baroda University (Formerly Known as ITM Universe), Vadodara",COMPUTER SCIENCE & ENGINEERING,TFWS,2024,10538
78,"ITM (SLS) Baroda University (Formerly Known as ITM Universe), Vadodara",COMPUTER SCIENCE & ENGINEERING (ARTIFICIAL INTELLIGENCE),OPEN,2024,28559
78,"ITM (SLS) Baroda University (Formerly Known as ITM Universe), Vadodara",COMPUTER SCIENCE & ENGINEERING (CYBER SECURITY),OPEN,2024,20854
78,"ITM (SLS) Baroda University (Formerly Known as ITM Universe), Vadodara",INFORMATION TECHNOLOGY,OPEN,2024,28956
79,"ITM Vocational University, Waghodia, Dist: Vadodara",COMPUTER ENGINEERING (Data Science),OPEN,2024,29757
79,"ITM Vocational University, Waghodia, Dist: Vadodara",MECHANICAL ENGINEERING (CAD & ADV. CNC.),OPEN,2024,17036
80,"Indus Institute Of Tech. & Engg., Racharda, Ahmedabad",AUTOMOBILE ENGINEERING,OPEN,2024,30498
80,"Indus Institute Of Tech. & Engg., Racharda, Ahmedabad",COMPUTER ENGINEERING,OPEN,2024,30455
80,"Indus Institute Of Tech. & Engg., Racharda, Ahmedabad",COMPUTER ENGINEERING,TFWS,2024,5015
80,"Indus Institute Of Tech. & Engg., Racharda, Ahmedabad",COMPUTER SCIENCE & ENGINEERING,OPEN,2024,30460
80,"Indus Institute Of Tech. & Engg., Racharda, Ahmedabad",COMPUTER SCIENCE & ENGINEERING,TFWS,2024,5294
80,"Indus Institute Of Tech. & Engg., Racharda, Ahmedabad",CYBER SECURITY,OPEN,2024,30171
80,"Indus Institute Of Tech. & Engg., Racharda, Ahmedabad",CYBER SECURITY,TFWS,2024,8028
80,"Indus Institute Of Tech. & Engg., Racharda, Ahmedabad",ELECTRICAL ENGINEERING,OPEN,2024,16044
80,"Indus Institute Of Tech. & Engg., Racharda, Ahmedabad",ELECTRONICS & COMMUNICATION ENGINEERING,OPEN,2024,25953
80,"Indus Institute Of Tech. & Engg., Racharda, Ahmedabad",INFORMATION & COMMUNICATION TECHNOLOGY,OPEN,2024,26663
80,"Indus Institute Of Tech. & Engg., Racharda, Ahmedabad",INFORMATION & COMMUNICATION TECHNOLOGY,TFWS,2024,7007
80,"Indus Institute Of Tech. & Engg., Racharda, Ahmedabad",INFORMATION TECHNOLOGY,OPEN,2024,30323
80,"Indus Institute Of Tech. & Engg., Racharda, Ahmedabad",INFORMATION TECHNOLOGY,TFWS,2024,5811
80,"Indus Institute Of Tech. & Engg., Racharda, Ahmedabad",MECHANICAL ENGINEERING,OPEN,2024,20185
81,"Institute Of Technology, Nirma University Of Science & Technology, Ahmedabad",CHEMICAL ENGINEERING,EWS,2024,8761
81,"Institute Of Technology, Nirma University Of Science & Technology, Ahmedabad",CHEMICAL ENGINEERING,OPEN,2024,7244
81,"Institute Of Technology, Nirma University Of Science & Technology, Ahmedabad",CHEMICAL ENGINEERING,SC,2024,18467
81,"Institute Of Technology, Nirma University Of Science & Technology, Ahmedabad",CHEMICAL ENGINEERING,SEBC,2024,14412
81,"Institute Of Technology, Nirma University Of Science & Technology, Ahmedabad",CHEMICAL ENGINEERING,TFWS,2024,1100
81,"Institute Of Technology, Nirma University Of Science & Technology, Ahmedabad",CIVIL ENGINEERING,EWS,2024,26919
81,"Institute Of Technology, Nirma University Of Science & Technology, Ahmedabad",CIVIL ENGINEERING,OPEN,2024,16780
81,"Institute Of Technology, Nirma University Of Science & Technology, Ahmedabad",CIVIL ENGINEERING,SC,2024,25948
81,"Institute Of Technology, Nirma University Of Science & Technology, Ahmedabad",CIVIL ENGINEERING,SEBC,2024,29434
81,"Institute Of Technology, Nirma University Of Science & Technology, Ahmedabad",CIVIL ENGINEERING,ST,2024,27562
81,"Institute Of Technology, Nirma University Of Science & Technology, Ahmedabad",CIVIL ENGINEERING,TFWS,2024,2264
81,"Institute Of Technology, Nirma University Of Science & Technology, Ahmedabad",COMPUTER SCIENCE & ENGINEERING,DEFENSE,2024,92
81,"Institute Of Technology, Nirma University Of Science & Technology, Ahmedabad",COMPUTER SCIENCE & ENGINEERING,EWS,2024,340
81,"Institute Of Technology, Nirma University Of Science & Technology, Ahmedabad",COMPUTER SCIENCE & ENGINEERING,OPEN,2024,228
81,"Institute Of Technology, Nirma University Of Science & Technology, Ahmedabad",COMPUTER SCIENCE & ENGINEERING,SC,2024,1316
81,"Institute Of Technology, Nirma University Of Science & Technology, Ahmedabad",COMPUTER SCIENCE & ENGINEERING,SEBC,2024,865
81,"Institute Of Technology, Nirma University Of Science & Technology, Ahmedabad",COMPUTER SCIENCE & ENGINEERING,ST,2024,17793
81,"Institute Of Technology, Nirma University Of Science & Technology, Ahmedabad",COMPUTER SCIENCE & ENGINEERING,TFWS,2024,99
81,"Institute Of Technology, Nirma University Of Science & Technology, Ahmedabad",ELECTRICAL ENGINEERING,DEFENSE,2024,76
81,"Institute Of Technology, Nirma University Of Science & Technology, Ahmedabad",ELECTRICAL ENGINEERING,EWS,2024,10784
81,"Institute Of Technology, Nirma University Of Science & Technology, Ahmedabad",ELECTRICAL ENGINEERING,OPEN,2024,8448
81,"Institute Of Technology, Nirma University Of Science & Technology, Ahmedabad",ELECTRICAL ENGINEERING,SC,2024,21813
81,"Institute Of Technology, Nirma University Of Science & Technology, Ahmedabad",ELECTRICAL ENGINEERING,SEBC,2024,26960
81,"Institute Of Technology, Nirma University Of Science & Technology, Ahmedabad",ELECTRICAL ENGINEERING,ST,2024,16173
81,"Institute Of Technology, Nirma University Of Science & Technology, Ahmedabad",ELECTRICAL ENGINEERING,TFWS,2024,2221
81,"Institute Of Technology, Nirma University Of Science & Technology, Ahmedabad",ELECTRONICS & COMMUNICATION ENGINEERING,DEFENSE,2024,84
81,"Institute Of Technology, Nirma University Of Science & Technology, Ahmedabad",ELECTRONICS & COMMUNICATION ENGINEERING,EWS,2024,2549
81,"Institute Of Technology, Nirma University Of Science & Technology, Ahmedabad",ELECTRONICS & COMMUNICATION ENGINEERING,OPEN,2024,1972
81,"Institute Of Technology, Nirma University Of Science & Technology, Ahmedabad",ELECTRONICS & COMMUNICATION ENGINEERING,SC,2024,4743
81,"Institute Of Technology, Nirma University Of Science & Technology, Ahmedabad",ELECTRONICS & COMMUNICATION ENGINEERING,SEBC,2024,5444
81,"Institute Of Technology, Nirma University Of Science & Technology, Ahmedabad",ELECTRONICS & COMMUNICATION ENGINEERING,ST,2024,23670
81,"Institute Of Technology, Nirma University Of Science & Technology, Ahmedabad",ELECTRONICS & COMMUNICATION ENGINEERING,TFWS,2024,646
81,"Institute Of Technology, Nirma University Of Science & Technology, Ahmedabad",ELECTRONICS & INSTRUMENTATION ENGINEERING,EWS,2024,5722
81,"Institute Of Technology, Nirma University Of Science & Technology, Ahmedabad",ELECTRONICS & INSTRUMENTATION ENGINEERING,OPEN,2024,4645
81,"Institute Of Technology, Nirma University Of Science & Technology, Ahmedabad",ELECTRONICS & INSTRUMENTATION ENGINEERING,SC,2024,14012
81,"Institute Of Technology, Nirma University Of Science & Technology, Ahmedabad",ELECTRONICS & INSTRUMENTATION ENGINEERING,SEBC,2024,16253
81,"Institute Of Technology, Nirma University Of Science & Technology, Ahmedabad",ELECTRONICS & INSTRUMENTATION ENGINEERING,TFWS,2024,1788
81,"Institute Of Technology, Nirma University Of Science & Technology, Ahmedabad",MECHANICAL ENGINEERING,DEFENSE,2024,78
81,"Institute Of Technology, Nirma University Of Science & Technology, Ahmedabad",MECHANICAL ENGINEERING,EWS,2024,8898
81,"Institute Of Technology, Nirma University Of Science & Technology, Ahmedabad",MECHANICAL ENGINEERING,OPEN,2024,6251
81,"Institute Of Technology, Nirma University Of Science & Technology, Ahmedabad",MECHANICAL ENGINEERING,SC,2024,20093
81,"Institute Of Technology, Nirma University Of Science & Technology, Ahmedabad",MECHANICAL ENGINEERING,SEBC,2024,18526
81,"Institute Of Technology, Nirma University Of Science & Technology, Ahmedabad",MECHANICAL ENGINEERING,ST,2024,29893
81,"Institute Of Technology, Nirma University Of Science & Technology, Ahmedabad",MECHANICAL ENGINEERING,TFWS,2024,1799
82,"Institute of Advanced Research, Gandhinagar",BIOTECHNOLOGY,OPEN,2024,29391
82,"Institute of Advanced Research, Gandhinagar",BIOTECHNOLOGY,TFWS,2024,9582
82,"Institute of Advanced Research, Gandhinagar",CHEMICAL ENGINEERING,OPEN,2024,27014
82,"Institute of Advanced Research, Gandhinagar",COMPUTER ENGINEERING,EWS,2024,28821
82,"Institute of Advanced Research, Gandhinagar",COMPUTER ENGINEERING,OPEN,2024,28249
82,"Institute of Advanced Research, Gandhinagar",COMPUTER ENGINEERING,SEBC,2024,30383
82,"Institute of Advanced Research, Gandhinagar",COMPUTER ENGINEERING,TFWS,2024,5702
82,"Institute of Advanced Research, Gandhinagar",INFORMATION TECHNOLOGY,OPEN,2024,28968
82,"Institute of Advanced Research, Gandhinagar",INFORMATION TECHNOLOGY,TFWS,2024,6770
83,"Institute of Infrastructure, Tech., Research & Management (IITRAM), Maninagar, Ahmedabad",CIVIL ENGINEERING,OPEN,2024,29918
83,"Institute of Infrastructure, Tech., Research & Management (IITRAM), Maninagar, Ahmedabad",CIVIL ENGINEERING,TFWS,2024,23533
83,"Institute of Infrastructure, Tech., Research & Management (IITRAM), Maninagar, Ahmedabad",COMPUTER ENGINEERING,EWS,2024,2846
83,"Institute of Infrastructure, Tech., Research & Management (IITRAM), Maninagar, Ahmedabad",COMPUTER ENGINEERING,OPEN,2024,2447
83,"Institute of Infrastructure, Tech., Research & Management (IITRAM), Maninagar, Ahmedabad",COMPUTER ENGINEERING,SC,2024,10059
83,"Institute of Infrastructure, Tech., Research & Management (IITRAM), Maninagar, Ahmedabad",COMPUTER ENGINEERING,SEBC,2024,4126
83,"Institute of Infrastructure, Tech., Research & Management (IITRAM), Maninagar, Ahmedabad",COMPUTER ENGINEERING,ST,2024,21492
83,"Institute of Infrastructure, Tech., Research & Management (IITRAM), Maninagar, Ahmedabad",COMPUTER ENGINEERING,TFWS,2024,1113
83,"Institute of Infrastructure, Tech., Research & Management (IITRAM), Maninagar, Ahmedabad",ELECTRICAL ENGINEERING,OPEN,2024,30119
83,"Institute of Infrastructure, Tech., Research & Management (IITRAM), Maninagar, Ahmedabad",ELECTRICAL ENGINEERING,TFWS,2024,15373
83,"Institute of Infrastructure, Tech., Research & Management (IITRAM), Maninagar, Ahmedabad",MECHANICAL ENGINEERING,OPEN,2024,30400
83,"Institute of Infrastructure, Tech., Research & Management (IITRAM), Maninagar, Ahmedabad",MECHANICAL ENGINEERING,TFWS,2024,13878
84,Ipcowala Institute Of Engineering And Technology Dharmaj,COMPUTER ENGINEERING,OPEN,2024,29871
86,"K.J. Institute Of Engg. And Tech., Savali",COMPUTER ENGINEERING,OPEN,2024,29236
86,"K.J. Institute Of Engg. And Tech., Savali",INFORMATION TECHNOLOGY,OPEN,2024,23451
88,"Kalol Institute Of Tech. & Research Center ,Kalol",COMPUTER ENGINEERING,OPEN,2024,28996
88,"Kalol Institute Of Tech. & Research Center ,Kalol",ELECTRONICS & COMMUNICATION (Communication system engg.),OPEN,2024,24595
88,"Kalol Institute Of Tech. & Research Center ,Kalol",INFORMATION TECHNOLOGY,OPEN,2024,30526
91,"Krishna School of Emerging Technology & Applied Research (Formerly Known as Babaria Institute Of Technology) , Varnama, Vadodara",CIVIL ENGINEERING,OPEN,2024,28018
91,"Krishna School of Emerging Technology & Applied Research (Formerly Known as Babaria Institute Of Technology) , Varnama, Vadodara",COMPUTER SCIENCE & ENGINEERING,OPEN,2024,30499
91,"Krishna School of Emerging Technology & Applied Research (Formerly Known as Babaria Institute Of Technology) , Varnama, Vadodara",COMPUTER SCIENCE & ENGINEERING,TFWS,2024,10117
91,"Krishna School of Emerging Technology & Applied Research (Formerly Known as Babaria Institute Of Technology) , Varnama, Vadodara",INFORMATION TECHNOLOGY,OPEN,2024,28060
91,"Krishna School of Emerging Technology & Applied Research (Formerly Known as Babaria Institute Of Technology) , Varnama, Vadodara",MECHANICAL ENGINEERING,OPEN,2024,25974
92,"Krishna School of Technology, Varnama, Vadodara",AERONAUTICAL ENGINEERING,TFWS,2024,26830
92,"Krishna School of Technology, Varnama, Vadodara",CHEMICAL ENGINEERING,TFWS,2024,23691
92,"Krishna School of Technology, Varnama, Vadodara",COMPUTER ENGINEERING,OPEN,2024,29590
92,"Krishna School of Technology, Varnama, Vadodara",COMPUTER ENGINEERING,TFWS,2024,12090
92,"Krishna School of Technology, Varnama, Vadodara",COMPUTER ENGINEERING (ARTIFICIAL INTELLIGENCE),TFWS,2024,21980
92,"Krishna School of Technology, Varnama, Vadodara",COMPUTER SCIENCE & ENGINEERING (CYBER SECURITY),TFWS,2024,12920
92,"Krishna School of Technology, Varnama, Vadodara",FOOD TECHNOLOGY,OPEN,2024,29390
92,"Krishna School of Technology, Varnama, Vadodara",FOOD TECHNOLOGY,TFWS,2024,12235
93,"L.D.College Of Engineering, Ahmedabad",ARTIFICIAL INTELLIGENCE(AI) AND MACHINE LEARNING,AI-OPEN,2024,900444
93,"L.D.College Of Engineering, Ahmedabad",ARTIFICIAL INTELLIGENCE(AI) AND MACHINE LEARNING,DEFENSE,2024,80
93,"L.D.College Of Engineering, Ahmedabad",ARTIFICIAL INTELLIGENCE(AI) AND MACHINE LEARNING,EWS,2024,1882
93,"L.D.College Of Engineering, Ahmedabad",ARTIFICIAL INTELLIGENCE(AI) AND MACHINE LEARNING,OPEN,2024,1596
93,"L.D.College Of Engineering, Ahmedabad",ARTIFICIAL INTELLIGENCE(AI) AND MACHINE LEARNING,SC,2024,5820
93,"L.D.College Of Engineering, Ahmedabad",ARTIFICIAL INTELLIGENCE(AI) AND MACHINE LEARNING,SEBC,2024,2780
93,"L.D.College Of Engineering, Ahmedabad",ARTIFICIAL INTELLIGENCE(AI) AND MACHINE LEARNING,ST,2024,19646
93,"L.D.College Of Engineering, Ahmedabad",ARTIFICIAL INTELLIGENCE(AI) AND MACHINE LEARNING,TFWS,2024,825
93,"L.D.College Of Engineering, Ahmedabad",AUTOMOBILE ENGINEERING,AI-OPEN,2024,921303
93,"L.D.College Of Engineering, Ahmedabad",AUTOMOBILE ENGINEERING,OPEN,2024,30428
93,"L.D.College Of Engineering, Ahmedabad",AUTOMOBILE ENGINEERING,TFWS,2024,15314
93,"L.D.College Of Engineering, Ahmedabad",BIOMEDICAL ENGINEERING,AI-OPEN,2024,921142
93,"L.D.College Of Engineering, Ahmedabad",BIOMEDICAL ENGINEERING,OPEN,2024,29622
93,"L.D.College Of Engineering, Ahmedabad",BIOMEDICAL ENGINEERING,TFWS,2024,16559
93,"L.D.College Of Engineering, Ahmedabad",CHEMICAL ENGINEERING,AI-OPEN,2024,901042
93,"L.D.College Of Engineering, Ahmedabad",CHEMICAL ENGINEERING,DEFENSE,2024,80
93,"L.D.College Of Engineering, Ahmedabad",CHEMICAL ENGINEERING,EWS,2024,5922
93,"L.D.College Of Engineering, Ahmedabad",CHEMICAL ENGINEERING,OPEN,2024,4862
93,"L.D.College Of Engineering, Ahmedabad",CHEMICAL ENGINEERING,SC,2024,16523
93,"L.D.College Of Engineering, Ahmedabad",CHEMICAL ENGINEERING,SEBC,2024,10836
93,"L.D.College Of Engineering, Ahmedabad",CHEMICAL ENGINEERING,ST,2024,22257
93,"L.D.College Of Engineering, Ahmedabad",CHEMICAL ENGINEERING,TFWS,2024,2666
93,"L.D.College Of Engineering, Ahmedabad",CIVIL ENGINEERING,AI-OPEN,2024,902786
93,"L.D.College Of Engineering, Ahmedabad",CIVIL ENGINEERING,AI-TFWS,2024,902729
93,"L.D.College Of Engineering, Ahmedabad",CIVIL ENGINEERING,DEFENSE,2024,56
93,"L.D.College Of Engineering, Ahmedabad",CIVIL ENGINEERING,EWS,2024,11026
93,"L.D.College Of Engineering, Ahmedabad",CIVIL ENGINEERING,OPEN,2024,7682
93,"L.D.College Of Engineering, Ahmedabad",CIVIL ENGINEERING,SC,2024,12394
93,"L.D.College Of Engineering, Ahmedabad",CIVIL ENGINEERING,SEBC,2024,11693
93,"L.D.College Of Engineering, Ahmedabad",CIVIL ENGINEERING,ST,2024,17169
93,"L.D.College Of Engineering, Ahmedabad",CIVIL ENGINEERING,TFWS,2024,3175
93,"L.D.College Of Engineering, Ahmedabad",COMPUTER ENGINEERING,AI-OPEN,2024,900281
93,"L.D.College Of Engineering, Ahmedabad",COMPUTER ENGINEERING,AI-TFWS,2024,900292
93,"L.D.College Of Engineering, Ahmedabad",COMPUTER ENGINEERING,DEFENSE,2024,95
93,"L.D.College Of Engineering, Ahmedabad",COMPUTER ENGINEERING,EWS,2024,684
93,"L.D.College Of Engineering, Ahmedabad",COMPUTER ENGINEERING,OPEN,2024,586
93,"L.D.College Of Engineering, Ahmedabad",COMPUTER ENGINEERING,SC,2024,2703
93,"L.D.College Of Engineering, Ahmedabad",COMPUTER ENGINEERING,SEBC,2024,1040
93,"L.D.College Of Engineering, Ahmedabad",COMPUTER ENGINEERING,ST,2024,12960
93,"L.D.College Of Engineering, Ahmedabad",COMPUTER ENGINEERING,TFWS,2024,302
93,"L.D.College Of Engineering, Ahmedabad",ELECTRICAL ENGINEERING,AI-OPEN,2024,901646
93,"L.D.College Of Engineering, Ahmedabad",ELECTRICAL ENGINEERING,AI-TFWS,2024,901071
93,"L.D.College Of Engineering, Ahmedabad",ELECTRICAL ENGINEERING,DEFENSE,2024,54
93,"L.D.College Of Engineering, Ahmedabad",ELECTRICAL ENGINEERING,EWS,2024,10200
93,"L.D.College Of Engineering, Ahmedabad",ELECTRICAL ENGINEERING,OPEN,2024,8062
93,"L.D.College Of Engineering, Ahmedabad",ELECTRICAL ENGINEERING,SC,2024,16067
93,"L.D.College Of Engineering, Ahmedabad",ELECTRICAL ENGINEERING,SEBC,2024,14264
93,"L.D.College Of Engineering, Ahmedabad",ELECTRICAL ENGINEERING,ST,2024,24066
93,"L.D.College Of Engineering, Ahmedabad",ELECTRICAL ENGINEERING,TFWS,2024,2897
93,"L.D.College Of Engineering, Ahmedabad",ELECTRONICS & COMMUNICATION ENGINEERING,AI-OPEN,2024,900606
93,"L.D.College Of Engineering, Ahmedabad",ELECTRONICS & COMMUNICATION ENGINEERING,DEFENSE,2024,82
93,"L.D.College Of Engineering, Ahmedabad",ELECTRONICS & COMMUNICATION ENGINEERING,EWS,2024,4579
93,"L.D.College Of Engineering, Ahmedabad",ELECTRONICS & COMMUNICATION ENGINEERING,OPEN,2024,4081
93,"L.D.College Of Engineering, Ahmedabad",ELECTRONICS & COMMUNICATION ENGINEERING,SC,2024,13678
93,"L.D.College Of Engineering, Ahmedabad",ELECTRONICS & COMMUNICATION ENGINEERING,SEBC,2024,7026
93,"L.D.College Of Engineering, Ahmedabad",ELECTRONICS & COMMUNICATION ENGINEERING,ST,2024,29033
93,"L.D.College Of Engineering, Ahmedabad",ELECTRONICS & COMMUNICATION ENGINEERING,TFWS,2024,2433
93,"L.D.College Of Engineering, Ahmedabad",ENVIRONMENTAL ENGINEERING,AI-OPEN,2024,905112
93,"L.D.College Of Engineering, Ahmedabad",ENVIRONMENTAL ENGINEERING,EWS,2024,25248
93,"L.D.College Of Engineering, Ahmedabad",ENVIRONMENTAL ENGINEERING,OPEN,2024,20784
93,"L.D.College Of Engineering, Ahmedabad",ENVIRONMENTAL ENGINEERING,SC,2024,27733
93,"L.D.College Of Engineering, Ahmedabad",ENVIRONMENTAL ENGINEERING,SEBC,2024,29959
93,"L.D.College Of Engineering, Ahmedabad",ENVIRONMENTAL ENGINEERING,TFWS,2024,10401
93,"L.D.College Of Engineering, Ahmedabad",INFORMATION TECHNOLOGY,AI-OPEN,2024,900397
93,"L.D.College Of Engineering, Ahmedabad",INFORMATION TECHNOLOGY,DEFENSE,2024,88
93,"L.D.College Of Engineering, Ahmedabad",INFORMATION TECHNOLOGY,EWS,2024,1119
93,"L.D.College Of Engineering, Ahmedabad",INFORMATION TECHNOLOGY,OPEN,2024,1020
93,"L.D.College Of Engineering, Ahmedabad",INFORMATION TECHNOLOGY,SC,2024,3523
93,"L.D.College Of Engineering, Ahmedabad",INFORMATION TECHNOLOGY,SEBC,2024,1619
93,"L.D.College Of Engineering, Ahmedabad",INFORMATION TECHNOLOGY,ST,2024,14577
93,"L.D.College Of Engineering, Ahmedabad",INFORMATION TECHNOLOGY,TFWS,2024,664
93,"L.D.College Of Engineering, Ahmedabad",INSTRUMENTATION & CONTROL ENGINEERING,AI-OPEN,2024,902527
93,"L.D.College Of Engineering, Ahmedabad",INSTRUMENTATION & CONTROL ENGINEERING,DEFENSE,2024,24
93,"L.D.College Of Engineering, Ahmedabad",INSTRUMENTATION & CONTROL ENGINEERING,EWS,2024,19818
93,"L.D.College Of Engineering, Ahmedabad",INSTRUMENTATION & CONTROL ENGINEERING,OPEN,2024,15144
93,"L.D.College Of Engineering, Ahmedabad",INSTRUMENTATION & CONTROL ENGINEERING,SC,2024,30459
93,"L.D.College Of Engineering, Ahmedabad",INSTRUMENTATION & CONTROL ENGINEERING,SEBC,2024,24179
93,"L.D.College Of Engineering, Ahmedabad",INSTRUMENTATION & CONTROL ENGINEERING,ST,2024,28595
93,"L.D.College Of Engineering, Ahmedabad",INSTRUMENTATION & CONTROL ENGINEERING,TFWS,2024,6598
93,"L.D.College Of Engineering, Ahmedabad",MECHANICAL ENGINEERING,AI-OPEN,2024,901770
93,"L.D.College Of Engineering, Ahmedabad",MECHANICAL ENGINEERING,DEFENSE,2024,41
93,"L.D.College Of Engineering, Ahmedabad",MECHANICAL ENGINEERING,EWS,2024,7817
93,"L.D.College Of Engineering, Ahmedabad",MECHANICAL ENGINEERING,OPEN,2024,5937
93,"L.D.College Of Engineering, Ahmedabad",MECHANICAL ENGINEERING,SC,2024,16246
93,"L.D.College Of Engineering, Ahmedabad",MECHANICAL ENGINEERING,SEBC,2024,10532
93,"L.D.College Of Engineering, Ahmedabad",MECHANICAL ENGINEERING,ST,2024,29494
93,"L.D.College Of Engineering, Ahmedabad",MECHANICAL ENGINEERING,TFWS,2024,2057
93,"L.D.College Of Engineering, Ahmedabad",PLASTIC TECHNOLOGY,AI-OPEN,2024,920869
93,"L.D.College Of Engineering, Ahmedabad",PLASTIC TECHNOLOGY,OPEN,2024,21018
93,"L.D.College Of Engineering, Ahmedabad",ROBOTICS AND AUTOMATION,AI-OPEN,2024,900258
93,"L.D.College Of Engineering, Ahmedabad",ROBOTICS AND AUTOMATION,AI-TFWS,2024,901868
93,"L.D.College Of Engineering, Ahmedabad",ROBOTICS AND AUTOMATION,DEFENSE,2024,59
93,"L.D.College Of Engineering, Ahmedabad",ROBOTICS AND AUTOMATION,EWS,2024,9769
93,"L.D.College Of Engineering, Ahmedabad",ROBOTICS AND AUTOMATION,OPEN,2024,7411
93,"L.D.College Of Engineering, Ahmedabad",ROBOTICS AND AUTOMATION,SC,2024,16234
93,"L.D.College Of Engineering, Ahmedabad",ROBOTICS AND AUTOMATION,SEBC,2024,16053
93,"L.D.College Of Engineering, Ahmedabad",ROBOTICS AND AUTOMATION,ST,2024,28265
93,"L.D.College Of Engineering, Ahmedabad",ROBOTICS AND AUTOMATION,TFWS,2024,4418
93,"L.D.College Of Engineering, Ahmedabad",RUBBER TECHNOLOGY,AI-OPEN,2024,920410
93,"L.D.College Of Engineering, Ahmedabad",RUBBER TECHNOLOGY,OPEN,2024,28274
93,"L.D.College Of Engineering, Ahmedabad",TEXTILE TECHNOLOGY,AI-OPEN,2024,920007
93,"L.D.College Of Engineering, Ahmedabad",TEXTILE TECHNOLOGY,OPEN,2024,16836
94,"L.D.R.P. Institute Of Tech. & Research., Gandhinagar",CIVIL ENGINEERING,OPEN,2024,28030
94,"L.D.R.P. Institute Of Tech. & Research., Gandhinagar",COMPUTER ENGINEERING,DEFENSE,2024,24
94,"L.D.R.P. Institute Of Tech. & Research., Gandhinagar",COMPUTER ENGINEERING,EWS,2024,30509
94,"L.D.R.P. Institute Of Tech. & Research., Gandhinagar",COMPUTER ENGINEERING,OPEN,2024,25627
94,"L.D.R.P. Institute Of Tech. & Research., Gandhinagar",COMPUTER ENGINEERING,SC,2024,29337
94,"L.D.R.P. Institute Of Tech. & Research., Gandhinagar",COMPUTER ENGINEERING,SEBC,2024,30338
94,"L.D.R.P. Institute Of Tech. & Research., Gandhinagar",COMPUTER ENGINEERING,TFWS,2024,4858
94,"L.D.R.P. Institute Of Tech. & Research., Gandhinagar",ELECTRICAL ENGINEERING,OPEN,2024,29308
94,"L.D.R.P. Institute Of Tech. & Research., Gandhinagar",ELECTRONICS & COMMUNICATION ENGINEERING,OPEN,2024,30422
94,"L.D.R.P. Institute Of Tech. & Research., Gandhinagar",INFORMATION TECHNOLOGY,DEFENSE,2024,39
94,"L.D.R.P. Institute Of Tech. & Research., Gandhinagar",INFORMATION TECHNOLOGY,EWS,2024,25031
94,"L.D.R.P. Institute Of Tech. & Research., Gandhinagar",INFORMATION TECHNOLOGY,OPEN,2024,19571
94,"L.D.R.P. Institute Of Tech. & Research., Gandhinagar",INFORMATION TECHNOLOGY,SC,2024,29786
94,"L.D.R.P. Institute Of Tech. & Research., Gandhinagar",INFORMATION TECHNOLOGY,SEBC,2024,30423
94,"L.D.R.P. Institute Of Tech. & Research., Gandhinagar",INFORMATION TECHNOLOGY,ST,2024,28638
94,"L.D.R.P. Institute Of Tech. & Research., Gandhinagar",INFORMATION TECHNOLOGY,TFWS,2024,4349
94,"L.D.R.P. Institute Of Tech. & Research., Gandhinagar",MECHANICAL ENGINEERING,OPEN,2024,18598
95,"L.E.College ,Morbi",CHEMICAL ENGINEERING,AI-OPEN,2024,920920
95,"L.E.College ,Morbi",CHEMICAL ENGINEERING,OPEN,2024,29758
95,"L.E.College ,Morbi",CIVIL ENGINEERING,AI-OPEN,2024,921517
95,"L.E.College ,Morbi",CIVIL ENGINEERING,OPEN,2024,25988
95,"L.E.College ,Morbi",ELECTRICAL ENGINEERING,AI-OPEN,2024,917452
95,"L.E.College ,Morbi",ELECTRICAL ENGINEERING,OPEN,2024,21610
95,"L.E.College ,Morbi",INFORMATION TECHNOLOGY,AI-OPEN,2024,901828
95,"L.E.College ,Morbi",INFORMATION TECHNOLOGY,EWS,2024,12087
95,"L.E.College ,Morbi",INFORMATION TECHNOLOGY,OPEN,2024,11122
95,"L.E.College ,Morbi",INFORMATION TECHNOLOGY,SC,2024,27589
95,"L.E.College ,Morbi",INFORMATION TECHNOLOGY,SEBC,2024,13728
95,"L.E.College ,Morbi",INFORMATION TECHNOLOGY,TFWS,2024,7589
95,"L.E.College ,Morbi",MECHANICAL ENGINEERING,AI-OPEN,2024,919522
95,"L.E.College ,Morbi",MECHANICAL ENGINEERING,OPEN,2024,28980
96,"L.J. Institute Of Engg And Tech., Ahmedabad",ARTIFICIAL INTELLIGENCE AND DATA SCIENCE,DEFENSE,2024,32
96,"L.J. Institute Of Engg And Tech., Ahmedabad",ARTIFICIAL INTELLIGENCE AND DATA SCIENCE,EWS,2024,27692
96,"L.J. Institute Of Engg And Tech., Ahmedabad",ARTIFICIAL INTELLIGENCE AND DATA SCIENCE,OPEN,2024,21362
96,"L.J. Institute Of Engg And Tech., Ahmedabad",ARTIFICIAL INTELLIGENCE AND DATA SCIENCE,SC,2024,27165
96,"L.J. Institute Of Engg And Tech., Ahmedabad",ARTIFICIAL INTELLIGENCE AND DATA SCIENCE,SEBC,2024,29432
96,"L.J. Institute Of Engg And Tech., Ahmedabad",ARTIFICIAL INTELLIGENCE(AI) AND MACHINE LEARNING,EWS,2024,23787
96,"L.J. Institute Of Engg And Tech., Ahmedabad",ARTIFICIAL INTELLIGENCE(AI) AND MACHINE LEARNING,OPEN,2024,21276
96,"L.J. Institute Of Engg And Tech., Ahmedabad",ARTIFICIAL INTELLIGENCE(AI) AND MACHINE LEARNING,SC,2024,29865
96,"L.J. Institute Of Engg And Tech., Ahmedabad",ARTIFICIAL INTELLIGENCE(AI) AND MACHINE LEARNING,SEBC,2024,29880
96,"L.J. Institute Of Engg And Tech., Ahmedabad",CHEMICAL ENGINEERING,OPEN,2024,27445
96,"L.J. Institute Of Engg And Tech., Ahmedabad",CIVIL ENGINEERING,OPEN,2024,30044
96,"L.J. Institute Of Engg And Tech., Ahmedabad",COMPUTER ENGINEERING,DEFENSE,2024,69
96,"L.J. Institute Of Engg And Tech., Ahmedabad",COMPUTER ENGINEERING,EWS,2024,7998
96,"L.J. Institute Of Engg And Tech., Ahmedabad",COMPUTER ENGINEERING,OPEN,2024,6361
96,"L.J. Institute Of Engg And Tech., Ahmedabad",COMPUTER ENGINEERING,SC,2024,18473
96,"L.J. Institute Of Engg And Tech., Ahmedabad",COMPUTER ENGINEERING,SEBC,2024,12242
96,"L.J. Institute Of Engg And Tech., Ahmedabad",COMPUTER ENGINEERING,TFWS,2024,3056
96,"L.J. Institute Of Engg And Tech., Ahmedabad",COMPUTER ENGINEERING & APPLICATION,OPEN,2024,30452
96,"L.J. Institute Of Engg And Tech., Ahmedabad",COMPUTER SCIENCE & DESIGN,OPEN,2024,30525
96,"L.J. Institute Of Engg And Tech., Ahmedabad",COMPUTER SCIENCE & ENGINEERING,DEFENSE,2024,77
96,"L.J. Institute Of Engg And Tech., Ahmedabad",COMPUTER SCIENCE & ENGINEERING,EWS,2024,9238
96,"L.J. Institute Of Engg And Tech., Ahmedabad",COMPUTER SCIENCE & ENGINEERING,OPEN,2024,7959
96,"L.J. Institute Of Engg And Tech., Ahmedabad",COMPUTER SCIENCE & ENGINEERING,SC,2024,14562
96,"L.J. Institute Of Engg And Tech., Ahmedabad",COMPUTER SCIENCE & ENGINEERING,SEBC,2024,14728
96,"L.J. Institute Of Engg And Tech., Ahmedabad",COMPUTER SCIENCE & ENGINEERING,ST,2024,29110
96,"L.J. Institute Of Engg And Tech., Ahmedabad",COMPUTER SCIENCE & ENGINEERING,TFWS,2024,3350
96,"L.J. Institute Of Engg And Tech., Ahmedabad",COMPUTER SCIENCE & INFORMATION TECHNOLOGY,DEFENSE,2024,40
96,"L.J. Institute Of Engg And Tech., Ahmedabad",COMPUTER SCIENCE & INFORMATION TECHNOLOGY,EWS,2024,13179
96,"L.J. Institute Of Engg And Tech., Ahmedabad",COMPUTER SCIENCE & INFORMATION TECHNOLOGY,OPEN,2024,11604
96,"L.J. Institute Of Engg And Tech., Ahmedabad",COMPUTER SCIENCE & INFORMATION TECHNOLOGY,SC,2024,17936
96,"L.J. Institute Of Engg And Tech., Ahmedabad",COMPUTER SCIENCE & INFORMATION TECHNOLOGY,SEBC,2024,18447
96,"L.J. Institute Of Engg And Tech., Ahmedabad",COMPUTER SCIENCE & INFORMATION TECHNOLOGY,TFWS,2024,3259
96,"L.J. Institute Of Engg And Tech., Ahmedabad",COMPUTER SCIENCE & TECHNOLOGY,DEFENSE,2024,47
96,"L.J. Institute Of Engg And Tech., Ahmedabad",COMPUTER SCIENCE & TECHNOLOGY,EWS,2024,22143
96,"L.J. Institute Of Engg And Tech., Ahmedabad",COMPUTER SCIENCE & TECHNOLOGY,OPEN,2024,18693
96,"L.J. Institute Of Engg And Tech., Ahmedabad",COMPUTER SCIENCE & TECHNOLOGY,SC,2024,28402
96,"L.J. Institute Of Engg And Tech., Ahmedabad",COMPUTER SCIENCE & TECHNOLOGY,SEBC,2024,29544
96,"L.J. Institute Of Engg And Tech., Ahmedabad",COMPUTER SCIENCE & TECHNOLOGY,TFWS,2024,3910
96,"L.J. Institute Of Engg And Tech., Ahmedabad",ELECTRONICS & COMMUNICATION ENGINEERING,OPEN,2024,30015
96,"L.J. Institute Of Engg And Tech., Ahmedabad",INFORMATION TECHNOLOGY,DEFENSE,2024,29
96,"L.J. Institute Of Engg And Tech., Ahmedabad",INFORMATION TECHNOLOGY,EWS,2024,10064
96,"L.J. Institute Of Engg And Tech., Ahmedabad",INFORMATION TECHNOLOGY,OPEN,2024,8938
96,"L.J. Institute Of Engg And Tech., Ahmedabad",INFORMATION TECHNOLOGY,SC,2024,16617
96,"L.J. Institute Of Engg And Tech., Ahmedabad",INFORMATION TECHNOLOGY,SEBC,2024,17126
96,"L.J. Institute Of Engg And Tech., Ahmedabad",INFORMATION TECHNOLOGY,ST,2024,22036
96,"L.J. Institute Of Engg And Tech., Ahmedabad",INFORMATION TECHNOLOGY,TFWS,2024,3437
96,"L.J. Institute Of Engg And Tech., Ahmedabad",MECHANICAL ENGINEERING,OPEN,2024,30134
96,"L.J. Institute Of Engg And Tech., Ahmedabad",ROBOTICS & ARTIFICIAL INTELLIGENCE,OPEN,2024,30432
97,"Laljibhai Chaturbhai Institute Of Tech., Bhandu, Mahesana",COMPUTER SCIENCE & ENGINEERING,OPEN,2024,23233
98,"Laxmi Institute Of Technology, Sarigam, Valsad",COMPUTER SCIENCE & ENGINEERING,OPEN,2024,30186
98,"Laxmi Institute Of Technology, Sarigam, Valsad",COMPUTER SCIENCE & ENGINEERING,TFWS,2024,13958
98,"Laxmi Institute Of Technology, Sarigam, Valsad",INFORMATION TECHNOLOGY,OPEN,2024,28931
98,"Laxmi Institute Of Technology, Sarigam, Valsad",INFORMATION TECHNOLOGY,TFWS,2024,12345
99,"Madhuben & Bhanubhai Patel Institute of Technology, New V.V.Nagar",COMPUTER ENGINEERING,OPEN,2024,30427
99,"Madhuben & Bhanubhai Patel Institute of Technology, New V.V.Nagar",COMPUTER ENGINEERING,TFWS,2024,6039
99,"Madhuben & Bhanubhai Patel Institute of Technology, New V.V.Nagar",INFORMATION TECHNOLOGY,OPEN,2024,30308
99,"Madhuben & Bhanubhai Patel Institute of Technology, New V.V.Nagar",INFORMATION TECHNOLOGY,TFWS,2024,6700
101,"Mahatma Gandhi Inst.Of Technical Edu. And Research Center,Navsari",COMPUTER ENGINEERING,OPEN,2024,29908
103,"Mahavir Swami College Of Engineering & Technology, Bharthana-Vesu, Surat",COMPUTER ENGINEERING,OPEN,2024,28892
106,"Marwadi Education Foundation's Group of Institutions - Faculty of Engineering & Technology, Rajkot",BIOINFORMATICS,OPEN,2024,24864
106,"Marwadi Education Foundation's Group of Institutions - Faculty of Engineering & Technology, Rajkot",BIOINFORMATICS,TFWS,2024,4457
106,"Marwadi Education Foundation's Group of Institutions - Faculty of Engineering & Technology, Rajkot",CHEMICAL ENGINEERING,TFWS,2024,21105
106,"Marwadi Education Foundation's Group of Institutions - Faculty of Engineering & Technology, Rajkot",CIVIL ENGINEERING,OPEN,2024,30497
106,"Marwadi Education Foundation's Group of Institutions - Faculty of Engineering & Technology, Rajkot",CIVIL ENGINEERING,TFWS,2024,14948
106,"Marwadi Education Foundation's Group of Institutions - Faculty of Engineering & Technology, Rajkot",COMPUTER ENGINEERING,AI-OPEN,2024,921562
106,"Marwadi Education Foundation's Group of Institutions - Faculty of Engineering & Technology, Rajkot",COMPUTER ENGINEERING,AI-TFWS,2024,901945
106,"Marwadi Education Foundation's Group of Institutions - Faculty of Engineering & Technology, Rajkot",COMPUTER ENGINEERING,OPEN,2024,30315
106,"Marwadi Education Foundation's Group of Institutions - Faculty of Engineering & Technology, Rajkot",COMPUTER ENGINEERING,TFWS,2024,9221
106,"Marwadi Education Foundation's Group of Institutions - Faculty of Engineering & Technology, Rajkot",Computer Engineering (Artificial Intelligence),AI-OPEN,2024,921322
106,"Marwadi Education Foundation's Group of Institutions - Faculty of Engineering & Technology, Rajkot",Computer Engineering (Artificial Intelligence),AI-TFWS,2024,902753
106,"Marwadi Education Foundation's Group of Institutions - Faculty of Engineering & Technology, Rajkot",Computer Engineering (Artificial Intelligence),OPEN,2024,27691
106,"Marwadi Education Foundation's Group of Institutions - Faculty of Engineering & Technology, Rajkot",Computer Engineering (Artificial Intelligence),TFWS,2024,9552
106,"Marwadi Education Foundation's Group of Institutions - Faculty of Engineering & Technology, Rajkot",ELECTRICAL ENGINEERING,AI-OPEN,2024,916116
106,"Marwadi Education Foundation's Group of Institutions - Faculty of Engineering & Technology, Rajkot",INFORMATION & COMMUNICATION TECHNOLOGY,AI-OPEN,2024,921339
106,"Marwadi Education Foundation's Group of Institutions - Faculty of Engineering & Technology, Rajkot",INFORMATION & COMMUNICATION TECHNOLOGY,OPEN,2024,29045
106,"Marwadi Education Foundation's Group of Institutions - Faculty of Engineering & Technology, Rajkot",INFORMATION & COMMUNICATION TECHNOLOGY,TFWS,2024,8661
106,"Marwadi Education Foundation's Group of Institutions - Faculty of Engineering & Technology, Rajkot",INFORMATION TECHNOLOGY,AI-OPEN,2024,918359
106,"Marwadi Education Foundation's Group of Institutions - Faculty of Engineering & Technology, Rajkot",INFORMATION TECHNOLOGY,AI-TFWS,2024,901937
106,"Marwadi Education Foundation's Group of Institutions - Faculty of Engineering & Technology, Rajkot",INFORMATION TECHNOLOGY,OPEN,2024,29698
106,"Marwadi Education Foundation's Group of Institutions - Faculty of Engineering & Technology, Rajkot",INFORMATION TECHNOLOGY,TFWS,2024,9767
106,"Marwadi Education Foundation's Group of Institutions - Faculty of Engineering & Technology, Rajkot",MECHANICAL ENGINEERING,AI-OPEN,2024,915164
106,"Marwadi Education Foundation's Group of Institutions - Faculty of Engineering & Technology, Rajkot",MECHANICAL ENGINEERING,OPEN,2024,29065
106,"Marwadi Education Foundation's Group of Institutions - Faculty of Engineering & Technology, Rajkot",MECHANICAL ENGINEERING,TFWS,2024,17868
107,"Merchant Engg. College, Basna. Visnagar",COMPUTER ENGINEERING,OPEN,2024,14115
108,"Narnarayan Shastri Institute of Technology, Jetalpur, Ahmedabad",COMPUTER SCIENCE & ENGINEERING,OPEN,2024,29430
109,"Neotech Institute of Technology, Virod, Vadodara",COMPUTER ENGINEERING,OPEN,2024,26938
110,New L.J. Institute of Engineering & Technology,COMPUTER SCIENCE & ENGINEERING,DEFENSE,2024,61
110,New L.J. Institute of Engineering & Technology,COMPUTER SCIENCE & ENGINEERING,EWS,2024,14026
110,New L.J. Institute of Engineering & Technology,COMPUTER SCIENCE & ENGINEERING,OPEN,2024,12079
110,New L.J. Institute of Engineering & Technology,COMPUTER SCIENCE & ENGINEERING,SC,2024,22201
110,New L.J. Institute of Engineering & Technology,COMPUTER SCIENCE & ENGINEERING,SEBC,2024,28464
110,New L.J. Institute of Engineering & Technology,COMPUTER SCIENCE & ENGINEERING,TFWS,2024,4356
110,New L.J. Institute of Engineering & Technology,COMPUTER SCIENCE & ENGINEERING (ARTIFICIAL INTELLIGENCE AND MACHINE LEARNING),EWS,2024,17516
110,New L.J. Institute of Engineering & Technology,COMPUTER SCIENCE & ENGINEERING (ARTIFICIAL INTELLIGENCE AND MACHINE LEARNING),OPEN,2024,14383
110,New L.J. Institute of Engineering & Technology,COMPUTER SCIENCE & ENGINEERING (ARTIFICIAL INTELLIGENCE AND MACHINE LEARNING),SC,2024,25680
110,New L.J. Institute of Engineering & Technology,COMPUTER SCIENCE & ENGINEERING (ARTIFICIAL INTELLIGENCE AND MACHINE LEARNING),SEBC,2024,25723
110,New L.J. Institute of Engineering & Technology,COMPUTER SCIENCE & ENGINEERING (ARTIFICIAL INTELLIGENCE AND MACHINE LEARNING),ST,2024,26344
110,New L.J. Institute of Engineering & Technology,COMPUTER SCIENCE & ENGINEERING (ARTIFICIAL INTELLIGENCE AND MACHINE LEARNING),TFWS,2024,5084
111,"Noble Engineering College, Junagadh",COMPUTER SCIENCE & ENGINEERING,OPEN,2024,29054
112,"Noble Star Engineering College, Makhiyala, Junagadh",COMPUTER ENGINEERING,OPEN,2024,22751
112,"Noble Star Engineering College, Makhiyala, Junagadh",COMPUTER ENGINEERING,TFWS,2024,18616
113,Om Engineering College Junagadh,COMPUTER ENGINEERING,OPEN,2024,23515
113,Om Engineering College Junagadh,ELECTRICAL ENGINEERING,OPEN,2024,28646
114,"P.P. Savani School of Engineering, P.P. Savani University, Kosamba",COMPUTER ENGINEERING,EWS,2024,29601
114,"P.P. Savani School of Engineering, P.P. Savani University, Kosamba",COMPUTER ENGINEERING,OPEN,2024,27479
114,"P.P. Savani School of Engineering, P.P. Savani University, Kosamba",COMPUTER ENGINEERING,TFWS,2024,6802
114,"P.P. Savani School of Engineering, P.P. Savani University, Kosamba",COMPUTER ENGINEERING (MACHINE LEARNING & ARTIFICIAL INTELLIGENCE),OPEN,2024,30280
114,"P.P. Savani School of Engineering, P.P. Savani University, Kosamba",COMPUTER ENGINEERING (MACHINE LEARNING & ARTIFICIAL INTELLIGENCE),TFWS,2024,9284
114,"P.P. Savani School of Engineering, P.P. Savani University, Kosamba",COMPUTER SCIENCE & ENGINEERING,EWS,2024,20842
114,"P.P. Savani School of Engineering, P.P. Savani University, Kosamba",COMPUTER SCIENCE & ENGINEERING,OPEN,2024,19186
114,"P.P. Savani School of Engineering, P.P. Savani University, Kosamba",COMPUTER SCIENCE & ENGINEERING,SEBC,2024,29532
114,"P.P. Savani School of Engineering, P.P. Savani University, Kosamba",COMPUTER SCIENCE & ENGINEERING,TFWS,2024,5346
114,"P.P. Savani School of Engineering, P.P. Savani University, Kosamba",COMPUTER SCIENCE & ENGINEERING (CYBER SECURITY),OPEN,2024,28575
114,"P.P. Savani School of Engineering, P.P. Savani University, Kosamba",COMPUTER SCIENCE & ENGINEERING (CYBER SECURITY),TFWS,2024,9358
114,"P.P. Savani School of Engineering, P.P. Savani University, Kosamba",INFORMATION TECHNOLOGY,OPEN,2024,29852
114,"P.P. Savani School of Engineering, P.P. Savani University, Kosamba",INFORMATION TECHNOLOGY,TFWS,2024,5693
114,"P.P. Savani School of Engineering, P.P. Savani University, Kosamba",INFORMATION TECHNOLOGY & ENGINEERING,OPEN,2024,29850
114,"P.P. Savani School of Engineering, P.P. Savani University, Kosamba",MECHANICAL ENGINEERING,OPEN,2024,23211
114,"P.P. Savani School of Engineering, P.P. Savani University, Kosamba",PHARMACEUTICAL ENGINEERING,OPEN,2024,28722
115,"Pacific School Of Engineering, Surat",COMPUTER ENGINEERING,OPEN,2024,30133
115,"Pacific School Of Engineering, Surat",COMPUTER ENGINEERING,TFWS,2024,10902
116,"Pandit Deendayal Energy University ,Gandhinagar",Biotechnology,AI-OPEN,2024,921127
116,"Pandit Deendayal Energy University ,Gandhinagar",Biotechnology,AI-TFWS,2024,912644
116,"Pandit Deendayal Energy University ,Gandhinagar",Biotechnology,EWS,2024,10990
116,"Pandit Deendayal Energy University ,Gandhinagar",Biotechnology,OPEN,2024,5090
116,"Pandit Deendayal Energy University ,Gandhinagar",Biotechnology,SC,2024,9245
116,"Pandit Deendayal Energy University ,Gandhinagar",Biotechnology,SEBC,2024,21799
116,"Pandit Deendayal Energy University ,Gandhinagar",Biotechnology,ST,2024,25284
116,"Pandit Deendayal Energy University ,Gandhinagar",Biotechnology,TFWS,2024,3408
116,"Pandit Deendayal Energy University ,Gandhinagar",CHEMICAL ENGINEERING,AI-OPEN,2024,907655
116,"Pandit Deendayal Energy University ,Gandhinagar",CHEMICAL ENGINEERING,AI-TFWS,2024,902238
116,"Pandit Deendayal Energy University ,Gandhinagar",CHEMICAL ENGINEERING,EWS,2024,27376
116,"Pandit Deendayal Energy University ,Gandhinagar",CHEMICAL ENGINEERING,OPEN,2024,20326
116,"Pandit Deendayal Energy University ,Gandhinagar",CHEMICAL ENGINEERING,SEBC,2024,23995
116,"Pandit Deendayal Energy University ,Gandhinagar",CHEMICAL ENGINEERING,TFWS,2024,4088
116,"Pandit Deendayal Energy University ,Gandhinagar",CIVIL ENGINEERING,AI-OPEN,2024,920715
116,"Pandit Deendayal Energy University ,Gandhinagar",CIVIL ENGINEERING,AI-TFWS,2024,903946
116,"Pandit Deendayal Energy University ,Gandhinagar",CIVIL ENGINEERING,OPEN,2024,30431
116,"Pandit Deendayal Energy University ,Gandhinagar",CIVIL ENGINEERING,TFWS,2024,7107
116,"Pandit Deendayal Energy University ,Gandhinagar",COMPUTER ENGINEERING,AI-OPEN,2024,900820
116,"Pandit Deendayal Energy University ,Gandhinagar",COMPUTER ENGINEERING,AI-TFWS,2024,900393
116,"Pandit Deendayal Energy University ,Gandhinagar",COMPUTER ENGINEERING,DEFENSE,2024,92
116,"Pandit Deendayal Energy University ,Gandhinagar",COMPUTER ENGINEERING,EWS,2024,1852
116,"Pandit Deendayal Energy University ,Gandhinagar",COMPUTER ENGINEERING,OPEN,2024,1475
116,"Pandit Deendayal Energy University ,Gandhinagar",COMPUTER ENGINEERING,SC,2024,4693
116,"Pandit Deendayal Energy University ,Gandhinagar",COMPUTER ENGINEERING,SEBC,2024,3155
116,"Pandit Deendayal Energy University ,Gandhinagar",COMPUTER ENGINEERING,ST,2024,26365
116,"Pandit Deendayal Energy University ,Gandhinagar",COMPUTER ENGINEERING,TFWS,2024,308
116,"Pandit Deendayal Energy University ,Gandhinagar",ELECTRICAL ENGINEERING,AI-OPEN,2024,907889
116,"Pandit Deendayal Energy University ,Gandhinagar",ELECTRICAL ENGINEERING,AI-TFWS,2024,902404
116,"Pandit Deendayal Energy University ,Gandhinagar",ELECTRICAL ENGINEERING,EWS,2024,27982
116,"Pandit Deendayal Energy University ,Gandhinagar",ELECTRICAL ENGINEERING,OPEN,2024,24139
116,"Pandit Deendayal Energy University ,Gandhinagar",ELECTRICAL ENGINEERING,SC,2024,25964
116,"Pandit Deendayal Energy University ,Gandhinagar",ELECTRICAL ENGINEERING,TFWS,2024,8711
116,"Pandit Deendayal Energy University ,Gandhinagar",ELECTRONICS & COMMUNICATION ENGINEERING,AI-OPEN,2024,901775
116,"Pandit Deendayal Energy University ,Gandhinagar",ELECTRONICS & COMMUNICATION ENGINEERING,AI-TFWS,2024,901070
116,"Pandit Deendayal Energy University ,Gandhinagar",ELECTRONICS & COMMUNICATION ENGINEERING,DEFENSE,2024,80
116,"Pandit Deendayal Energy University ,Gandhinagar",ELECTRONICS & COMMUNICATION ENGINEERING,EWS,2024,7031
116,"Pandit Deendayal Energy University ,Gandhinagar",ELECTRONICS & COMMUNICATION ENGINEERING,OPEN,2024,5988
116,"Pandit Deendayal Energy University ,Gandhinagar",ELECTRONICS & COMMUNICATION ENGINEERING,SC,2024,8171
116,"Pandit Deendayal Energy University ,Gandhinagar",ELECTRONICS & COMMUNICATION ENGINEERING,SEBC,2024,13978
116,"Pandit Deendayal Energy University ,Gandhinagar",ELECTRONICS & COMMUNICATION ENGINEERING,TFWS,2024,2180
116,"Pandit Deendayal Energy University ,Gandhinagar",INFORMATION & COMMUNICATION TECHNOLOGY,AI-OPEN,2024,900979
116,"Pandit Deendayal Energy University ,Gandhinagar",INFORMATION & COMMUNICATION TECHNOLOGY,AI-TFWS,2024,900784
116,"Pandit Deendayal Energy University ,Gandhinagar",INFORMATION & COMMUNICATION TECHNOLOGY,EWS,2024,2948
116,"Pandit Deendayal Energy University ,Gandhinagar",INFORMATION & COMMUNICATION TECHNOLOGY,OPEN,2024,2564
116,"Pandit Deendayal Energy University ,Gandhinagar",INFORMATION & COMMUNICATION TECHNOLOGY,SC,2024,6968
116,"Pandit Deendayal Energy University ,Gandhinagar",INFORMATION & COMMUNICATION TECHNOLOGY,SEBC,2024,5278
116,"Pandit Deendayal Energy University ,Gandhinagar",INFORMATION & COMMUNICATION TECHNOLOGY,ST,2024,23762
116,"Pandit Deendayal Energy University ,Gandhinagar",INFORMATION & COMMUNICATION TECHNOLOGY,TFWS,2024,518
116,"Pandit Deendayal Energy University ,Gandhinagar",MECHANICAL ENGINEERING,AI-OPEN,2024,904387
116,"Pandit Deendayal Energy University ,Gandhinagar",MECHANICAL ENGINEERING,AI-TFWS,2024,901696
116,"Pandit Deendayal Energy University ,Gandhinagar",MECHANICAL ENGINEERING,EWS,2024,21159
116,"Pandit Deendayal Energy University ,Gandhinagar",MECHANICAL ENGINEERING,OPEN,2024,15480
116,"Pandit Deendayal Energy University ,Gandhinagar",MECHANICAL ENGINEERING,SC,2024,21156
116,"Pandit Deendayal Energy University ,Gandhinagar",MECHANICAL ENGINEERING,SEBC,2024,29966
116,"Pandit Deendayal Energy University ,Gandhinagar",MECHANICAL ENGINEERING,TFWS,2024,6096
116,"Pandit Deendayal Energy University ,Gandhinagar",PETROLEUM ENGINEERING,AI-OPEN,2024,921311
116,"Pandit Deendayal Energy University ,Gandhinagar",PETROLEUM ENGINEERING,AI-TFWS,2024,902549
116,"Pandit Deendayal Energy University ,Gandhinagar",PETROLEUM ENGINEERING,OPEN,2024,25188
116,"Pandit Deendayal Energy University ,Gandhinagar",PETROLEUM ENGINEERING,TFWS,2024,5104
117,"Parul Institute of Engineering & Technology, Waghodia, Vadodara",AERONAUTICAL ENGINEERING,OPEN,2024,29706
117,"Parul Institute of Engineering & Technology, Waghodia, Vadodara",CIVIL ENGINEERING,OPEN,2024,28110
117,"Parul Institute of Engineering & Technology, Waghodia, Vadodara",COMPUTER SCIENCE & ENGINEERING,OPEN,2024,30434
117,"Parul Institute of Engineering & Technology, Waghodia, Vadodara",COMPUTER SCIENCE & ENGINEERING,TFWS,2024,12555
117,"Parul Institute of Engineering & Technology, Waghodia, Vadodara",COMPUTER SCIENCE & ENGINEERING (ARTIFICIAL INTELLIGENCE),OPEN,2024,30391
117,"Parul Institute of Engineering & Technology, Waghodia, Vadodara",COMPUTER SCIENCE & ENGINEERING (ARTIFICIAL INTELLIGENCE),TFWS,2024,22087
117,"Parul Institute of Engineering & Technology, Waghodia, Vadodara",COMPUTER SCIENCE & ENGINEERING (Big Data Analytics),OPEN,2024,29379
117,"Parul Institute of Engineering & Technology, Waghodia, Vadodara",COMPUTER SCIENCE & ENGINEERING (Big Data Analytics),TFWS,2024,16932
117,"Parul Institute of Engineering & Technology, Waghodia, Vadodara",COMPUTER SCIENCE & ENGINEERING (Block Chain Technology),OPEN,2024,1451
117,"Parul Institute of Engineering & Technology, Waghodia, Vadodara",COMPUTER SCIENCE & ENGINEERING (Block Chain Technology),TFWS,2024,22242
117,"Parul Institute of Engineering & Technology, Waghodia, Vadodara",COMPUTER SCIENCE & ENGINEERING (Cloud Computing),OPEN,2024,30180
117,"Parul Institute of Engineering & Technology, Waghodia, Vadodara",COMPUTER SCIENCE & ENGINEERING (Cloud Computing),TFWS,2024,18852
117,"Parul Institute of Engineering & Technology, Waghodia, Vadodara",COMPUTER SCIENCE & ENGINEERING (Cyber Security),OPEN,2024,28076
117,"Parul Institute of Engineering & Technology, Waghodia, Vadodara",COMPUTER SCIENCE & ENGINEERING (Cyber Security),TFWS,2024,16287
117,"Parul Institute of Engineering & Technology, Waghodia, Vadodara",COMPUTER SCIENCE & ENGINEERING (Internet of Things),TFWS,2024,22558
117,"Parul Institute of Engineering & Technology, Waghodia, Vadodara",Electronics & Communication Engineering,OPEN,2024,29766
117,"Parul Institute of Engineering & Technology, Waghodia, Vadodara",Information Technology,OPEN,2024,30326
117,"Parul Institute of Engineering & Technology, Waghodia, Vadodara",Information Technology,TFWS,2024,8975
117,"Parul Institute of Engineering & Technology, Waghodia, Vadodara",Mechanical Engineering,OPEN,2024,22101
118,"Parul Institute of Technology, Waghodia, Vadodara",AGRICULTURAL ENGINEERING,OPEN,2024,23423
118,"Parul Institute of Technology, Waghodia, Vadodara",BIOTECHNOLOGY,OPEN,2024,25280
118,"Parul Institute of Technology, Waghodia, Vadodara",BIOTECHNOLOGY,TFWS,2024,28008
118,"Parul Institute of Technology, Waghodia, Vadodara",CHEMICAL ENGINEERING,OPEN,2024,24715
118,"Parul Institute of Technology, Waghodia, Vadodara",COMPUTER ENGINEERING,OPEN,2024,30411
118,"Parul Institute of Technology, Waghodia, Vadodara",COMPUTER SCIENCE & ENGINEERING,OPEN,2024,27623
118,"Parul Institute of Technology, Waghodia, Vadodara",COMPUTER SCIENCE & ENGINEERING,TFWS,2024,17937
118,"Parul Institute of Technology, Waghodia, Vadodara",COMPUTER SCIENCE & ENGINEERING (ARTIFICIAL INTELLIGENCE),OPEN,2024,25006
118,"Parul Institute of Technology, Waghodia, Vadodara",COMPUTER SCIENCE & ENGINEERING (ARTIFICIAL INTELLIGENCE),TFWS,2024,13815
118,"Parul Institute of Technology, Waghodia, Vadodara",COMPUTER SCIENCE & ENGINEERING (BIG DATA ANALYTICS),OPEN,2024,23158
118,"Parul Institute of Technology, Waghodia, Vadodara",COMPUTER SCIENCE & ENGINEERING (CYBER SECURITY),OPEN,2024,24108
118,"Parul Institute of Technology, Waghodia, Vadodara",DAIRY TECHNOLOGY,OPEN,2024,19692
118,"Parul Institute of Technology, Waghodia, Vadodara",FOOD TECHNOLOGY,OPEN,2024,24509
118,"Parul Institute of Technology, Waghodia, Vadodara",FOOD TECHNOLOGY,TFWS,2024,10746
118,"Parul Institute of Technology, Waghodia, Vadodara",MECHATRONICS ENGINEERING,OPEN,2024,18722
118,"Parul Institute of Technology, Waghodia, Vadodara",ROBOTICS AND AUTOMATION,OPEN,2024,23123
119,"Prime Institute of Engineering and Technology, Jalalpore, Navsari",COMPUTER ENGINEERING,OPEN,2024,30109
120,"R.K. University - School of Engineering, Rajkot",COMPUTER ENGINEERING,OPEN,2024,29903
120,"R.K. University - School of Engineering, Rajkot",INFORMATION TECHNOLOGY,OPEN,2024,25186
122,"R.N.G. Patel Institute of Technology-RNGPIT , Bardoli",CHEMICAL ENGINEERING,OPEN,2024,29725
122,"R.N.G. Patel Institute of Technology-RNGPIT , Bardoli",CIVIL ENGINEERING,OPEN,2024,29923
122,"R.N.G. Patel Institute of Technology-RNGPIT , Bardoli",COMPUTER SCIENCE & ENGINEERING,EWS,2024,28474
122,"R.N.G. Patel Institute of Technology-RNGPIT , Bardoli",COMPUTER SCIENCE & ENGINEERING,OPEN,2024,28069
122,"R.N.G. Patel Institute of Technology-RNGPIT , Bardoli",COMPUTER SCIENCE & ENGINEERING,SC,2024,29462
122,"R.N.G. Patel Institute of Technology-RNGPIT , Bardoli",COMPUTER SCIENCE & ENGINEERING,SEBC,2024,30230
122,"R.N.G. Patel Institute of Technology-RNGPIT , Bardoli",COMPUTER SCIENCE & ENGINEERING,ST,2024,30289
122,"R.N.G. Patel Institute of Technology-RNGPIT , Bardoli",COMPUTER SCIENCE & ENGINEERING,TFWS,2024,7522
122,"R.N.G. Patel Institute of Technology-RNGPIT , Bardoli",ELECTRICAL ENGINEERING,OPEN,2024,30057
122,"R.N.G. Patel Institute of Technology-RNGPIT , Bardoli",ELECTRICAL ENGINEERING,TFWS,2024,19729
122,"R.N.G. Patel Institute of Technology-RNGPIT , Bardoli",INFORMATION TECHNOLOGY,OPEN,2024,29460
122,"R.N.G. Patel Institute of Technology-RNGPIT , Bardoli",INFORMATION TECHNOLOGY,SEBC,2024,29753
122,"R.N.G. Patel Institute of Technology-RNGPIT , Bardoli",INFORMATION TECHNOLOGY,ST,2024,29875
122,"R.N.G. Patel Institute of Technology-RNGPIT , Bardoli",INFORMATION TECHNOLOGY,TFWS,2024,7156
122,"R.N.G. Patel Institute of Technology-RNGPIT , Bardoli",MECHANICAL ENGINEERING,OPEN,2024,30307
123,"Rai School of Engineering, Dholka, Ahmedabad",INFORMATION TECHNOLOGY,OPEN,2024,24047
124,"S.P.B. Patel Engg. College, (Saffrony), Linch, Mehsana",COMPUTER ENGINEERING,OPEN,2024,29025
124,"S.P.B. Patel Engg. College, (Saffrony), Linch, Mehsana",INFORMATION TECHNOLOGY,OPEN,2024,30449
125,S.S.AGRAWAL INSTITUTE OF ENGINEERING & TECHNOLOGY NAVSARI,CHEMICAL ENGINEERING,OPEN,2024,28306
125,S.S.AGRAWAL INSTITUTE OF ENGINEERING & TECHNOLOGY NAVSARI,CIVIL ENGINEERING,OPEN,2024,29940
125,S.S.AGRAWAL INSTITUTE OF ENGINEERING & TECHNOLOGY NAVSARI,COMPUTER ENGINEERING,OPEN,2024,20719
125,S.S.AGRAWAL INSTITUTE OF ENGINEERING & TECHNOLOGY NAVSARI,COMPUTER ENGINEERING,SEBC,2024,28141
125,S.S.AGRAWAL INSTITUTE OF ENGINEERING & TECHNOLOGY NAVSARI,COMPUTER ENGINEERING,ST,2024,30217
125,S.S.AGRAWAL INSTITUTE OF ENGINEERING & TECHNOLOGY NAVSARI,COMPUTER ENGINEERING,TFWS,2024,9094
125,S.S.AGRAWAL INSTITUTE OF ENGINEERING & TECHNOLOGY NAVSARI,ELECTRICAL ENGINEERING,OPEN,2024,30147
125,S.S.AGRAWAL INSTITUTE OF ENGINEERING & TECHNOLOGY NAVSARI,MECHANICAL ENGINEERING,OPEN,2024,29640
126,"SAL ENGINEERING &TECHNICAL INSTITUTE, SOLA, AHMEDABAD",COMPUTER ENGINEERING,OPEN,2024,28800
126,"SAL ENGINEERING &TECHNICAL INSTITUTE, SOLA, AHMEDABAD",COMPUTER ENGINEERING,TFWS,2024,7003
126,"SAL ENGINEERING &TECHNICAL INSTITUTE, SOLA, AHMEDABAD",COMPUTER SCIENCE & ENGINEERING,OPEN,2024,30168
126,"SAL ENGINEERING &TECHNICAL INSTITUTE, SOLA, AHMEDABAD",COMPUTER SCIENCE & ENGINEERING,TFWS,2024,5909
126,"SAL ENGINEERING &TECHNICAL INSTITUTE, SOLA, AHMEDABAD",INFORMATION TECHNOLOGY,OPEN,2024,29085
126,"SAL ENGINEERING &TECHNICAL INSTITUTE, SOLA, AHMEDABAD",INFORMATION TECHNOLOGY,TFWS,2024,4900
127,"SARDAR PATEL COLLEGE OF ENGINEERING, BAKROL ANAND",CIVIL ENGINEERING,OPEN,2024,25167
127,"SARDAR PATEL COLLEGE OF ENGINEERING, BAKROL ANAND",COMPUTER ENGINEERING,OPEN,2024,29856
127,"SARDAR PATEL COLLEGE OF ENGINEERING, BAKROL ANAND",COMPUTER ENGINEERING,TFWS,2024,7785
127,"SARDAR PATEL COLLEGE OF ENGINEERING, BAKROL ANAND",COMPUTER SCIENCE & ENGINEERING,OPEN,2024,30364
127,"SARDAR PATEL COLLEGE OF ENGINEERING, BAKROL ANAND",COMPUTER SCIENCE & ENGINEERING,TFWS,2024,12186
127,"SARDAR PATEL COLLEGE OF ENGINEERING, BAKROL ANAND",INFORMATION TECHNOLOGY,OPEN,2024,30221
127,"SARDAR PATEL COLLEGE OF ENGINEERING, BAKROL ANAND",INFORMATION TECHNOLOGY,TFWS,2024,13370
127,"SARDAR PATEL COLLEGE OF ENGINEERING, BAKROL ANAND",MECHANICAL ENGINEERING,OPEN,2024,23927
130,"SCHOOL OF TECHNOLOGY, GSFC UNIVERSITY, VADODARA",CHEMICAL ENGINEERING,OPEN,2024,29472
130,"SCHOOL OF TECHNOLOGY, GSFC UNIVERSITY, VADODARA",COMPUTER SCIENCE & ENGINEERING,OPEN,2024,30284
130,"SCHOOL OF TECHNOLOGY, GSFC UNIVERSITY, VADODARA",COMPUTER SCIENCE & ENGINEERING,TFWS,2024,12897
130,"SCHOOL OF TECHNOLOGY, GSFC UNIVERSITY, VADODARA",FIRE AND ENVIRONMENT HEALTH SAFETY ENGINEERING,OPEN,2024,13861
130,"SCHOOL OF TECHNOLOGY, GSFC UNIVERSITY, VADODARA",MECHANICAL ENGINEERING,OPEN,2024,25803
131,"SHREE DHANVANTARY COLLEGE OF ENGINEERING & TECHNOLOGY, KIM",COMPUTER SCIENCE & ENGINEERING (ARTIFICIAL INTELLIGENCE AND MACHINE LEARNING),OPEN,2024,30539
131,"SHREE DHANVANTARY COLLEGE OF ENGINEERING & TECHNOLOGY, KIM",COMPUTER SCIENCE & ENGINEERING (INTERNET OF THINGS & CYBER SECURITY INCLUDING BLOCK CHAIN TECHNOLOGY),OPEN,2024,29906
132,"SHREE PAREKH ENGINEEIRNG College, MAHUVA",COMPUTER ENGINEERING,OPEN,2024,24534
132,"SHREE PAREKH ENGINEEIRNG College, MAHUVA",FOOD ENGINEERING & TECHNOLOGY,OPEN,2024,21689
132,"SHREE PAREKH ENGINEEIRNG College, MAHUVA",INFORMATION TECHNOLOGY,OPEN,2024,25301
133,"SHREE SWAMINARAYAN INSTITUTE OF TECHNOLOGY, BHAT, GANDHINAGAR",COMPUTER ENGINEERING,OPEN,2024,30112
133,"SHREE SWAMINARAYAN INSTITUTE OF TECHNOLOGY, BHAT, GANDHINAGAR",COMPUTER SCIENCE & ENGINEERING,OPEN,2024,28605
133,"SHREE SWAMINARAYAN INSTITUTE OF TECHNOLOGY, BHAT, GANDHINAGAR",COMPUTER SCIENCE & ENGINEERING,SEBC,2024,29670
133,"SHREE SWAMINARAYAN INSTITUTE OF TECHNOLOGY, BHAT, GANDHINAGAR",COMPUTER SCIENCE & ENGINEERING,TFWS,2024,5033
133,"SHREE SWAMINARAYAN INSTITUTE OF TECHNOLOGY, BHAT, GANDHINAGAR",INFORMATION TECHNOLOGY,OPEN,2024,30209
134,"Sal College Of Engineering , Ahmedabad",COMPUTER ENGINEERING,OPEN,2024,29510
134,"Sal College Of Engineering , Ahmedabad",COMPUTER ENGINEERING,TFWS,2024,6117
134,"Sal College Of Engineering , Ahmedabad",COMPUTER SCIENCE & ENGINEERING (DATA SCIENCE),OPEN,2024,25886
134,"Sal College Of Engineering , Ahmedabad",COMPUTER SCIENCE & ENGINEERING (DATA SCIENCE),TFWS,2024,7621
134,"Sal College Of Engineering , Ahmedabad",INFORMATION & COMMUNICATION TECHNOLOGY,OPEN,2024,24009
134,"Sal College Of Engineering , Ahmedabad",INFORMATION TECHNOLOGY,OPEN,2024,29817
134,"Sal College Of Engineering , Ahmedabad",INFORMATION TECHNOLOGY,TFWS,2024,6884
135,"Sal Institute Of Tech. & Engg. Research, Ahmedabad",CIVIL ENGINEERING,OPEN,2024,21550
135,"Sal Institute Of Tech. & Engg. Research, Ahmedabad",COMPUTER ENGINEERING,OPEN,2024,28497
135,"Sal Institute Of Tech. & Engg. Research, Ahmedabad",COMPUTER ENGINEERING,TFWS,2024,7239
135,"Sal Institute Of Tech. & Engg. Research, Ahmedabad",COMPUTER SCIENCE & ENGINEERING,OPEN,2024,30078
135,"Sal Institute Of Tech. & Engg. Research, Ahmedabad",COMPUTER SCIENCE & ENGINEERING,TFWS,2024,5742
135,"Sal Institute Of Tech. & Engg. Research, Ahmedabad",COMPUTER SCIENCE & ENGINEERING (ARTIFICIAL INTELLIGENCE AND MACHINE LEARNING),OPEN,2024,30084
135,"Sal Institute Of Tech. & Engg. Research, Ahmedabad",COMPUTER SCIENCE & ENGINEERING (ARTIFICIAL INTELLIGENCE AND MACHINE LEARNING),TFWS,2024,5734
135,"Sal Institute Of Tech. & Engg. Research, Ahmedabad",ELECTRONICS & COMMUNICATION ENGINEERING,OPEN,2024,21956
135,"Sal Institute Of Tech. & Engg. Research, Ahmedabad",INFORMATION & COMMUNICATION TECHNOLOGY,OPEN,2024,19403
135,"Sal Institute Of Tech. & Engg. Research, Ahmedabad",MECHANICAL ENGINEERING,OPEN,2024,28909
136,"Sankalchand Patel College Of Engg., Visnagar",ARTIFICIAL INTELLIGENCE AND DATA SCIENCE,OPEN,2024,26982
136,"Sankalchand Patel College Of Engg., Visnagar",CIVIL ENGINEERING,OPEN,2024,30440
136,"Sankalchand Patel College Of Engg., Visnagar",COMPUTER ENGINEERING,OPEN,2024,30100
136,"Sankalchand Patel College Of Engg., Visnagar",INFORMATION & COMMUNICATION TECHNOLOGY,OPEN,2024,28382
136,"Sankalchand Patel College Of Engg., Visnagar",INFORMATION TECHNOLOGY,OPEN,2024,29885
136,"Sankalchand Patel College Of Engg., Visnagar",MECHANICAL ENGINEERING,OPEN,2024,23520
137,"Sardar Vallabhbhai Patel Institute Of Tech.,Vasad",AERONAUTICAL ENGINEERING,OPEN,2024,30322
137,"Sardar Vallabhbhai Patel Institute Of Tech.,Vasad",AERONAUTICAL ENGINEERING,TFWS,2024,3256
137,"Sardar Vallabhbhai Patel Institute Of Tech.,Vasad",CIVIL ENGINEERING,OPEN,2024,28678
137,"Sardar Vallabhbhai Patel Institute Of Tech.,Vasad",COMPUTER ENGINEERING,DEFENSE,2024,67
137,"Sardar Vallabhbhai Patel Institute Of Tech.,Vasad",COMPUTER ENGINEERING,EWS,2024,8575
137,"Sardar Vallabhbhai Patel Institute Of Tech.,Vasad",COMPUTER ENGINEERING,OPEN,2024,6838
137,"Sardar Vallabhbhai Patel Institute Of Tech.,Vasad",COMPUTER ENGINEERING,SC,2024,15648
137,"Sardar Vallabhbhai Patel Institute Of Tech.,Vasad",COMPUTER ENGINEERING,SEBC,2024,10936
137,"Sardar Vallabhbhai Patel Institute Of Tech.,Vasad",COMPUTER ENGINEERING,ST,2024,25100
137,"Sardar Vallabhbhai Patel Institute Of Tech.,Vasad",COMPUTER ENGINEERING,TFWS,2024,3679
137,"Sardar Vallabhbhai Patel Institute Of Tech.,Vasad",COMPUTER SCIENCE & DESIGN,EWS,2024,13170
137,"Sardar Vallabhbhai Patel Institute Of Tech.,Vasad",COMPUTER SCIENCE & DESIGN,OPEN,2024,8925
137,"Sardar Vallabhbhai Patel Institute Of Tech.,Vasad",COMPUTER SCIENCE & DESIGN,SC,2024,13306
137,"Sardar Vallabhbhai Patel Institute Of Tech.,Vasad",COMPUTER SCIENCE & DESIGN,SEBC,2024,16842
137,"Sardar Vallabhbhai Patel Institute Of Tech.,Vasad",COMPUTER SCIENCE & DESIGN,TFWS,2024,6926
137,"Sardar Vallabhbhai Patel Institute Of Tech.,Vasad",ELECTRICAL ENGINEERING,OPEN,2024,29019
137,"Sardar Vallabhbhai Patel Institute Of Tech.,Vasad",ELECTRONICS & COMMUNICATION ENGINEERING,OPEN,2024,30022
137,"Sardar Vallabhbhai Patel Institute Of Tech.,Vasad",INFORMATION TECHNOLOGY,DEFENSE,2024,58
137,"Sardar Vallabhbhai Patel Institute Of Tech.,Vasad",INFORMATION TECHNOLOGY,EWS,2024,11765
137,"Sardar Vallabhbhai Patel Institute Of Tech.,Vasad",INFORMATION TECHNOLOGY,OPEN,2024,10412
137,"Sardar Vallabhbhai Patel Institute Of Tech.,Vasad",INFORMATION TECHNOLOGY,SC,2024,19623
137,"Sardar Vallabhbhai Patel Institute Of Tech.,Vasad",INFORMATION TECHNOLOGY,SEBC,2024,19934
137,"Sardar Vallabhbhai Patel Institute Of Tech.,Vasad",INFORMATION TECHNOLOGY,TFWS,2024,3516
137,"Sardar Vallabhbhai Patel Institute Of Tech.,Vasad",MECHANICAL ENGINEERING,OPEN,2024,30503
138,"Sarvajanik College Of Engg. & Tech. , Surat",ARTIFICIAL INTELLIGENCE AND DATA SCIENCE,EWS,2024,8143
138,"Sarvajanik College Of Engg. & Tech. , Surat",ARTIFICIAL INTELLIGENCE AND DATA SCIENCE,OPEN,2024,7870
138,"Sarvajanik College Of Engg. & Tech. , Surat",ARTIFICIAL INTELLIGENCE AND DATA SCIENCE,SC,2024,25344
138,"Sarvajanik College Of Engg. & Tech. , Surat",ARTIFICIAL INTELLIGENCE AND DATA SCIENCE,SEBC,2024,12995
138,"Sarvajanik College Of Engg. & Tech. , Surat",ARTIFICIAL INTELLIGENCE AND DATA SCIENCE,TFWS,2024,2650
138,"Sarvajanik College Of Engg. & Tech. , Surat",CHEMICAL ENGINEERING,OPEN,2024,30334
138,"Sarvajanik College Of Engg. & Tech. , Surat",CIVIL ENGINEERING,OPEN,2024,28224
138,"Sarvajanik College Of Engg. & Tech. , Surat",COMPUTER ENGINEERING,DEFENSE,2024,46
138,"Sarvajanik College Of Engg. & Tech. , Surat",COMPUTER ENGINEERING,EWS,2024,4684
138,"Sarvajanik College Of Engg. & Tech. , Surat",COMPUTER ENGINEERING,OPEN,2024,3751
138,"Sarvajanik College Of Engg. & Tech. , Surat",COMPUTER ENGINEERING,SC,2024,16544
138,"Sarvajanik College Of Engg. & Tech. , Surat",COMPUTER ENGINEERING,SEBC,2024,7537
138,"Sarvajanik College Of Engg. & Tech. , Surat",COMPUTER ENGINEERING,ST,2024,29264
138,"Sarvajanik College Of Engg. & Tech. , Surat",COMPUTER ENGINEERING,TFWS,2024,963
138,"Sarvajanik College Of Engg. & Tech. , Surat",ELECTRICAL ENGINEERING,OPEN,2024,30505
138,"Sarvajanik College Of Engg. & Tech. , Surat",ELECTRONICS & COMMUNICATION ENGINEERING,EWS,2024,25839
138,"Sarvajanik College Of Engg. & Tech. , Surat",ELECTRONICS & COMMUNICATION ENGINEERING,OPEN,2024,22352
138,"Sarvajanik College Of Engg. & Tech. , Surat",ELECTRONICS & COMMUNICATION ENGINEERING,SEBC,2024,28218
138,"Sarvajanik College Of Engg. & Tech. , Surat",ELECTRONICS & COMMUNICATION ENGINEERING,TFWS,2024,5307
138,"Sarvajanik College Of Engg. & Tech. , Surat",INFORMATION TECHNOLOGY,DEFENSE,2024,9
138,"Sarvajanik College Of Engg. & Tech. , Surat",INFORMATION TECHNOLOGY,EWS,2024,6865
138,"Sarvajanik College Of Engg. & Tech. , Surat",INFORMATION TECHNOLOGY,OPEN,2024,6162
138,"Sarvajanik College Of Engg. & Tech. , Surat",INFORMATION TECHNOLOGY,SC,2024,20237
138,"Sarvajanik College Of Engg. & Tech. , Surat",INFORMATION TECHNOLOGY,SEBC,2024,9513
138,"Sarvajanik College Of Engg. & Tech. , Surat",INFORMATION TECHNOLOGY,ST,2024,21086
138,"Sarvajanik College Of Engg. & Tech. , Surat",INFORMATION TECHNOLOGY,TFWS,2024,1667
138,"Sarvajanik College Of Engg. & Tech. , Surat",INSTRUMENTATION & CONTROL ENGINEERING,OPEN,2024,30068
138,"Sarvajanik College Of Engg. & Tech. , Surat",MECHANICAL ENGINEERING,OPEN,2024,28539
139,"School of Engg. and Applied Science, Ahmedabad University, Ahmedabad",CHEMICAL ENGINEERING,OPEN,2024,30540
139,"School of Engg. and Applied Science, Ahmedabad University, Ahmedabad",CHEMICAL ENGINEERING,TFWS,2024,7503
139,"School of Engg. and Applied Science, Ahmedabad University, Ahmedabad",COMPUTER SCIENCE & ENGINEERING,DEFENSE,2024,71
139,"School of Engg. and Applied Science, Ahmedabad University, Ahmedabad",COMPUTER SCIENCE & ENGINEERING,EWS,2024,2502
139,"School of Engg. and Applied Science, Ahmedabad University, Ahmedabad",COMPUTER SCIENCE & ENGINEERING,OPEN,2024,1691
139,"School of Engg. and Applied Science, Ahmedabad University, Ahmedabad",COMPUTER SCIENCE & ENGINEERING,SC,2024,3657
139,"School of Engg. and Applied Science, Ahmedabad University, Ahmedabad",COMPUTER SCIENCE & ENGINEERING,SEBC,2024,4867
139,"School of Engg. and Applied Science, Ahmedabad University, Ahmedabad",COMPUTER SCIENCE & ENGINEERING,ST,2024,29239
139,"School of Engg. and Applied Science, Ahmedabad University, Ahmedabad",COMPUTER SCIENCE & ENGINEERING,TFWS,2024,510
139,"School of Engg. and Applied Science, Ahmedabad University, Ahmedabad",MECHANICAL ENGINEERING,EWS,2024,17835
139,"School of Engg. and Applied Science, Ahmedabad University, Ahmedabad",MECHANICAL ENGINEERING,OPEN,2024,13241
139,"School of Engg. and Applied Science, Ahmedabad University, Ahmedabad",MECHANICAL ENGINEERING,SC,2024,22892
139,"School of Engg. and Applied Science, Ahmedabad University, Ahmedabad",MECHANICAL ENGINEERING,TFWS,2024,12151
140,"School of Engineering - Indrashil University, Kadi",COMPUTER SCIENCE & ENGINEERING,OPEN,2024,24969
140,"School of Engineering - Indrashil University, Kadi",Information Technology,OPEN,2024,16721
141,"School of Engineering and Technology, Navrachana University, Vadodara",CIVIL ENGINEERING,OPEN,2024,16869
141,"School of Engineering and Technology, Navrachana University, Vadodara",COMPUTER SCIENCE & ENGINEERING,DEFENSE,2024,23
141,"School of Engineering and Technology, Navrachana University, Vadodara",COMPUTER SCIENCE & ENGINEERING,OPEN,2024,24470
141,"School of Engineering and Technology, Navrachana University, Vadodara",COMPUTER SCIENCE & ENGINEERING,SC,2024,29579
141,"School of Engineering and Technology, Navrachana University, Vadodara",COMPUTER SCIENCE & ENGINEERING,SEBC,2024,28984
141,"School of Engineering and Technology, Navrachana University, Vadodara",COMPUTER SCIENCE & ENGINEERING,TFWS,2024,6818
141,"School of Engineering and Technology, Navrachana University, Vadodara",MECHANICAL ENGINEERING,OPEN,2024,23619
142,"Shankersinh Vaghela Bapu Institute Of Tech., Unava, Gandhinagar",COMPUTER ENGINEERING,OPEN,2024,28379
142,"Shankersinh Vaghela Bapu Institute Of Tech., Unava, Gandhinagar",INFORMATION TECHNOLOGY,OPEN,2024,29276
143,"Shantilal Shah Engineering College ,Bhavnagar",CIVIL ENGINEERING,AI-OPEN,2024,920964
143,"Shantilal Shah Engineering College ,Bhavnagar",CIVIL ENGINEERING,OPEN,2024,28482
143,"Shantilal Shah Engineering College ,Bhavnagar",ELECTRICAL ENGINEERING,AI-OPEN,2024,919791
143,"Shantilal Shah Engineering College ,Bhavnagar",ELECTRICAL ENGINEERING,OPEN,2024,29889
143,"Shantilal Shah Engineering College ,Bhavnagar",INFORMATION TECHNOLOGY,AI-OPEN,2024,904079
143,"Shantilal Shah Engineering College ,Bhavnagar",INFORMATION TECHNOLOGY,AI-TFWS,2024,902318
143,"Shantilal Shah Engineering College ,Bhavnagar",INFORMATION TECHNOLOGY,EWS,2024,14257
143,"Shantilal Shah Engineering College ,Bhavnagar",INFORMATION TECHNOLOGY,OPEN,2024,11675
143,"Shantilal Shah Engineering College ,Bhavnagar",INFORMATION TECHNOLOGY,SC,2024,29497
143,"Shantilal Shah Engineering College ,Bhavnagar",INFORMATION TECHNOLOGY,SEBC,2024,16259
143,"Shantilal Shah Engineering College ,Bhavnagar",INFORMATION TECHNOLOGY,TFWS,2024,7706
143,"Shantilal Shah Engineering College ,Bhavnagar",MECHANICAL ENGINEERING,OPEN,2024,29342
144,"Shree Pandit Nathulalji Vyas Technical Campus, Wadhawan",COMPUTER ENGINEERING,OPEN,2024,21682
145,"Shri Labhubhai Trivedi Institute Of Engineering And Technology, Rajkot",COMPUTER SCIENCE & ENGINEERING,OPEN,2024,29163
146,"Shri Sadvidhya Mandal Institute Of Tech., Bharuch",CHEMICAL ENGINEERING,OPEN,2024,29867
146,"Shri Sadvidhya Mandal Institute Of Tech., Bharuch",COMPUTER SCIENCE & ENGINEERING,OPEN,2024,29886
146,"Shri Sadvidhya Mandal Institute Of Tech., Bharuch",INFORMATION TECHNOLOGY,OPEN,2024,30528
146,"Shri Sadvidhya Mandal Institute Of Tech., Bharuch",MECHANICAL ENGINEERING,OPEN,2024,27965
147,"Shri Sitaram N Patel Inst. Of Tech. & Res. (Vidhyabharti Trust), Umrakh",CHEMICAL ENGINEERING,OPEN,2024,29936
147,"Shri Sitaram N Patel Inst. Of Tech. & Res. (Vidhyabharti Trust), Umrakh",CIVIL ENGINEERING,OPEN,2024,29716
147,"Shri Sitaram N Patel Inst. Of Tech. & Res. (Vidhyabharti Trust), Umrakh",COMPUTER SCIENCE & ENGINEERING,OPEN,2024,30441
147,"Shri Sitaram N Patel Inst. Of Tech. & Res. (Vidhyabharti Trust), Umrakh",COMPUTER SCIENCE & ENGINEERING,TFWS,2024,12360
147,"Shri Sitaram N Patel Inst. Of Tech. & Res. (Vidhyabharti Trust), Umrakh",ELECTRICAL ENGINEERING,OPEN,2024,30131
147,"Shri Sitaram N Patel Inst. Of Tech. & Res. (Vidhyabharti Trust), Umrakh",INFORMATION TECHNOLOGY,OPEN,2024,30193
147,"Shri Sitaram N Patel Inst. Of Tech. & Res. (Vidhyabharti Trust), Umrakh",MECHANICAL ENGINEERING,OPEN,2024,29043
148,"Shri Swami Atmanand Saraswati Institute Of Tech., Surat",CIVIL ENGINEERING,OPEN,2024,24091
148,"Shri Swami Atmanand Saraswati Institute Of Tech., Surat",COMPUTER ENGINEERING,EWS,2024,11220
148,"Shri Swami Atmanand Saraswati Institute Of Tech., Surat",COMPUTER ENGINEERING,OPEN,2024,10488
148,"Shri Swami Atmanand Saraswati Institute Of Tech., Surat",COMPUTER ENGINEERING,SC,2024,27062
148,"Shri Swami Atmanand Saraswati Institute Of Tech., Surat",COMPUTER ENGINEERING,SEBC,2024,19625
148,"Shri Swami Atmanand Saraswati Institute Of Tech., Surat",COMPUTER ENGINEERING,TFWS,2024,4050
148,"Shri Swami Atmanand Saraswati Institute Of Tech., Surat",ELECTRONICS & COMMUNICATION ENGINEERING,OPEN,2024,29383
148,"Shri Swami Atmanand Saraswati Institute Of Tech., Surat",INFORMATION TECHNOLOGY,EWS,2024,12996
148,"Shri Swami Atmanand Saraswati Institute Of Tech., Surat",INFORMATION TECHNOLOGY,OPEN,2024,12436
148,"Shri Swami Atmanand Saraswati Institute Of Tech., Surat",INFORMATION TECHNOLOGY,SEBC,2024,25518
148,"Shri Swami Atmanand Saraswati Institute Of Tech., Surat",INFORMATION TECHNOLOGY,TFWS,2024,4941
148,"Shri Swami Atmanand Saraswati Institute Of Tech., Surat",MECHANICAL ENGINEERING,OPEN,2024,18499
149,"Shroff S.R.Rotary Inst. Of Chemical Technology, Vatatia,Bharuch",CHEMICAL ENGINEERING,OPEN,2024,28750
149,"Shroff S.R.Rotary Inst. Of Chemical Technology, Vatatia,Bharuch",CHEMICAL ENGINEERING,TFWS,2024,12145
149,"Shroff S.R.Rotary Inst. Of Chemical Technology, Vatatia,Bharuch",CHEMICAL TECHNOLOGY,OPEN,2024,30479
149,"Shroff S.R.Rotary Inst. Of Chemical Technology, Vatatia,Bharuch",COMPUTER ENGINEERING,OPEN,2024,30151
149,"Shroff S.R.Rotary Inst. Of Chemical Technology, Vatatia,Bharuch",ENVIRONMENTAL SCIENCE & TECHNOLOGY,OPEN,2024,29197
150,"Sigma Institute Of Engg., Bakrol",CHEMICAL ENGINEERING,OPEN,2024,29764
150,"Sigma Institute Of Engg., Bakrol",COMPUTER ENGINEERING,OPEN,2024,26502
150,"Sigma Institute Of Engg., Bakrol",COMPUTER ENGINEERING,TFWS,2024,13280
150,"Sigma Institute Of Engg., Bakrol",INFORMATION TECHNOLOGY,OPEN,2024,23384
151,"Silver Oak College Of Engg., & Tech. (WITHIN AMHEDABAD MUNICIPAL CORPORATION LIMIT), Ahmedabad",AERONAUTICAL ENGINEERING,OPEN,2024,5660
151,"Silver Oak College Of Engg., & Tech. (WITHIN AMHEDABAD MUNICIPAL CORPORATION LIMIT), Ahmedabad",BIOTECHNOLOGY,OPEN,2024,21487
151,"Silver Oak College Of Engg., & Tech. (WITHIN AMHEDABAD MUNICIPAL CORPORATION LIMIT), Ahmedabad",BIOTECHNOLOGY,TFWS,2024,17242
151,"Silver Oak College Of Engg., & Tech. (WITHIN AMHEDABAD MUNICIPAL CORPORATION LIMIT), Ahmedabad",CIVIL ENGINEERING,OPEN,2024,9193
151,"Silver Oak College Of Engg., & Tech. (WITHIN AMHEDABAD MUNICIPAL CORPORATION LIMIT), Ahmedabad",COMPUTER ENGINEERING,OPEN,2024,29907
151,"Silver Oak College Of Engg., & Tech. (WITHIN AMHEDABAD MUNICIPAL CORPORATION LIMIT), Ahmedabad",COMPUTER ENGINEERING (ARTIFICIAL INTELLIGENCE AND MACHINE LEARNING),OPEN,2024,30116
151,"Silver Oak College Of Engg., & Tech. (WITHIN AMHEDABAD MUNICIPAL CORPORATION LIMIT), Ahmedabad",COMPUTER SCIENCE & ENGINEERING,OPEN,2024,30462
151,"Silver Oak College Of Engg., & Tech. (WITHIN AMHEDABAD MUNICIPAL CORPORATION LIMIT), Ahmedabad",COMPUTER SCIENCE & ENGINEERING,TFWS,2024,6776
151,"Silver Oak College Of Engg., & Tech. (WITHIN AMHEDABAD MUNICIPAL CORPORATION LIMIT), Ahmedabad",COMPUTER SCIENCE & ENGINEERING (CYBER SECURITY),OPEN,2024,29052
151,"Silver Oak College Of Engg., & Tech. (WITHIN AMHEDABAD MUNICIPAL CORPORATION LIMIT), Ahmedabad",COMPUTER SCIENCE & ENGINEERING (CYBER SECURITY),TFWS,2024,9891
151,"Silver Oak College Of Engg., & Tech. (WITHIN AMHEDABAD MUNICIPAL CORPORATION LIMIT), Ahmedabad",INFORMATION TECHNOLOGY,OPEN,2024,29953
152,"Smt. S.R. Patel Engg. College, Dabhi, Unjha",CIVIL ENGINEERING,OPEN,2024,23818
152,"Smt. S.R. Patel Engg. College, Dabhi, Unjha",COMPUTER ENGINEERING,OPEN,2024,29122
152,"Smt. S.R. Patel Engg. College, Dabhi, Unjha",COMPUTER ENGINEERING,TFWS,2024,10802
153,"Swaminarayan College Of Engg. & Tech., Kalol",COMPUTER ENGINEERING,OPEN,2024,29224
153,"Swaminarayan College Of Engg. & Tech., Kalol",INFORMATION TECHNOLOGY,TFWS,2024,11796
154,Swarrnim Institute of Technology,COMPUTER ENGINEERING,OPEN,2024,29006
154,Swarrnim Institute of Technology,CYBER SECURITY,OPEN,2024,23118
154,Swarrnim Institute of Technology,INFORMATION TECHNOLOGY,OPEN,2024,30325
156,"Unitedworld School of Computational Intelligence, Uvarsad, Gandhinagar",COMPUTER SCIENCE & ENGINEERING,EWS,2024,18141
156,"Unitedworld School of Computational Intelligence, Uvarsad, Gandhinagar",COMPUTER SCIENCE & ENGINEERING,OPEN,2024,13419
156,"Unitedworld School of Computational Intelligence, Uvarsad, Gandhinagar",COMPUTER SCIENCE & ENGINEERING,SC,2024,17212
156,"Unitedworld School of Computational Intelligence, Uvarsad, Gandhinagar",COMPUTER SCIENCE & ENGINEERING,SEBC,2024,29582
156,"Unitedworld School of Computational Intelligence, Uvarsad, Gandhinagar",COMPUTER SCIENCE & ENGINEERING,TFWS,2024,4564
156,"Unitedworld School of Computational Intelligence, Uvarsad, Gandhinagar",COMPUTER SCIENCE & ENGINEERING (ARTIFICIAL INTELLIGENCE AND MACHINE LEARNING),EWS,2024,23540
156,"Unitedworld School of Computational Intelligence, Uvarsad, Gandhinagar",COMPUTER SCIENCE & ENGINEERING (ARTIFICIAL INTELLIGENCE AND MACHINE LEARNING),OPEN,2024,19995
156,"Unitedworld School of Computational Intelligence, Uvarsad, Gandhinagar",COMPUTER SCIENCE & ENGINEERING (ARTIFICIAL INTELLIGENCE AND MACHINE LEARNING),SC,2024,23941
156,"Unitedworld School of Computational Intelligence, Uvarsad, Gandhinagar",COMPUTER SCIENCE & ENGINEERING (ARTIFICIAL INTELLIGENCE AND MACHINE LEARNING),SEBC,2024,29784
156,"Unitedworld School of Computational Intelligence, Uvarsad, Gandhinagar",COMPUTER SCIENCE & ENGINEERING (ARTIFICIAL INTELLIGENCE AND MACHINE LEARNING),TFWS,2024,6085
157,"V.V.P. Engineering College, Rajkot",BIOTECHNOLOGY,OPEN,2024,26419
157,"V.V.P. Engineering College, Rajkot",BIOTECHNOLOGY,TFWS,2024,14149
157,"V.V.P. Engineering College, Rajkot",CHEMICAL ENGINEERING,OPEN,2024,23517
157,"V.V.P. Engineering College, Rajkot",CIVIL ENGINEERING,OPEN,2024,29691
157,"V.V.P. Engineering College, Rajkot",COMPUTER ENGINEERING,DEFENSE,2024,34
157,"V.V.P. Engineering College, Rajkot",COMPUTER ENGINEERING,EWS,2024,18242
157,"V.V.P. Engineering College, Rajkot",COMPUTER ENGINEERING,OPEN,2024,13935
157,"V.V.P. Engineering College, Rajkot",COMPUTER ENGINEERING,SC,2024,28014
157,"V.V.P. Engineering College, Rajkot",COMPUTER ENGINEERING,SEBC,2024,26358
157,"V.V.P. Engineering College, Rajkot",COMPUTER ENGINEERING,ST,2024,14930
157,"V.V.P. Engineering College, Rajkot",COMPUTER ENGINEERING,TFWS,2024,3451
157,"V.V.P. Engineering College, Rajkot",ELECTRICAL ENGINEERING,OPEN,2024,27488
157,"V.V.P. Engineering College, Rajkot",ELECTRONICS & COMMUNICATION ENGINEERING,OPEN,2024,25272
157,"V.V.P. Engineering College, Rajkot",ELECTRONICS & COMMUNICATION ENGINEERING,TFWS,2024,9996
157,"V.V.P. Engineering College, Rajkot",INFORMATION TECHNOLOGY,EWS,2024,27454
157,"V.V.P. Engineering College, Rajkot",INFORMATION TECHNOLOGY,OPEN,2024,22919
157,"V.V.P. Engineering College, Rajkot",INFORMATION TECHNOLOGY,SC,2024,28785
157,"V.V.P. Engineering College, Rajkot",INFORMATION TECHNOLOGY,SEBC,2024,29246
157,"V.V.P. Engineering College, Rajkot",INFORMATION TECHNOLOGY,TFWS,2024,5475
157,"V.V.P. Engineering College, Rajkot",MECHANICAL ENGINEERING,OPEN,2024,17760
158,"VEERAYATAN INSTITUTE OF ENGINEERING TECHNOLOGY & RESEARCH., Mandvi",COMPUTER ENGINEERING,OPEN,2024,26248
158,"VEERAYATAN INSTITUTE OF ENGINEERING TECHNOLOGY & RESEARCH., Mandvi",MECHANICAL ENGINEERING,OPEN,2024,19695
160,"Vadodara Institute of Engineering, Kotambi, Waghodiya, Vadodara",CIVIL ENGINEERING,OPEN,2024,25453
160,"Vadodara Institute of Engineering, Kotambi, Waghodiya, Vadodara",COMPUTER ENGINEERING,OPEN,2024,25458
160,"Vadodara Institute of Engineering, Kotambi, Waghodiya, Vadodara",INFORMATION TECHNOLOGY,OPEN,2024,22280
161,"Vidhyadeep Institute of Engineering & Technology, Anita(Kim), Surat",COMPUTER ENGINEERING,OPEN,2024,27242
161,"Vidhyadeep Institute of Engineering & Technology, Anita(Kim), Surat",COMPUTER ENGINEERING (ARTIFICIAL INTELLIGENCE AND MACHINE LEARNING),OPEN,2024,21618
161,"Vidhyadeep Institute of Engineering & Technology, Anita(Kim), Surat",COMPUTER ENGINEERING (ARTIFICIAL INTELLIGENCE AND MACHINE LEARNING),TFWS,2024,19796
161,"Vidhyadeep Institute of Engineering & Technology, Anita(Kim), Surat",COMPUTER ENGINEERING (Cloud Tech. & Info.Sec.),TFWS,2024,12856
161,"Vidhyadeep Institute of Engineering & Technology, Anita(Kim), Surat",COMPUTER ENGINEERING (Data Science),TFWS,2024,15784
161,"Vidhyadeep Institute of Engineering & Technology, Anita(Kim), Surat",COMPUTER SCIENCE & ENGINEERING (BIG DATA ANALYTICS),TFWS,2024,18147
161,"Vidhyadeep Institute of Engineering & Technology, Anita(Kim), Surat",COMPUTER SCIENCE & ENGINEERING (Block Chain Technology),TFWS,2024,13592
161,"Vidhyadeep Institute of Engineering & Technology, Anita(Kim), Surat",COMPUTER SCIENCE & ENGINEERING (CLOUD COMPUTING),TFWS,2024,14878
161,"Vidhyadeep Institute of Engineering & Technology, Anita(Kim), Surat",COMPUTER SCIENCE & ENGINEERING (CYBER SECURITY),TFWS,2024,13381
161,"Vidhyadeep Institute of Engineering & Technology, Anita(Kim), Surat",COMPUTER SCIENCE & ENGINEERING (Internet of Things),TFWS,2024,22591
161,"Vidhyadeep Institute of Engineering & Technology, Anita(Kim), Surat",INFORMATION TECHNOLOGY,OPEN,2024,30088
161,"Vidhyadeep Institute of Engineering & Technology, Anita(Kim), Surat",INFORMATION TECHNOLOGY,TFWS,2024,16103
161,"Vidhyadeep Institute of Engineering & Technology, Anita(Kim), Surat",MECHANICAL ENGINEERING,OPEN,2024,23096
162,"Vidush Somany Institute Of Tech. & Res., Kadi",COMPUTER ENGINEERING,OPEN,2024,28841
162,"Vidush Somany Institute Of Tech. & Res., Kadi",COMPUTER SCIENCE & ENGINEERING,OPEN,2024,27395
162,"Vidush Somany Institute Of Tech. & Res., Kadi",INFORMATION TECHNOLOGY,OPEN,2024,30529
164,"Vishwakarma Government Engineering College, Chandkheda,Gandhinagar",CHEMICAL ENGINEERING,AI-OPEN,2024,902065
164,"Vishwakarma Government Engineering College, Chandkheda,Gandhinagar",CHEMICAL ENGINEERING,DEFENSE,2024,65
164,"Vishwakarma Government Engineering College, Chandkheda,Gandhinagar",CHEMICAL ENGINEERING,EWS,2024,11385
164,"Vishwakarma Government Engineering College, Chandkheda,Gandhinagar",CHEMICAL ENGINEERING,OPEN,2024,9772
164,"Vishwakarma Government Engineering College, Chandkheda,Gandhinagar",CHEMICAL ENGINEERING,SC,2024,29914
164,"Vishwakarma Government Engineering College, Chandkheda,Gandhinagar",CHEMICAL ENGINEERING,SEBC,2024,13428
164,"Vishwakarma Government Engineering College, Chandkheda,Gandhinagar",CHEMICAL ENGINEERING,ST,2024,30067
164,"Vishwakarma Government Engineering College, Chandkheda,Gandhinagar",CHEMICAL ENGINEERING,TFWS,2024,6729
164,"Vishwakarma Government Engineering College, Chandkheda,Gandhinagar",CIVIL ENGINEERING,AI-OPEN,2024,904430
164,"Vishwakarma Government Engineering College, Chandkheda,Gandhinagar",CIVIL ENGINEERING,EWS,2024,17379
164,"Vishwakarma Government Engineering College, Chandkheda,Gandhinagar",CIVIL ENGINEERING,OPEN,2024,12757
164,"Vishwakarma Government Engineering College, Chandkheda,Gandhinagar",CIVIL ENGINEERING,SC,2024,19334
164,"Vishwakarma Government Engineering College, Chandkheda,Gandhinagar",CIVIL ENGINEERING,SEBC,2024,15192
164,"Vishwakarma Government Engineering College, Chandkheda,Gandhinagar",CIVIL ENGINEERING,ST,2024,23988
164,"Vishwakarma Government Engineering College, Chandkheda,Gandhinagar",CIVIL ENGINEERING,TFWS,2024,7962
164,"Vishwakarma Government Engineering College, Chandkheda,Gandhinagar",COMPUTER ENGINEERING,AI-OPEN,2024,900288
164,"Vishwakarma Government Engineering College, Chandkheda,Gandhinagar",COMPUTER ENGINEERING,DEFENSE,2024,88
164,"Vishwakarma Government Engineering College, Chandkheda,Gandhinagar",COMPUTER ENGINEERING,EWS,2024,1580
164,"Vishwakarma Government Engineering College, Chandkheda,Gandhinagar",COMPUTER ENGINEERING,OPEN,2024,1420
164,"Vishwakarma Government Engineering College, Chandkheda,Gandhinagar",COMPUTER ENGINEERING,SC,2024,4986
164,"Vishwakarma Government Engineering College, Chandkheda,Gandhinagar",COMPUTER ENGINEERING,SEBC,2024,2008
164,"Vishwakarma Government Engineering College, Chandkheda,Gandhinagar",COMPUTER ENGINEERING,ST,2024,19307
164,"Vishwakarma Government Engineering College, Chandkheda,Gandhinagar",COMPUTER ENGINEERING,TFWS,2024,1098
164,"Vishwakarma Government Engineering College, Chandkheda,Gandhinagar",COMPUTER SCIENCE & ENGINEERING (DATA SCIENCE),AI-OPEN,2024,900270
164,"Vishwakarma Government Engineering College, Chandkheda,Gandhinagar",COMPUTER SCIENCE & ENGINEERING (DATA SCIENCE),AI-TFWS,2024,900838
164,"Vishwakarma Government Engineering College, Chandkheda,Gandhinagar",COMPUTER SCIENCE & ENGINEERING (DATA SCIENCE),EWS,2024,2543
164,"Vishwakarma Government Engineering College, Chandkheda,Gandhinagar",COMPUTER SCIENCE & ENGINEERING (DATA SCIENCE),OPEN,2024,2141
164,"Vishwakarma Government Engineering College, Chandkheda,Gandhinagar",COMPUTER SCIENCE & ENGINEERING (DATA SCIENCE),SC,2024,6322
164,"Vishwakarma Government Engineering College, Chandkheda,Gandhinagar",COMPUTER SCIENCE & ENGINEERING (DATA SCIENCE),SEBC,2024,2958
164,"Vishwakarma Government Engineering College, Chandkheda,Gandhinagar",COMPUTER SCIENCE & ENGINEERING (DATA SCIENCE),ST,2024,24763
164,"Vishwakarma Government Engineering College, Chandkheda,Gandhinagar",COMPUTER SCIENCE & ENGINEERING (DATA SCIENCE),TFWS,2024,1676
164,"Vishwakarma Government Engineering College, Chandkheda,Gandhinagar",ELECTRICAL ENGINEERING,AI-OPEN,2024,902740
164,"Vishwakarma Government Engineering College, Chandkheda,Gandhinagar",ELECTRICAL ENGINEERING,AI-TFWS,2024,901454
164,"Vishwakarma Government Engineering College, Chandkheda,Gandhinagar",ELECTRICAL ENGINEERING,DEFENSE,2024,65
164,"Vishwakarma Government Engineering College, Chandkheda,Gandhinagar",ELECTRICAL ENGINEERING,EWS,2024,18509
164,"Vishwakarma Government Engineering College, Chandkheda,Gandhinagar",ELECTRICAL ENGINEERING,OPEN,2024,15213
164,"Vishwakarma Government Engineering College, Chandkheda,Gandhinagar",ELECTRICAL ENGINEERING,SC,2024,25642
164,"Vishwakarma Government Engineering College, Chandkheda,Gandhinagar",ELECTRICAL ENGINEERING,SEBC,2024,21413
164,"Vishwakarma Government Engineering College, Chandkheda,Gandhinagar",ELECTRICAL ENGINEERING,ST,2024,30290
164,"Vishwakarma Government Engineering College, Chandkheda,Gandhinagar",ELECTRICAL ENGINEERING,TFWS,2024,11217
164,"Vishwakarma Government Engineering College, Chandkheda,Gandhinagar",ELECTRONICS & COMMUNICATION ENGINEERING,AI-OPEN,2024,901363
164,"Vishwakarma Government Engineering College, Chandkheda,Gandhinagar",ELECTRONICS & COMMUNICATION ENGINEERING,AI-TFWS,2024,901033
164,"Vishwakarma Government Engineering College, Chandkheda,Gandhinagar",ELECTRONICS & COMMUNICATION ENGINEERING,DEFENSE,2024,71
164,"Vishwakarma Government Engineering College, Chandkheda,Gandhinagar",ELECTRONICS & COMMUNICATION ENGINEERING,EWS,2024,8451
164,"Vishwakarma Government Engineering College, Chandkheda,Gandhinagar",ELECTRONICS & COMMUNICATION ENGINEERING,OPEN,2024,7232
164,"Vishwakarma Government Engineering College, Chandkheda,Gandhinagar",ELECTRONICS & COMMUNICATION ENGINEERING,SC,2024,15335
164,"Vishwakarma Government Engineering College, Chandkheda,Gandhinagar",ELECTRONICS & COMMUNICATION ENGINEERING,SEBC,2024,11332
164,"Vishwakarma Government Engineering College, Chandkheda,Gandhinagar",ELECTRONICS & COMMUNICATION ENGINEERING,TFWS,2024,4542
164,"Vishwakarma Government Engineering College, Chandkheda,Gandhinagar",ELECTRONICS & INSTRUMENTATION ENGINEERING,DEFENSE,2024,31
164,"Vishwakarma Government Engineering College, Chandkheda,Gandhinagar",ELECTRONICS & INSTRUMENTATION ENGINEERING,EWS,2024,21157
164,"Vishwakarma Government Engineering College, Chandkheda,Gandhinagar",ELECTRONICS & INSTRUMENTATION ENGINEERING,OPEN,2024,19966
164,"Vishwakarma Government Engineering College, Chandkheda,Gandhinagar",ELECTRONICS & INSTRUMENTATION ENGINEERING,SC,2024,30172
164,"Vishwakarma Government Engineering College, Chandkheda,Gandhinagar",ELECTRONICS & INSTRUMENTATION ENGINEERING,SEBC,2024,30246
164,"Vishwakarma Government Engineering College, Chandkheda,Gandhinagar",INFORMATION & COMMUNICATION TECHNOLOGY,AI-OPEN,2024,900387
164,"Vishwakarma Government Engineering College, Chandkheda,Gandhinagar",INFORMATION & COMMUNICATION TECHNOLOGY,DEFENSE,2024,80
164,"Vishwakarma Government Engineering College, Chandkheda,Gandhinagar",INFORMATION & COMMUNICATION TECHNOLOGY,EWS,2024,3438
164,"Vishwakarma Government Engineering College, Chandkheda,Gandhinagar",INFORMATION & COMMUNICATION TECHNOLOGY,OPEN,2024,3050
164,"Vishwakarma Government Engineering College, Chandkheda,Gandhinagar",INFORMATION & COMMUNICATION TECHNOLOGY,SC,2024,8365
164,"Vishwakarma Government Engineering College, Chandkheda,Gandhinagar",INFORMATION & COMMUNICATION TECHNOLOGY,SEBC,2024,5487
164,"Vishwakarma Government Engineering College, Chandkheda,Gandhinagar",INFORMATION & COMMUNICATION TECHNOLOGY,ST,2024,22474
164,"Vishwakarma Government Engineering College, Chandkheda,Gandhinagar",INFORMATION & COMMUNICATION TECHNOLOGY,TFWS,2024,2317
164,"Vishwakarma Government Engineering College, Chandkheda,Gandhinagar",INFORMATION TECHNOLOGY,AI-OPEN,2024,900556
164,"Vishwakarma Government Engineering College, Chandkheda,Gandhinagar",INFORMATION TECHNOLOGY,DEFENSE,2024,86
164,"Vishwakarma Government Engineering College, Chandkheda,Gandhinagar",INFORMATION TECHNOLOGY,EWS,2024,1841
164,"Vishwakarma Government Engineering College, Chandkheda,Gandhinagar",INFORMATION TECHNOLOGY,OPEN,2024,1724
164,"Vishwakarma Government Engineering College, Chandkheda,Gandhinagar",INFORMATION TECHNOLOGY,SC,2024,5238
164,"Vishwakarma Government Engineering College, Chandkheda,Gandhinagar",INFORMATION TECHNOLOGY,SEBC,2024,2331
164,"Vishwakarma Government Engineering College, Chandkheda,Gandhinagar",INFORMATION TECHNOLOGY,ST,2024,19924
164,"Vishwakarma Government Engineering College, Chandkheda,Gandhinagar",INFORMATION TECHNOLOGY,TFWS,2024,1331
164,"Vishwakarma Government Engineering College, Chandkheda,Gandhinagar",INSTRUMENTATION & CONTROL ENGINEERING,AI-OPEN,2024,904489
164,"Vishwakarma Government Engineering College, Chandkheda,Gandhinagar",INSTRUMENTATION & CONTROL ENGINEERING,EWS,2024,25505
164,"Vishwakarma Government Engineering College, Chandkheda,Gandhinagar",INSTRUMENTATION & CONTROL ENGINEERING,OPEN,2024,23116
164,"Vishwakarma Government Engineering College, Chandkheda,Gandhinagar",INSTRUMENTATION & CONTROL ENGINEERING,SEBC,2024,29743
164,"Vishwakarma Government Engineering College, Chandkheda,Gandhinagar",MECHANICAL ENGINEERING,AI-OPEN,2024,902374
164,"Vishwakarma Government Engineering College, Chandkheda,Gandhinagar",MECHANICAL ENGINEERING,DEFENSE,2024,52
164,"Vishwakarma Government Engineering College, Chandkheda,Gandhinagar",MECHANICAL ENGINEERING,EWS,2024,15372
164,"Vishwakarma Government Engineering College, Chandkheda,Gandhinagar",MECHANICAL ENGINEERING,OPEN,2024,13698
164,"Vishwakarma Government Engineering College, Chandkheda,Gandhinagar",MECHANICAL ENGINEERING,SC,2024,29607
164,"Vishwakarma Government Engineering College, Chandkheda,Gandhinagar",MECHANICAL ENGINEERING,SEBC,2024,19544
164,"Vishwakarma Government Engineering College, Chandkheda,Gandhinagar",MECHANICAL ENGINEERING,TFWS,2024,10120
164,"Vishwakarma Government Engineering College, Chandkheda,Gandhinagar",POWER ELECTRONICS,AI-OPEN,2024,921368
164,"Vishwakarma Government Engineering College, Chandkheda,Gandhinagar",POWER ELECTRONICS,OPEN,2024,30161
1,"A.D.Patel Institute Of Tech.,Karamsad",ARTIFICIAL INTELLIGENCE AND DATA SCIENCE,EWS,2025,22975
1,"A.D.Patel Institute Of Tech.,Karamsad",ARTIFICIAL INTELLIGENCE AND DATA SCIENCE,OPEN,2025,19924
1,"A.D.Patel Institute Of Tech.,Karamsad",ARTIFICIAL INTELLIGENCE AND DATA SCIENCE,SC,2025,23677
1,"A.D.Patel Institute Of Tech.,Karamsad",ARTIFICIAL INTELLIGENCE AND DATA SCIENCE,SEBC,2025,38163
1,"A.D.Patel Institute Of Tech.,Karamsad",ARTIFICIAL INTELLIGENCE AND DATA SCIENCE,TFWS,2025,5287
1,"A.D.Patel Institute Of Tech.,Karamsad",AUTOMOBILE ENGINEERING,OPEN,2025,30912
1,"A.D.Patel Institute Of Tech.,Karamsad",CIVIL ENGINEERING,OPEN,2025,30712
1,"A.D.Patel Institute Of Tech.,Karamsad",COMPUTER ENGINEERING,ESM,2025,25105
1,"A.D.Patel Institute Of Tech.,Karamsad",COMPUTER ENGINEERING,EWS,2025,10278
1,"A.D.Patel Institute Of Tech.,Karamsad",COMPUTER ENGINEERING,OPEN,2025,9064
1,"A.D.Patel Institute Of Tech.,Karamsad",COMPUTER ENGINEERING,SC,2025,23645
1,"A.D.Patel Institute Of Tech.,Karamsad",COMPUTER ENGINEERING,SEBC,2025,19338
1,"A.D.Patel Institute Of Tech.,Karamsad",COMPUTER ENGINEERING,TFWS,2025,3381
1,"A.D.Patel Institute Of Tech.,Karamsad",COMPUTER SCIENCE & DESIGN,EWS,2025,31356
1,"A.D.Patel Institute Of Tech.,Karamsad",COMPUTER SCIENCE & DESIGN,OPEN,2025,26970
1,"A.D.Patel Institute Of Tech.,Karamsad",COMPUTER SCIENCE & DESIGN,SC,2025,34381
1,"A.D.Patel Institute Of Tech.,Karamsad",COMPUTER SCIENCE & DESIGN,TFWS,2025,8752
1,"A.D.Patel Institute Of Tech.,Karamsad",DAIRY TECHNOLOGY,OPEN,2025,39467
1,"A.D.Patel Institute Of Tech.,Karamsad",ELECTRICAL ENGINEERING,OPEN,2025,50096
1,"A.D.Patel Institute Of Tech.,Karamsad",ELECTRONICS & COMMUNICATION ENGINEERING,OPEN,2025,35117
1,"A.D.Patel Institute Of Tech.,Karamsad",FOOD PROCESSING TECHNOLOGY,OPEN,2025,50523
1,"A.D.Patel Institute Of Tech.,Karamsad",FOOD PROCESSING TECHNOLOGY,TFWS,2025,8529
1,"A.D.Patel Institute Of Tech.,Karamsad",INFORMATION TECHNOLOGY,ESM,2025,29671
1,"A.D.Patel Institute Of Tech.,Karamsad",INFORMATION TECHNOLOGY,EWS,2025,17417
1,"A.D.Patel Institute Of Tech.,Karamsad",INFORMATION TECHNOLOGY,OPEN,2025,15751
1,"A.D.Patel Institute Of Tech.,Karamsad",INFORMATION TECHNOLOGY,SC,2025,30715
1,"A.D.Patel Institute Of Tech.,Karamsad",INFORMATION TECHNOLOGY,SEBC,2025,35209
1,"A.D.Patel Institute Of Tech.,Karamsad",INFORMATION TECHNOLOGY,TFWS,2025,7257
1,"A.D.Patel Institute Of Tech.,Karamsad",MECHANICAL ENGINEERING,OPEN,2025,37741
4,"ADANI UNIVERSITY - FACULTY OF ENGINEERING SCIENCES & TECHNOLOGY (AU-FEST),",COMPUTER SCIENCE & ENGINEERING (ARTIFICIAL INTELLIGENCE AND MACHINE,ESM,2025,27529
4,"ADANI UNIVERSITY - FACULTY OF ENGINEERING SCIENCES & TECHNOLOGY (AU-FEST),",COMPUTER SCIENCE & ENGINEERING (ARTIFICIAL INTELLIGENCE AND MACHINE,EWS,2025,7304
4,"ADANI UNIVERSITY - FACULTY OF ENGINEERING SCIENCES & TECHNOLOGY (AU-FEST),",COMPUTER SCIENCE & ENGINEERING (ARTIFICIAL INTELLIGENCE AND MACHINE,OPEN,2025,5674
4,"ADANI UNIVERSITY - FACULTY OF ENGINEERING SCIENCES & TECHNOLOGY (AU-FEST),",COMPUTER SCIENCE & ENGINEERING (ARTIFICIAL INTELLIGENCE AND MACHINE,SC,2025,14324
4,"ADANI UNIVERSITY - FACULTY OF ENGINEERING SCIENCES & TECHNOLOGY (AU-FEST),",COMPUTER SCIENCE & ENGINEERING (ARTIFICIAL INTELLIGENCE AND MACHINE,SEBC,2025,14117
4,"ADANI UNIVERSITY - FACULTY OF ENGINEERING SCIENCES & TECHNOLOGY (AU-FEST),",COMPUTER SCIENCE & ENGINEERING (ARTIFICIAL INTELLIGENCE AND MACHINE,ST,2025,33680
4,"ADANI UNIVERSITY - FACULTY OF ENGINEERING SCIENCES & TECHNOLOGY (AU-FEST),",COMPUTER SCIENCE & ENGINEERING (ARTIFICIAL INTELLIGENCE AND MACHINE,TFWS,2025,1856
4,"ADANI UNIVERSITY - FACULTY OF ENGINEERING SCIENCES & TECHNOLOGY (AU-FEST),",INFORMATION & COMMUNICATION TECHNOLOGY,EWS,2025,9777
4,"ADANI UNIVERSITY - FACULTY OF ENGINEERING SCIENCES & TECHNOLOGY (AU-FEST),",INFORMATION & COMMUNICATION TECHNOLOGY,OPEN,2025,8940
4,"ADANI UNIVERSITY - FACULTY OF ENGINEERING SCIENCES & TECHNOLOGY (AU-FEST),",INFORMATION & COMMUNICATION TECHNOLOGY,SC,2025,18098
4,"ADANI UNIVERSITY - FACULTY OF ENGINEERING SCIENCES & TECHNOLOGY (AU-FEST),",INFORMATION & COMMUNICATION TECHNOLOGY,SEBC,2025,22043
4,"ADANI UNIVERSITY - FACULTY OF ENGINEERING SCIENCES & TECHNOLOGY (AU-FEST),",INFORMATION & COMMUNICATION TECHNOLOGY,TFWS,2025,2650
6,ADITYA SILVER OAK INSTITUTE OF TECHNOLOGY (WITHIN LIMITS OF AHMEDABAD MUNICIPAL,BIOTECHNOLOGY,OPEN,2025,50183
6,ADITYA SILVER OAK INSTITUTE OF TECHNOLOGY (WITHIN LIMITS OF AHMEDABAD MUNICIPAL,CHEMICAL ENGINEERING,OPEN,2025,23434
6,ADITYA SILVER OAK INSTITUTE OF TECHNOLOGY (WITHIN LIMITS OF AHMEDABAD MUNICIPAL,CIVIL ENGINEERING,OPEN,2025,36957
6,ADITYA SILVER OAK INSTITUTE OF TECHNOLOGY (WITHIN LIMITS OF AHMEDABAD MUNICIPAL,COMPUTER ENGINEERING,OPEN,2025,39965
6,ADITYA SILVER OAK INSTITUTE OF TECHNOLOGY (WITHIN LIMITS OF AHMEDABAD MUNICIPAL,COMPUTER SCIENCE & BIOSCIENCES,OPEN,2025,5441
6,ADITYA SILVER OAK INSTITUTE OF TECHNOLOGY (WITHIN LIMITS OF AHMEDABAD MUNICIPAL,COMPUTER SCIENCE & ENGINEERING,OPEN,2025,50518
6,ADITYA SILVER OAK INSTITUTE OF TECHNOLOGY (WITHIN LIMITS OF AHMEDABAD MUNICIPAL,COMPUTER SCIENCE & ENGINEERING,TFWS,2025,18374
6,ADITYA SILVER OAK INSTITUTE OF TECHNOLOGY (WITHIN LIMITS OF AHMEDABAD MUNICIPAL,ELECTRICAL ENGINEERING,OPEN,2025,38722
6,ADITYA SILVER OAK INSTITUTE OF TECHNOLOGY (WITHIN LIMITS OF AHMEDABAD MUNICIPAL,INFORMATION TECHNOLOGY,OPEN,2025,39354
8,APOLLO INSTITUTE OF ENGINEERING & TECHNOLOGY AHMEDABAD,ARTIFICIAL INTELLIGENCE AND DATA SCIENCE,OPEN,2025,38394
8,APOLLO INSTITUTE OF ENGINEERING & TECHNOLOGY AHMEDABAD,COMPUTER ENGINEERING,OPEN,2025,39684
8,APOLLO INSTITUTE OF ENGINEERING & TECHNOLOGY AHMEDABAD,INFORMATION TECHNOLOGY,OPEN,2025,38206
8,APOLLO INSTITUTE OF ENGINEERING & TECHNOLOGY AHMEDABAD,MECHANICAL ENGINEERING,OPEN,2025,35732
10,"Ahmedabad Institute Of Tech, Ahmedabad",ARTIFICIAL INTELLIGENCE(AI) AND MACHINE LEARNING,EWS,2025,33719
10,"Ahmedabad Institute Of Tech, Ahmedabad",ARTIFICIAL INTELLIGENCE(AI) AND MACHINE LEARNING,OPEN,2025,32111
10,"Ahmedabad Institute Of Tech, Ahmedabad",ARTIFICIAL INTELLIGENCE(AI) AND MACHINE LEARNING,SC,2025,39300
10,"Ahmedabad Institute Of Tech, Ahmedabad",ARTIFICIAL INTELLIGENCE(AI) AND MACHINE LEARNING,SEBC,2025,50490
10,"Ahmedabad Institute Of Tech, Ahmedabad",ARTIFICIAL INTELLIGENCE(AI) AND MACHINE LEARNING,TFWS,2025,12638
10,"Ahmedabad Institute Of Tech, Ahmedabad",AUTOMOBILE ENGINEERING,OPEN,2025,32923
10,"Ahmedabad Institute Of Tech, Ahmedabad",CIVIL ENGINEERING,OPEN,2025,33848
10,"Ahmedabad Institute Of Tech, Ahmedabad",COMPUTER ENGINEERING,OPEN,2025,50297
10,"Ahmedabad Institute Of Tech, Ahmedabad",COMPUTER SCIENCE & ENGINEERING (CYBER SECURITY),OPEN,2025,39734
10,"Ahmedabad Institute Of Tech, Ahmedabad",COMPUTER SCIENCE & ENGINEERING (DATA SCIENCE),OPEN,2025,36883
10,"Ahmedabad Institute Of Tech, Ahmedabad",ELECTRICAL ENGINEERING,OPEN,2025,50637
10,"Ahmedabad Institute Of Tech, Ahmedabad",ELECTRONICS & COMMUNICATION ENGINEERING,OPEN,2025,39072
10,"Ahmedabad Institute Of Tech, Ahmedabad",INFORMATION TECHNOLOGY,OPEN,2025,36502
10,"Ahmedabad Institute Of Tech, Ahmedabad",INFORMATION TECHNOLOGY,TFWS,2025,10226
10,"Ahmedabad Institute Of Tech, Ahmedabad",MECHANICAL ENGINEERING,OPEN,2025,50311
11,"Ahmedabad University, Ahmedabad",CHEMICAL & ENVIRONMENTAL ENGINEERING,EWS,2025,22809
11,"Ahmedabad University, Ahmedabad",CHEMICAL & ENVIRONMENTAL ENGINEERING,OPEN,2025,17482
11,"Ahmedabad University, Ahmedabad",COMPUTER SCIENCE & ENGINEERING,ESM,2025,20879
11,"Ahmedabad University, Ahmedabad",COMPUTER SCIENCE & ENGINEERING,EWS,2025,6856
11,"Ahmedabad University, Ahmedabad",COMPUTER SCIENCE & ENGINEERING,OPEN,2025,4798
11,"Ahmedabad University, Ahmedabad",COMPUTER SCIENCE & ENGINEERING,SC,2025,8908
11,"Ahmedabad University, Ahmedabad",COMPUTER SCIENCE & ENGINEERING,SEBC,2025,18144
11,"Ahmedabad University, Ahmedabad",COMPUTER SCIENCE & ENGINEERING,ST,2025,38392
11,"Ahmedabad University, Ahmedabad",COMPUTER SCIENCE & ENGINEERING,TFWS,2025,969
11,"Ahmedabad University, Ahmedabad",ELECTRICAL AND ELECTRONICS ENGINEERING,OPEN,2025,9268
11,"Ahmedabad University, Ahmedabad",ELECTRICAL AND ELECTRONICS ENGINEERING,SEBC,2025,28594
11,"Ahmedabad University, Ahmedabad",ELECTRICAL AND ELECTRONICS ENGINEERING,TFWS,2025,2979
11,"Ahmedabad University, Ahmedabad",MECHANICAL ENGINEERING,EWS,2025,23276
11,"Ahmedabad University, Ahmedabad",MECHANICAL ENGINEERING,OPEN,2025,12781
11,"Ahmedabad University, Ahmedabad",MECHANICAL ENGINEERING,SC,2025,50451
11,"Ahmedabad University, Ahmedabad",MECHANICAL ENGINEERING,SEBC,2025,37604
11,"Ahmedabad University, Ahmedabad",MECHANICAL ENGINEERING,TFWS,2025,7453
14,"Anant School for Climate Action, Ahmedabad",Climate Change,OPEN,2025,31872
15,"Arrdekta Inst. Of Technology, Khedbrahma, Sabarkantha",COMPUTER ENGINEERING,OPEN,2025,34743
16,Asha M. Tarsadia Institute of Computer Science & Tech. Bardoli,COMPUTER ENGINEERING,OPEN,2025,50475
16,Asha M. Tarsadia Institute of Computer Science & Tech. Bardoli,COMPUTER ENGINEERING (SOFTWARE ENGINEERING),OPEN,2025,50154
16,Asha M. Tarsadia Institute of Computer Science & Tech. Bardoli,COMPUTER SCIENCE & ENGINEERING,OPEN,2025,50638
16,Asha M. Tarsadia Institute of Computer Science & Tech. Bardoli,COMPUTER SCIENCE & ENGINEERING,TFWS,2025,11062
16,Asha M. Tarsadia Institute of Computer Science & Tech. Bardoli,COMPUTER SCIENCE & ENGINEERING (ARTIFICIAL INTELLIGENCE AND MACHINE,OPEN,2025,50220
16,Asha M. Tarsadia Institute of Computer Science & Tech. Bardoli,COMPUTER SCIENCE & ENGINEERING (ARTIFICIAL INTELLIGENCE AND MACHINE,TFWS,2025,5679
16,Asha M. Tarsadia Institute of Computer Science & Tech. Bardoli,COMPUTER SCIENCE & ENGINEERING (CLOUD COMPUTING),OPEN,2025,39305
16,Asha M. Tarsadia Institute of Computer Science & Tech. Bardoli,COMPUTER SCIENCE & ENGINEERING (CYBER SECURITY),OPEN,2025,38788
16,Asha M. Tarsadia Institute of Computer Science & Tech. Bardoli,COMPUTER SCIENCE & ENGINEERING (CYBER SECURITY),TFWS,2025,11605
16,Asha M. Tarsadia Institute of Computer Science & Tech. Bardoli,COMPUTER SCIENCE & ENGINEERING - M.TECH INTEGRATED,OPEN,2025,50385
16,Asha M. Tarsadia Institute of Computer Science & Tech. Bardoli,COMPUTER SCIENCE & ENGINEERING - M.TECH INTEGRATED,TFWS,2025,21181
16,Asha M. Tarsadia Institute of Computer Science & Tech. Bardoli,INFORMATION TECHNOLOGY,OPEN,2025,39704
17,"Atmiya University, Faculty of Engineering and Technology, Rajkot",CIVIL ENGINEERING,OPEN,2025,29459
17,"Atmiya University, Faculty of Engineering and Technology, Rajkot",COMPUTER ENGINEERING,OPEN,2025,50484
17,"Atmiya University, Faculty of Engineering and Technology, Rajkot",COMPUTER ENGINEERING,TFWS,2025,8045
17,"Atmiya University, Faculty of Engineering and Technology, Rajkot",COMPUTER SCIENCE & ENGINEERING,OPEN,2025,50381
17,"Atmiya University, Faculty of Engineering and Technology, Rajkot",COMPUTER SCIENCE & ENGINEERING,TFWS,2025,7915
17,"Atmiya University, Faculty of Engineering and Technology, Rajkot",INFORMATION TECHNOLOGY,OPEN,2025,34047
17,"Atmiya University, Faculty of Engineering and Technology, Rajkot",INFORMATION TECHNOLOGY,TFWS,2025,8724
18,"B.H.Gardi College Of Engg. & Technology , Rajkot",COMPUTER ENGINEERING,OPEN,2025,28766
18,"B.H.Gardi College Of Engg. & Technology , Rajkot",COMPUTER SCIENCE & ENGINEERING,OPEN,2025,29068
19,"Bhagwan Arihant Institute of Tech., Surat",CHEMICAL ENGINEERING,OPEN,2025,32154
19,"Bhagwan Arihant Institute of Tech., Surat",COMPUTER ENGINEERING,OPEN,2025,39429
19,"Bhagwan Arihant Institute of Tech., Surat",INFORMATION TECHNOLOGY,OPEN,2025,50052
19,"Bhagwan Arihant Institute of Tech., Surat",PHARMACEUTICAL ENGINEERING,OPEN,2025,50181
20,"Bhagwan Mahavir College Of Engg. And Tech., Surat",CIVIL ENGINEERING,OPEN,2025,38430
20,"Bhagwan Mahavir College Of Engg. And Tech., Surat",COMPUTER ENGINEERING,OPEN,2025,39681
20,"Bhagwan Mahavir College Of Engg. And Tech., Surat",COMPUTER ENGINEERING,TFWS,2025,19818
20,"Bhagwan Mahavir College Of Engg. And Tech., Surat",COMPUTER ENGINEERING (ARTIFICIAL INTELLIGENCE AND MACHINE LEARNING),OPEN,2025,39694
20,"Bhagwan Mahavir College Of Engg. And Tech., Surat",COMPUTER ENGINEERING (ARTIFICIAL INTELLIGENCE AND MACHINE LEARNING),TFWS,2025,27671
20,"Bhagwan Mahavir College Of Engg. And Tech., Surat",COMPUTER ENGINEERING (Data Science),OPEN,2025,34045
20,"Bhagwan Mahavir College Of Engg. And Tech., Surat",COMPUTER ENGINEERING (Data Science),TFWS,2025,28693
20,"Bhagwan Mahavir College Of Engg. And Tech., Surat",MECHANICAL ENGINEERING,OPEN,2025,37960
21,"Birla Vishvakarma Maha Vidhyalaya(Gia), V.V.Nagar",CIVIL ENGINEERING,ESM,2025,37407
21,"Birla Vishvakarma Maha Vidhyalaya(Gia), V.V.Nagar",CIVIL ENGINEERING,EWS,2025,26052
21,"Birla Vishvakarma Maha Vidhyalaya(Gia), V.V.Nagar",CIVIL ENGINEERING,OPEN,2025,20587
21,"Birla Vishvakarma Maha Vidhyalaya(Gia), V.V.Nagar",CIVIL ENGINEERING,OPEN_AI_RANK,2025,903548
21,"Birla Vishvakarma Maha Vidhyalaya(Gia), V.V.Nagar",CIVIL ENGINEERING,SC,2025,36890
21,"Birla Vishvakarma Maha Vidhyalaya(Gia), V.V.Nagar",CIVIL ENGINEERING,SEBC,2025,25975
21,"Birla Vishvakarma Maha Vidhyalaya(Gia), V.V.Nagar",CIVIL ENGINEERING,ST,2025,37474
21,"Birla Vishvakarma Maha Vidhyalaya(Gia), V.V.Nagar",CIVIL ENGINEERING,TFWS,2025,10399
21,"Birla Vishvakarma Maha Vidhyalaya(Gia), V.V.Nagar",COMPUTER ENGINEERING,ESM,2025,9664
21,"Birla Vishvakarma Maha Vidhyalaya(Gia), V.V.Nagar",COMPUTER ENGINEERING,EWS,2025,1602
21,"Birla Vishvakarma Maha Vidhyalaya(Gia), V.V.Nagar",COMPUTER ENGINEERING,OPEN,2025,1307
21,"Birla Vishvakarma Maha Vidhyalaya(Gia), V.V.Nagar",COMPUTER ENGINEERING,OPEN_AI_RANK,2025,900863
21,"Birla Vishvakarma Maha Vidhyalaya(Gia), V.V.Nagar",COMPUTER ENGINEERING,SC,2025,7288
21,"Birla Vishvakarma Maha Vidhyalaya(Gia), V.V.Nagar",COMPUTER ENGINEERING,SEBC,2025,1970
21,"Birla Vishvakarma Maha Vidhyalaya(Gia), V.V.Nagar",COMPUTER ENGINEERING,ST,2025,29085
21,"Birla Vishvakarma Maha Vidhyalaya(Gia), V.V.Nagar",COMPUTER ENGINEERING,TFWS,2025,536
21,"Birla Vishvakarma Maha Vidhyalaya(Gia), V.V.Nagar",COMPUTER ENGINEERING,TFWS_AI_RANK,2025,901112
21,"Birla Vishvakarma Maha Vidhyalaya(Gia), V.V.Nagar",ELECTRICAL ENGINEERING,EWS,2025,17115
21,"Birla Vishvakarma Maha Vidhyalaya(Gia), V.V.Nagar",ELECTRICAL ENGINEERING,OPEN,2025,12335
21,"Birla Vishvakarma Maha Vidhyalaya(Gia), V.V.Nagar",ELECTRICAL ENGINEERING,OPEN_AI_RANK,2025,901744
21,"Birla Vishvakarma Maha Vidhyalaya(Gia), V.V.Nagar",ELECTRICAL ENGINEERING,SC,2025,28984
21,"Birla Vishvakarma Maha Vidhyalaya(Gia), V.V.Nagar",ELECTRICAL ENGINEERING,SEBC,2025,16318
21,"Birla Vishvakarma Maha Vidhyalaya(Gia), V.V.Nagar",ELECTRICAL ENGINEERING,ST,2025,39094
21,"Birla Vishvakarma Maha Vidhyalaya(Gia), V.V.Nagar",ELECTRICAL ENGINEERING,TFWS,2025,7715
21,"Birla Vishvakarma Maha Vidhyalaya(Gia), V.V.Nagar",ELECTRONICS ENGINEERING,EWS,2025,9224
21,"Birla Vishvakarma Maha Vidhyalaya(Gia), V.V.Nagar",ELECTRONICS ENGINEERING,OPEN,2025,8417
21,"Birla Vishvakarma Maha Vidhyalaya(Gia), V.V.Nagar",ELECTRONICS ENGINEERING,OPEN_AI_RANK,2025,901095
21,"Birla Vishvakarma Maha Vidhyalaya(Gia), V.V.Nagar",ELECTRONICS ENGINEERING,SC,2025,38995
21,"Birla Vishvakarma Maha Vidhyalaya(Gia), V.V.Nagar",ELECTRONICS ENGINEERING,SEBC,2025,14905
21,"Birla Vishvakarma Maha Vidhyalaya(Gia), V.V.Nagar",ELECTRONICS ENGINEERING,ST,2025,39717
21,"Birla Vishvakarma Maha Vidhyalaya(Gia), V.V.Nagar",ELECTRONICS ENGINEERING,TFWS,2025,3649
21,"Birla Vishvakarma Maha Vidhyalaya(Gia), V.V.Nagar",MECHANICAL ENGINEERING,ESM,2025,34014
21,"Birla Vishvakarma Maha Vidhyalaya(Gia), V.V.Nagar",MECHANICAL ENGINEERING,EWS,2025,12993
21,"Birla Vishvakarma Maha Vidhyalaya(Gia), V.V.Nagar",MECHANICAL ENGINEERING,OPEN,2025,11123
21,"Birla Vishvakarma Maha Vidhyalaya(Gia), V.V.Nagar",MECHANICAL ENGINEERING,OPEN_AI_RANK,2025,902071
21,"Birla Vishvakarma Maha Vidhyalaya(Gia), V.V.Nagar",MECHANICAL ENGINEERING,SC,2025,28107
21,"Birla Vishvakarma Maha Vidhyalaya(Gia), V.V.Nagar",MECHANICAL ENGINEERING,SEBC,2025,16285
21,"Birla Vishvakarma Maha Vidhyalaya(Gia), V.V.Nagar",MECHANICAL ENGINEERING,ST,2025,38364
21,"Birla Vishvakarma Maha Vidhyalaya(Gia), V.V.Nagar",MECHANICAL ENGINEERING,TFWS,2025,6651
21,"Birla Vishvakarma Maha Vidhyalaya(Gia), V.V.Nagar",PRODUCTION ENGINEERING,OPEN,2025,39608
21,"Birla Vishvakarma Maha Vidhyalaya(Gia), V.V.Nagar",PRODUCTION ENGINEERING,OPEN_AI_RANK,2025,990117
22,"Birla Vishvakarma Maha Vidhylaya(Sfi), V.V.Nagar",COMPUTER ENGINEERING,ESM,2025,17771
22,"Birla Vishvakarma Maha Vidhylaya(Sfi), V.V.Nagar",COMPUTER ENGINEERING,EWS,2025,3059
22,"Birla Vishvakarma Maha Vidhylaya(Sfi), V.V.Nagar",COMPUTER ENGINEERING,OPEN,2025,2556
22,"Birla Vishvakarma Maha Vidhylaya(Sfi), V.V.Nagar",COMPUTER ENGINEERING,SC,2025,8901
22,"Birla Vishvakarma Maha Vidhylaya(Sfi), V.V.Nagar",COMPUTER ENGINEERING,SEBC,2025,4655
22,"Birla Vishvakarma Maha Vidhylaya(Sfi), V.V.Nagar",COMPUTER ENGINEERING,ST,2025,39457
22,"Birla Vishvakarma Maha Vidhylaya(Sfi), V.V.Nagar",COMPUTER ENGINEERING,TFWS,2025,1414
22,"Birla Vishvakarma Maha Vidhylaya(Sfi), V.V.Nagar",ELECTRONICS & COMMUNICATION ENGINEERING,EWS,2025,12039
22,"Birla Vishvakarma Maha Vidhylaya(Sfi), V.V.Nagar",ELECTRONICS & COMMUNICATION ENGINEERING,OPEN,2025,11382
22,"Birla Vishvakarma Maha Vidhylaya(Sfi), V.V.Nagar",ELECTRONICS & COMMUNICATION ENGINEERING,SC,2025,31760
22,"Birla Vishvakarma Maha Vidhylaya(Sfi), V.V.Nagar",ELECTRONICS & COMMUNICATION ENGINEERING,SEBC,2025,26715
22,"Birla Vishvakarma Maha Vidhylaya(Sfi), V.V.Nagar",ELECTRONICS & COMMUNICATION ENGINEERING,TFWS,2025,3014
22,"Birla Vishvakarma Maha Vidhylaya(Sfi), V.V.Nagar",INFORMATION TECHNOLOGY,EWS,2025,5109
22,"Birla Vishvakarma Maha Vidhylaya(Sfi), V.V.Nagar",INFORMATION TECHNOLOGY,OPEN,2025,4335
22,"Birla Vishvakarma Maha Vidhylaya(Sfi), V.V.Nagar",INFORMATION TECHNOLOGY,SC,2025,33969
22,"Birla Vishvakarma Maha Vidhylaya(Sfi), V.V.Nagar",INFORMATION TECHNOLOGY,SEBC,2025,8431
22,"Birla Vishvakarma Maha Vidhylaya(Sfi), V.V.Nagar",INFORMATION TECHNOLOGY,ST,2025,39644
22,"Birla Vishvakarma Maha Vidhylaya(Sfi), V.V.Nagar",INFORMATION TECHNOLOGY,TFWS,2025,1389
22,"Birla Vishvakarma Maha Vidhylaya(Sfi), V.V.Nagar",MECHANICAL ENGINEERING,EWS,2025,18352
22,"Birla Vishvakarma Maha Vidhylaya(Sfi), V.V.Nagar",MECHANICAL ENGINEERING,OPEN,2025,17282
22,"Birla Vishvakarma Maha Vidhylaya(Sfi), V.V.Nagar",MECHANICAL ENGINEERING,SEBC,2025,24953
22,"Birla Vishvakarma Maha Vidhylaya(Sfi), V.V.Nagar",MECHANICAL ENGINEERING,TFWS,2025,9607
23,"C. K. Pithawala College Of Engg. & Tech., Surat",CIVIL ENGINEERING,OPEN,2025,40054
23,"C. K. Pithawala College Of Engg. & Tech., Surat",COMPUTER ENGINEERING,EWS,2025,25570
23,"C. K. Pithawala College Of Engg. & Tech., Surat",COMPUTER ENGINEERING,OPEN,2025,19513
23,"C. K. Pithawala College Of Engg. & Tech., Surat",COMPUTER ENGINEERING,SC,2025,33387
23,"C. K. Pithawala College Of Engg. & Tech., Surat",COMPUTER ENGINEERING,SEBC,2025,30957
23,"C. K. Pithawala College Of Engg. & Tech., Surat",COMPUTER ENGINEERING,ST,2025,28649
23,"C. K. Pithawala College Of Engg. & Tech., Surat",COMPUTER ENGINEERING,TFWS,2025,8438
23,"C. K. Pithawala College Of Engg. & Tech., Surat",ELECTRICAL ENGINEERING,OPEN,2025,50585
23,"C. K. Pithawala College Of Engg. & Tech., Surat",ELECTRICAL ENGINEERING,TFWS,2025,27474
23,"C. K. Pithawala College Of Engg. & Tech., Surat",INFORMATION TECHNOLOGY,EWS,2025,27218
23,"C. K. Pithawala College Of Engg. & Tech., Surat",INFORMATION TECHNOLOGY,OPEN,2025,25322
23,"C. K. Pithawala College Of Engg. & Tech., Surat",INFORMATION TECHNOLOGY,SEBC,2025,33382
23,"C. K. Pithawala College Of Engg. & Tech., Surat",INFORMATION TECHNOLOGY,TFWS,2025,7905
23,"C. K. Pithawala College Of Engg. & Tech., Surat",MECHANICAL ENGINEERING,OPEN,2025,50573
24,"C.U.Shah College Of Engg.& Tech.,Wadhvan",COMPUTER ENGINEERING,OPEN,2025,38612
27,Charotar University of Science & Technology (CHARUSAT) - Chandubhai S Patel Institute Of,ARTIFICIAL INTELLIGENCE(AI) AND MACHINE LEARNING,EWS,2025,8203
27,Charotar University of Science & Technology (CHARUSAT) - Chandubhai S Patel Institute Of,ARTIFICIAL INTELLIGENCE(AI) AND MACHINE LEARNING,OPEN,2025,5650
27,Charotar University of Science & Technology (CHARUSAT) - Chandubhai S Patel Institute Of,ARTIFICIAL INTELLIGENCE(AI) AND MACHINE LEARNING,SC,2025,19118
27,Charotar University of Science & Technology (CHARUSAT) - Chandubhai S Patel Institute Of,ARTIFICIAL INTELLIGENCE(AI) AND MACHINE LEARNING,SEBC,2025,17627
27,Charotar University of Science & Technology (CHARUSAT) - Chandubhai S Patel Institute Of,ARTIFICIAL INTELLIGENCE(AI) AND MACHINE LEARNING,ST,2025,33455
27,Charotar University of Science & Technology (CHARUSAT) - Chandubhai S Patel Institute Of,ARTIFICIAL INTELLIGENCE(AI) AND MACHINE LEARNING,TFWS,2025,1445
27,Charotar University of Science & Technology (CHARUSAT) - Chandubhai S Patel Institute Of,CIVIL ENGINEERING,OPEN,2025,35801
27,Charotar University of Science & Technology (CHARUSAT) - Chandubhai S Patel Institute Of,COMPUTER ENGINEERING,ESM,2025,11721
27,Charotar University of Science & Technology (CHARUSAT) - Chandubhai S Patel Institute Of,COMPUTER ENGINEERING,EWS,2025,4155
27,Charotar University of Science & Technology (CHARUSAT) - Chandubhai S Patel Institute Of,COMPUTER ENGINEERING,OPEN,2025,3641
27,Charotar University of Science & Technology (CHARUSAT) - Chandubhai S Patel Institute Of,COMPUTER ENGINEERING,SC,2025,17512
27,Charotar University of Science & Technology (CHARUSAT) - Chandubhai S Patel Institute Of,COMPUTER ENGINEERING,SEBC,2025,8126
27,Charotar University of Science & Technology (CHARUSAT) - Chandubhai S Patel Institute Of,COMPUTER ENGINEERING,TFWS,2025,1405
27,Charotar University of Science & Technology (CHARUSAT) - Chandubhai S Patel Institute Of,COMPUTER SCIENCE & ENGINEERING,ESM,2025,12079
27,Charotar University of Science & Technology (CHARUSAT) - Chandubhai S Patel Institute Of,COMPUTER SCIENCE & ENGINEERING,EWS,2025,2770
27,Charotar University of Science & Technology (CHARUSAT) - Chandubhai S Patel Institute Of,COMPUTER SCIENCE & ENGINEERING,OPEN,2025,2438
27,Charotar University of Science & Technology (CHARUSAT) - Chandubhai S Patel Institute Of,COMPUTER SCIENCE & ENGINEERING,SC,2025,9620
27,Charotar University of Science & Technology (CHARUSAT) - Chandubhai S Patel Institute Of,COMPUTER SCIENCE & ENGINEERING,SEBC,2025,4814
27,Charotar University of Science & Technology (CHARUSAT) - Chandubhai S Patel Institute Of,COMPUTER SCIENCE & ENGINEERING,ST,2025,39208
27,Charotar University of Science & Technology (CHARUSAT) - Chandubhai S Patel Institute Of,COMPUTER SCIENCE & ENGINEERING,TFWS,2025,1076
27,Charotar University of Science & Technology (CHARUSAT) - Chandubhai S Patel Institute Of,ELECTRICAL ENGINEERING,EWS,2025,28335
27,Charotar University of Science & Technology (CHARUSAT) - Chandubhai S Patel Institute Of,ELECTRICAL ENGINEERING,OPEN,2025,23550
27,Charotar University of Science & Technology (CHARUSAT) - Chandubhai S Patel Institute Of,ELECTRICAL ENGINEERING,SEBC,2025,30506
27,Charotar University of Science & Technology (CHARUSAT) - Chandubhai S Patel Institute Of,ELECTRONICS & COMMUNICATION ENGINEERING,ESM,2025,21235
27,Charotar University of Science & Technology (CHARUSAT) - Chandubhai S Patel Institute Of,ELECTRONICS & COMMUNICATION ENGINEERING,EWS,2025,15289
27,Charotar University of Science & Technology (CHARUSAT) - Chandubhai S Patel Institute Of,ELECTRONICS & COMMUNICATION ENGINEERING,OPEN,2025,13863
27,Charotar University of Science & Technology (CHARUSAT) - Chandubhai S Patel Institute Of,ELECTRONICS & COMMUNICATION ENGINEERING,SC,2025,27032
27,Charotar University of Science & Technology (CHARUSAT) - Chandubhai S Patel Institute Of,ELECTRONICS & COMMUNICATION ENGINEERING,SEBC,2025,50058
27,Charotar University of Science & Technology (CHARUSAT) - Chandubhai S Patel Institute Of,ELECTRONICS & COMMUNICATION ENGINEERING,TFWS,2025,5963
27,Charotar University of Science & Technology (CHARUSAT) - Chandubhai S Patel Institute Of,INFORMATION TECHNOLOGY,ESM,2025,16613
27,Charotar University of Science & Technology (CHARUSAT) - Chandubhai S Patel Institute Of,INFORMATION TECHNOLOGY,EWS,2025,6090
27,Charotar University of Science & Technology (CHARUSAT) - Chandubhai S Patel Institute Of,INFORMATION TECHNOLOGY,OPEN,2025,5586
27,Charotar University of Science & Technology (CHARUSAT) - Chandubhai S Patel Institute Of,INFORMATION TECHNOLOGY,SC,2025,31007
27,Charotar University of Science & Technology (CHARUSAT) - Chandubhai S Patel Institute Of,INFORMATION TECHNOLOGY,SEBC,2025,13646
27,Charotar University of Science & Technology (CHARUSAT) - Chandubhai S Patel Institute Of,INFORMATION TECHNOLOGY,ST,2025,33319
27,Charotar University of Science & Technology (CHARUSAT) - Chandubhai S Patel Institute Of,INFORMATION TECHNOLOGY,TFWS,2025,1505
27,Charotar University of Science & Technology (CHARUSAT) - Chandubhai S Patel Institute Of,MECHANICAL ENGINEERING,EWS,2025,30907
27,Charotar University of Science & Technology (CHARUSAT) - Chandubhai S Patel Institute Of,MECHANICAL ENGINEERING,OPEN,2025,25306
27,Charotar University of Science & Technology (CHARUSAT) - Chandubhai S Patel Institute Of,MECHANICAL ENGINEERING,SEBC,2025,39259
29,Charotar University of Science & Technology (CHARUSAT) - Devang Patel Institute of Advance Technology,COMPUTER ENGINEERING,EWS,2025,6674
29,Charotar University of Science & Technology (CHARUSAT) - Devang Patel Institute of Advance Technology,COMPUTER ENGINEERING,OPEN,2025,5880
29,Charotar University of Science & Technology (CHARUSAT) - Devang Patel Institute of Advance Technology,COMPUTER ENGINEERING,SC,2025,14661
29,Charotar University of Science & Technology (CHARUSAT) - Devang Patel Institute of Advance Technology,COMPUTER ENGINEERING,SEBC,2025,12375
29,Charotar University of Science & Technology (CHARUSAT) - Devang Patel Institute of Advance Technology,COMPUTER ENGINEERING,ST,2025,28378
29,Charotar University of Science & Technology (CHARUSAT) - Devang Patel Institute of Advance Technology,COMPUTER ENGINEERING,TFWS,2025,1831
29,Charotar University of Science & Technology (CHARUSAT) - Devang Patel Institute of Advance Technology,COMPUTER SCIENCE & ENGINEERING,EWS,2025,5845
29,Charotar University of Science & Technology (CHARUSAT) - Devang Patel Institute of Advance Technology,COMPUTER SCIENCE & ENGINEERING,OPEN,2025,4880
29,Charotar University of Science & Technology (CHARUSAT) - Devang Patel Institute of Advance Technology,COMPUTER SCIENCE & ENGINEERING,SC,2025,13219
29,Charotar University of Science & Technology (CHARUSAT) - Devang Patel Institute of Advance Technology,COMPUTER SCIENCE & ENGINEERING,SEBC,2025,10491
29,Charotar University of Science & Technology (CHARUSAT) - Devang Patel Institute of Advance Technology,COMPUTER SCIENCE & ENGINEERING,ST,2025,39578
29,Charotar University of Science & Technology (CHARUSAT) - Devang Patel Institute of Advance Technology,COMPUTER SCIENCE & ENGINEERING,TFWS,2025,1827
29,Charotar University of Science & Technology (CHARUSAT) - Devang Patel Institute of Advance Technology,INFORMATION TECHNOLOGY,ESM,2025,24079
29,Charotar University of Science & Technology (CHARUSAT) - Devang Patel Institute of Advance Technology,INFORMATION TECHNOLOGY,EWS,2025,8524
29,Charotar University of Science & Technology (CHARUSAT) - Devang Patel Institute of Advance Technology,INFORMATION TECHNOLOGY,OPEN,2025,7620
29,Charotar University of Science & Technology (CHARUSAT) - Devang Patel Institute of Advance Technology,INFORMATION TECHNOLOGY,SC,2025,27724
29,Charotar University of Science & Technology (CHARUSAT) - Devang Patel Institute of Advance Technology,INFORMATION TECHNOLOGY,SEBC,2025,18009
29,Charotar University of Science & Technology (CHARUSAT) - Devang Patel Institute of Advance Technology,INFORMATION TECHNOLOGY,TFWS,2025,2235
31,"Chhotubhai Gopalbhai Patel Institute Of Tech., Tarsadi, Bardoli",AGRICULTURAL TECHNOLOGY,OPEN,2025,9654
31,"Chhotubhai Gopalbhai Patel Institute Of Tech., Tarsadi, Bardoli",AGRICULTURAL TECHNOLOGY,TFWS,2025,19967
31,"Chhotubhai Gopalbhai Patel Institute Of Tech., Tarsadi, Bardoli",ARTIFICIAL INTELLIGENCE AND DATA SCIENCE,OPEN,2025,39649
31,"Chhotubhai Gopalbhai Patel Institute Of Tech., Tarsadi, Bardoli",CHEMICAL ENGINEERING,OPEN,2025,38581
31,"Chhotubhai Gopalbhai Patel Institute Of Tech., Tarsadi, Bardoli",CIVIL ENGINEERING,OPEN,2025,36552
31,"Chhotubhai Gopalbhai Patel Institute Of Tech., Tarsadi, Bardoli",COMPUTER ENGINEERING,OPEN,2025,50445
31,"Chhotubhai Gopalbhai Patel Institute Of Tech., Tarsadi, Bardoli",COMPUTER ENGINEERING,TFWS,2025,12970
31,"Chhotubhai Gopalbhai Patel Institute Of Tech., Tarsadi, Bardoli",CYBER SECURITY,OPEN,2025,29273
31,"Chhotubhai Gopalbhai Patel Institute Of Tech., Tarsadi, Bardoli",ELECTRICAL ENGINEERING,OPEN,2025,50528
31,"Chhotubhai Gopalbhai Patel Institute Of Tech., Tarsadi, Bardoli",ELECTRONICS & COMMUNICATION ENGINEERING,OPEN,2025,50203
31,"Chhotubhai Gopalbhai Patel Institute Of Tech., Tarsadi, Bardoli",INFORMATION & COMMUNICATION TECHNOLOGY,OPEN,2025,17796
31,"Chhotubhai Gopalbhai Patel Institute Of Tech., Tarsadi, Bardoli",INFORMATION TECHNOLOGY,OPEN,2025,50409
31,"Chhotubhai Gopalbhai Patel Institute Of Tech., Tarsadi, Bardoli",INFORMATION TECHNOLOGY,TFWS,2025,15700
31,"Chhotubhai Gopalbhai Patel Institute Of Tech., Tarsadi, Bardoli",MECHANICAL ENGINEERING,OPEN,2025,37240
31,"Chhotubhai Gopalbhai Patel Institute Of Tech., Tarsadi, Bardoli",MECHATRONICS ENGINEERING,OPEN,2025,37464
32,"D. A. Degree Engineering and Technology, Mahemdabad, Kheda",COMPUTER ENGINEERING,OPEN,2025,39593
32,"D. A. Degree Engineering and Technology, Mahemdabad, Kheda",MECHANICAL ENGINEERING,OPEN,2025,36037
33,DR. S & S.S.Ghandhi Government Engineering College Surat,CIVIL ENGINEERING,EWS,2025,50102
33,DR. S & S.S.Ghandhi Government Engineering College Surat,CIVIL ENGINEERING,OPEN,2025,25768
33,DR. S & S.S.Ghandhi Government Engineering College Surat,CIVIL ENGINEERING,OPEN_AI_RANK,2025,904644
33,DR. S & S.S.Ghandhi Government Engineering College Surat,CIVIL ENGINEERING,SC,2025,39970
33,DR. S & S.S.Ghandhi Government Engineering College Surat,CIVIL ENGINEERING,SEBC,2025,50545
33,DR. S & S.S.Ghandhi Government Engineering College Surat,CIVIL ENGINEERING,ST,2025,39133
33,DR. S & S.S.Ghandhi Government Engineering College Surat,CIVIL ENGINEERING,TFWS,2025,15082
33,DR. S & S.S.Ghandhi Government Engineering College Surat,COMPUTER ENGINEERING,ESM,2025,12491
33,DR. S & S.S.Ghandhi Government Engineering College Surat,COMPUTER ENGINEERING,EWS,2025,6054
33,DR. S & S.S.Ghandhi Government Engineering College Surat,COMPUTER ENGINEERING,OPEN,2025,4547
33,DR. S & S.S.Ghandhi Government Engineering College Surat,COMPUTER ENGINEERING,OPEN_AI_RANK,2025,901709
33,DR. S & S.S.Ghandhi Government Engineering College Surat,COMPUTER ENGINEERING,SC,2025,29294
33,DR. S & S.S.Ghandhi Government Engineering College Surat,COMPUTER ENGINEERING,SEBC,2025,7220
33,DR. S & S.S.Ghandhi Government Engineering College Surat,COMPUTER ENGINEERING,ST,2025,28092
33,DR. S & S.S.Ghandhi Government Engineering College Surat,COMPUTER ENGINEERING,TFWS,2025,2296
33,DR. S & S.S.Ghandhi Government Engineering College Surat,ELECTRICAL ENGINEERING,EWS,2025,36910
33,DR. S & S.S.Ghandhi Government Engineering College Surat,ELECTRICAL ENGINEERING,OPEN,2025,24762
33,DR. S & S.S.Ghandhi Government Engineering College Surat,ELECTRICAL ENGINEERING,OPEN_AI_RANK,2025,903672
33,DR. S & S.S.Ghandhi Government Engineering College Surat,ELECTRICAL ENGINEERING,SC,2025,37244
33,DR. S & S.S.Ghandhi Government Engineering College Surat,ELECTRICAL ENGINEERING,SEBC,2025,39669
33,DR. S & S.S.Ghandhi Government Engineering College Surat,ELECTRICAL ENGINEERING,ST,2025,50061
33,DR. S & S.S.Ghandhi Government Engineering College Surat,ELECTRICAL ENGINEERING,TFWS,2025,14426
33,DR. S & S.S.Ghandhi Government Engineering College Surat,ELECTRICAL ENGINEERING,TFWS_AI_RANK,2025,904759
33,DR. S & S.S.Ghandhi Government Engineering College Surat,ELECTRONICS & COMMUNICATION ENGINEERING,EWS,2025,18316
33,DR. S & S.S.Ghandhi Government Engineering College Surat,ELECTRONICS & COMMUNICATION ENGINEERING,OPEN,2025,15806
33,DR. S & S.S.Ghandhi Government Engineering College Surat,ELECTRONICS & COMMUNICATION ENGINEERING,OPEN_AI_RANK,2025,902462
33,DR. S & S.S.Ghandhi Government Engineering College Surat,ELECTRONICS & COMMUNICATION ENGINEERING,SC,2025,39089
33,DR. S & S.S.Ghandhi Government Engineering College Surat,ELECTRONICS & COMMUNICATION ENGINEERING,SEBC,2025,27443
33,DR. S & S.S.Ghandhi Government Engineering College Surat,ELECTRONICS & COMMUNICATION ENGINEERING,ST,2025,38230
33,DR. S & S.S.Ghandhi Government Engineering College Surat,ELECTRONICS & COMMUNICATION ENGINEERING,TFWS,2025,8584
33,DR. S & S.S.Ghandhi Government Engineering College Surat,ELECTRONICS & COMMUNICATION ENGINEERING,TFWS_AI_RANK,2025,901850
33,DR. S & S.S.Ghandhi Government Engineering College Surat,ENVIRONMENTAL ENGINEERING,OPEN,2025,50606
33,DR. S & S.S.Ghandhi Government Engineering College Surat,ENVIRONMENTAL ENGINEERING,OPEN_AI_RANK,2025,931210
33,DR. S & S.S.Ghandhi Government Engineering College Surat,MECHANICAL ENGINEERING,EWS,2025,31310
33,DR. S & S.S.Ghandhi Government Engineering College Surat,MECHANICAL ENGINEERING,OPEN,2025,23901
33,DR. S & S.S.Ghandhi Government Engineering College Surat,MECHANICAL ENGINEERING,OPEN_AI_RANK,2025,904544
33,DR. S & S.S.Ghandhi Government Engineering College Surat,MECHANICAL ENGINEERING,SC,2025,50575
33,DR. S & S.S.Ghandhi Government Engineering College Surat,MECHANICAL ENGINEERING,SEBC,2025,37724
33,DR. S & S.S.Ghandhi Government Engineering College Surat,MECHANICAL ENGINEERING,ST,2025,39685
33,DR. S & S.S.Ghandhi Government Engineering College Surat,MECHANICAL ENGINEERING,TFWS,2025,12508
35,"Dalia Institute of Technology, Kanera",CIVIL ENGINEERING,OPEN,2025,35035
37,"Darshan Institute Of Engg. & Tech., Rajkot-Morbi Highway, Hadala",CIVIL ENGINEERING,OPEN,2025,36200
37,"Darshan Institute Of Engg. & Tech., Rajkot-Morbi Highway, Hadala",CIVIL ENGINEERING,TFWS,2025,10863
37,"Darshan Institute Of Engg. & Tech., Rajkot-Morbi Highway, Hadala",COMPUTER SCIENCE & ENGINEERING,EWS,2025,10522
37,"Darshan Institute Of Engg. & Tech., Rajkot-Morbi Highway, Hadala",COMPUTER SCIENCE & ENGINEERING,OPEN,2025,8762
37,"Darshan Institute Of Engg. & Tech., Rajkot-Morbi Highway, Hadala",COMPUTER SCIENCE & ENGINEERING,SC,2025,34883
37,"Darshan Institute Of Engg. & Tech., Rajkot-Morbi Highway, Hadala",COMPUTER SCIENCE & ENGINEERING,SEBC,2025,17437
37,"Darshan Institute Of Engg. & Tech., Rajkot-Morbi Highway, Hadala",COMPUTER SCIENCE & ENGINEERING,TFWS,2025,2831
37,"Darshan Institute Of Engg. & Tech., Rajkot-Morbi Highway, Hadala",MECHANICAL ENGINEERING,OPEN,2025,34515
40,"Dhirubhai Ambani Institute of Info. & Comm. Tech., Gandhinagar",ELECTRONICS ENGINEERING (VLSI DESIGN AND TECHNOLOGY),EWS,2025,347
40,"Dhirubhai Ambani Institute of Info. & Comm. Tech., Gandhinagar",ELECTRONICS ENGINEERING (VLSI DESIGN AND TECHNOLOGY),OPEN,2025,290
40,"Dhirubhai Ambani Institute of Info. & Comm. Tech., Gandhinagar",ELECTRONICS ENGINEERING (VLSI DESIGN AND TECHNOLOGY),SC,2025,4118
40,"Dhirubhai Ambani Institute of Info. & Comm. Tech., Gandhinagar",ELECTRONICS ENGINEERING (VLSI DESIGN AND TECHNOLOGY),SEBC,2025,678
40,"Dhirubhai Ambani Institute of Info. & Comm. Tech., Gandhinagar",ELECTRONICS ENGINEERING (VLSI DESIGN AND TECHNOLOGY),ST,2025,29914
40,"Dhirubhai Ambani Institute of Info. & Comm. Tech., Gandhinagar",ELECTRONICS ENGINEERING (VLSI DESIGN AND TECHNOLOGY),TFWS,2025,96
40,"Dhirubhai Ambani Institute of Info. & Comm. Tech., Gandhinagar",HONS. IN ICT WITH MINOR IN COMPUTATIONAL SCIENCE (CS),EWS,2025,120
40,"Dhirubhai Ambani Institute of Info. & Comm. Tech., Gandhinagar",HONS. IN ICT WITH MINOR IN COMPUTATIONAL SCIENCE (CS),OPEN,2025,85
40,"Dhirubhai Ambani Institute of Info. & Comm. Tech., Gandhinagar",HONS. IN ICT WITH MINOR IN COMPUTATIONAL SCIENCE (CS),SC,2025,194
40,"Dhirubhai Ambani Institute of Info. & Comm. Tech., Gandhinagar",HONS. IN ICT WITH MINOR IN COMPUTATIONAL SCIENCE (CS),SEBC,2025,460
40,"Dhirubhai Ambani Institute of Info. & Comm. Tech., Gandhinagar",HONS. IN ICT WITH MINOR IN COMPUTATIONAL SCIENCE (CS),ST,2025,3780
40,"Dhirubhai Ambani Institute of Info. & Comm. Tech., Gandhinagar",HONS. IN ICT WITH MINOR IN COMPUTATIONAL SCIENCE (CS),TFWS,2025,13
40,"Dhirubhai Ambani Institute of Info. & Comm. Tech., Gandhinagar",INFORMATION & COMMUNICATION TECHNOLOGY,ESM,2025,2643
40,"Dhirubhai Ambani Institute of Info. & Comm. Tech., Gandhinagar",INFORMATION & COMMUNICATION TECHNOLOGY,EWS,2025,167
40,"Dhirubhai Ambani Institute of Info. & Comm. Tech., Gandhinagar",INFORMATION & COMMUNICATION TECHNOLOGY,OPEN,2025,139
40,"Dhirubhai Ambani Institute of Info. & Comm. Tech., Gandhinagar",INFORMATION & COMMUNICATION TECHNOLOGY,SC,2025,1341
40,"Dhirubhai Ambani Institute of Info. & Comm. Tech., Gandhinagar",INFORMATION & COMMUNICATION TECHNOLOGY,SEBC,2025,515
40,"Dhirubhai Ambani Institute of Info. & Comm. Tech., Gandhinagar",INFORMATION & COMMUNICATION TECHNOLOGY,ST,2025,18285
40,"Dhirubhai Ambani Institute of Info. & Comm. Tech., Gandhinagar",INFORMATION & COMMUNICATION TECHNOLOGY,TFWS,2025,35
40,"Dhirubhai Ambani Institute of Info. & Comm. Tech., Gandhinagar",MATHEMATICS AND COMPUTING,EWS,2025,113
40,"Dhirubhai Ambani Institute of Info. & Comm. Tech., Gandhinagar",MATHEMATICS AND COMPUTING,OPEN,2025,80
40,"Dhirubhai Ambani Institute of Info. & Comm. Tech., Gandhinagar",MATHEMATICS AND COMPUTING,SC,2025,1262
40,"Dhirubhai Ambani Institute of Info. & Comm. Tech., Gandhinagar",MATHEMATICS AND COMPUTING,SEBC,2025,300
40,"Dhirubhai Ambani Institute of Info. & Comm. Tech., Gandhinagar",MATHEMATICS AND COMPUTING,ST,2025,12629
40,"Dhirubhai Ambani Institute of Info. & Comm. Tech., Gandhinagar",MATHEMATICS AND COMPUTING,TFWS,2025,33
41,"Dr. Jivraj Mehta Institute Of Technology, Anand",CIVIL ENGINEERING,OPEN,2025,39122
41,"Dr. Jivraj Mehta Institute Of Technology, Anand",COMPUTER ENGINEERING,OPEN,2025,37063
41,"Dr. Jivraj Mehta Institute Of Technology, Anand",INFORMATION TECHNOLOGY,OPEN,2025,32702
43,"Dr. Subhash University, School of Engineering & Technology, Junagadh",COMPUTER SCIENCE & ENGINEERING,OPEN,2025,33385
44,"Dr. V.R. Godhania College of Engg. & Tech., Porbandar",CIVIL ENGINEERING,OPEN,2025,38694
44,"Dr. V.R. Godhania College of Engg. & Tech., Porbandar",COMPUTER ENGINEERING,OPEN,2025,31288
46,"Engineering College, Tuwa, Godhara",CIVIL ENGINEERING,OPEN,2025,36704
46,"Engineering College, Tuwa, Godhara",COMPUTER ENGINEERING,OPEN,2025,39921
47,"Faculty Of Technology & Engineering(MSU)(SFI), Vadodara",COMPUTER SCIENCE & ENGINEERING,ESM,2025,8183
47,"Faculty Of Technology & Engineering(MSU)(SFI), Vadodara",COMPUTER SCIENCE & ENGINEERING,EWS,2025,3037
47,"Faculty Of Technology & Engineering(MSU)(SFI), Vadodara",COMPUTER SCIENCE & ENGINEERING,OPEN,2025,2061
47,"Faculty Of Technology & Engineering(MSU)(SFI), Vadodara",COMPUTER SCIENCE & ENGINEERING,SC,2025,6965
47,"Faculty Of Technology & Engineering(MSU)(SFI), Vadodara",COMPUTER SCIENCE & ENGINEERING,SEBC,2025,4267
47,"Faculty Of Technology & Engineering(MSU)(SFI), Vadodara",COMPUTER SCIENCE & ENGINEERING,ST,2025,28002
47,"Faculty Of Technology & Engineering(MSU)(SFI), Vadodara",COMPUTER SCIENCE & ENGINEERING,TFWS,2025,1147
48,"Faculty Of Technology & Engineering(MSU), Vadodara",CHEMICAL ENGINEERING,ESM,2025,17703
48,"Faculty Of Technology & Engineering(MSU), Vadodara",CHEMICAL ENGINEERING,EWS,2025,4149
48,"Faculty Of Technology & Engineering(MSU), Vadodara",CHEMICAL ENGINEERING,OPEN,2025,3240
48,"Faculty Of Technology & Engineering(MSU), Vadodara",CHEMICAL ENGINEERING,OPEN_AI_RANK,2025,900200
48,"Faculty Of Technology & Engineering(MSU), Vadodara",CHEMICAL ENGINEERING,SC,2025,15422
48,"Faculty Of Technology & Engineering(MSU), Vadodara",CHEMICAL ENGINEERING,SEBC,2025,8665
48,"Faculty Of Technology & Engineering(MSU), Vadodara",CHEMICAL ENGINEERING,ST,2025,20826
48,"Faculty Of Technology & Engineering(MSU), Vadodara",CHEMICAL ENGINEERING,TFWS,2025,1985
48,"Faculty Of Technology & Engineering(MSU), Vadodara",CIVIL ENGINEERING,ESM,2025,26529
48,"Faculty Of Technology & Engineering(MSU), Vadodara",CIVIL ENGINEERING,EWS,2025,18515
48,"Faculty Of Technology & Engineering(MSU), Vadodara",CIVIL ENGINEERING,OPEN,2025,14656
48,"Faculty Of Technology & Engineering(MSU), Vadodara",CIVIL ENGINEERING,OPEN_AI_RANK,2025,903381
48,"Faculty Of Technology & Engineering(MSU), Vadodara",CIVIL ENGINEERING,SC,2025,30867
48,"Faculty Of Technology & Engineering(MSU), Vadodara",CIVIL ENGINEERING,SEBC,2025,21342
48,"Faculty Of Technology & Engineering(MSU), Vadodara",CIVIL ENGINEERING,ST,2025,35343
48,"Faculty Of Technology & Engineering(MSU), Vadodara",CIVIL ENGINEERING,TFWS,2025,7277
48,"Faculty Of Technology & Engineering(MSU), Vadodara",CIVIL ENGINEERING,TFWS_AI_RANK,2025,904350
48,"Faculty Of Technology & Engineering(MSU), Vadodara",CIVIL IRRIGATION WATER MANAGEMENT,OPEN,2025,50620
48,"Faculty Of Technology & Engineering(MSU), Vadodara",CIVIL IRRIGATION WATER MANAGEMENT,OPEN_AI_RANK,2025,932501
48,"Faculty Of Technology & Engineering(MSU), Vadodara",COMPUTER SCIENCE & ENGINEERING,ESM,2025,7521
48,"Faculty Of Technology & Engineering(MSU), Vadodara",COMPUTER SCIENCE & ENGINEERING,EWS,2025,1737
48,"Faculty Of Technology & Engineering(MSU), Vadodara",COMPUTER SCIENCE & ENGINEERING,OPEN,2025,973
48,"Faculty Of Technology & Engineering(MSU), Vadodara",COMPUTER SCIENCE & ENGINEERING,OPEN_AI_RANK,2025,900182
48,"Faculty Of Technology & Engineering(MSU), Vadodara",COMPUTER SCIENCE & ENGINEERING,SC,2025,6333
48,"Faculty Of Technology & Engineering(MSU), Vadodara",COMPUTER SCIENCE & ENGINEERING,SEBC,2025,1550
48,"Faculty Of Technology & Engineering(MSU), Vadodara",COMPUTER SCIENCE & ENGINEERING,ST,2025,12493
48,"Faculty Of Technology & Engineering(MSU), Vadodara",COMPUTER SCIENCE & ENGINEERING,TFWS,2025,550
48,"Faculty Of Technology & Engineering(MSU), Vadodara",ELECTRICAL ENGINEERING,EWS,2025,11857
48,"Faculty Of Technology & Engineering(MSU), Vadodara",ELECTRICAL ENGINEERING,OPEN,2025,8552
48,"Faculty Of Technology & Engineering(MSU), Vadodara",ELECTRICAL ENGINEERING,SC,2025,21764
48,"Faculty Of Technology & Engineering(MSU), Vadodara",ELECTRICAL ENGINEERING,SEBC,2025,12988
48,"Faculty Of Technology & Engineering(MSU), Vadodara",ELECTRICAL ENGINEERING,ST,2025,35437
48,"Faculty Of Technology & Engineering(MSU), Vadodara",ELECTRICAL ENGINEERING,TFWS,2025,5124
48,"Faculty Of Technology & Engineering(MSU), Vadodara",ELECTRICAL ENGINEERING,TFWS_AI_RANK,2025,901062
48,"Faculty Of Technology & Engineering(MSU), Vadodara",ELECTRONICS ENGINEERING,ESM,2025,14868
48,"Faculty Of Technology & Engineering(MSU), Vadodara",ELECTRONICS ENGINEERING,EWS,2025,5315
48,"Faculty Of Technology & Engineering(MSU), Vadodara",ELECTRONICS ENGINEERING,OPEN,2025,4422
48,"Faculty Of Technology & Engineering(MSU), Vadodara",ELECTRONICS ENGINEERING,OPEN_AI_RANK,2025,900206
48,"Faculty Of Technology & Engineering(MSU), Vadodara",ELECTRONICS ENGINEERING,SC,2025,17714
48,"Faculty Of Technology & Engineering(MSU), Vadodara",ELECTRONICS ENGINEERING,SEBC,2025,10628
48,"Faculty Of Technology & Engineering(MSU), Vadodara",ELECTRONICS ENGINEERING,ST,2025,21817
48,"Faculty Of Technology & Engineering(MSU), Vadodara",ELECTRONICS ENGINEERING,TFWS,2025,3841
48,"Faculty Of Technology & Engineering(MSU), Vadodara",MECHANICAL ENGINEERING,ESM,2025,9795
48,"Faculty Of Technology & Engineering(MSU), Vadodara",MECHANICAL ENGINEERING,EWS,2025,9659
48,"Faculty Of Technology & Engineering(MSU), Vadodara",MECHANICAL ENGINEERING,OPEN,2025,7003
48,"Faculty Of Technology & Engineering(MSU), Vadodara",MECHANICAL ENGINEERING,OPEN_AI_RANK,2025,900785
48,"Faculty Of Technology & Engineering(MSU), Vadodara",MECHANICAL ENGINEERING,SC,2025,19476
48,"Faculty Of Technology & Engineering(MSU), Vadodara",MECHANICAL ENGINEERING,SEBC,2025,10725
48,"Faculty Of Technology & Engineering(MSU), Vadodara",MECHANICAL ENGINEERING,ST,2025,39346
48,"Faculty Of Technology & Engineering(MSU), Vadodara",MECHANICAL ENGINEERING,TFWS,2025,3692
48,"Faculty Of Technology & Engineering(MSU), Vadodara",METALLURGICAL AND MATERIALS ENGINEERING,EWS,2025,33118
48,"Faculty Of Technology & Engineering(MSU), Vadodara",METALLURGICAL AND MATERIALS ENGINEERING,OPEN,2025,25015
48,"Faculty Of Technology & Engineering(MSU), Vadodara",METALLURGICAL AND MATERIALS ENGINEERING,OPEN_AI_RANK,2025,905205
48,"Faculty Of Technology & Engineering(MSU), Vadodara",METALLURGICAL AND MATERIALS ENGINEERING,SC,2025,34698
48,"Faculty Of Technology & Engineering(MSU), Vadodara",METALLURGICAL AND MATERIALS ENGINEERING,SEBC,2025,39852
48,"Faculty Of Technology & Engineering(MSU), Vadodara",METALLURGICAL AND MATERIALS ENGINEERING,TFWS,2025,17638
48,"Faculty Of Technology & Engineering(MSU), Vadodara",TEXTILE ENGINEERING,OPEN,2025,39805
48,"Faculty Of Technology & Engineering(MSU), Vadodara",TEXTILE ENGINEERING,OPEN_AI_RANK,2025,990398
48,"Faculty Of Technology & Engineering(MSU), Vadodara",TEXTILE PROCESSING,OPEN,2025,33236
48,"Faculty Of Technology & Engineering(MSU), Vadodara",TEXTILE PROCESSING,OPEN_AI_RANK,2025,925592
48,"Faculty Of Technology & Engineering(MSU), Vadodara",TEXTILE TECHNOLOGY,OPEN,2025,39082
48,"Faculty Of Technology & Engineering(MSU), Vadodara",TEXTILE TECHNOLOGY,OPEN_AI_RANK,2025,932137
49,"Faculty Of Technology And Engineering(GIA), Dharmsinh Desai University, (DDU), Nadiad",CHEMICAL ENGINEERING,EWS,2025,6095
49,"Faculty Of Technology And Engineering(GIA), Dharmsinh Desai University, (DDU), Nadiad",CHEMICAL ENGINEERING,OPEN,2025,5502
49,"Faculty Of Technology And Engineering(GIA), Dharmsinh Desai University, (DDU), Nadiad",CHEMICAL ENGINEERING,OPEN_AI_RANK,2025,901468
49,"Faculty Of Technology And Engineering(GIA), Dharmsinh Desai University, (DDU), Nadiad",CHEMICAL ENGINEERING,SC,2025,15274
49,"Faculty Of Technology And Engineering(GIA), Dharmsinh Desai University, (DDU), Nadiad",CHEMICAL ENGINEERING,SEBC,2025,9794
49,"Faculty Of Technology And Engineering(GIA), Dharmsinh Desai University, (DDU), Nadiad",CHEMICAL ENGINEERING,ST,2025,34490
49,"Faculty Of Technology And Engineering(GIA), Dharmsinh Desai University, (DDU), Nadiad",CHEMICAL ENGINEERING,TFWS,2025,1637
49,"Faculty Of Technology And Engineering(GIA), Dharmsinh Desai University, (DDU), Nadiad",CIVIL ENGINEERING,EWS,2025,28023
49,"Faculty Of Technology And Engineering(GIA), Dharmsinh Desai University, (DDU), Nadiad",CIVIL ENGINEERING,OPEN,2025,18668
49,"Faculty Of Technology And Engineering(GIA), Dharmsinh Desai University, (DDU), Nadiad",CIVIL ENGINEERING,OPEN_AI_RANK,2025,902909
49,"Faculty Of Technology And Engineering(GIA), Dharmsinh Desai University, (DDU), Nadiad",CIVIL ENGINEERING,SC,2025,37074
49,"Faculty Of Technology And Engineering(GIA), Dharmsinh Desai University, (DDU), Nadiad",CIVIL ENGINEERING,SEBC,2025,27190
49,"Faculty Of Technology And Engineering(GIA), Dharmsinh Desai University, (DDU), Nadiad",CIVIL ENGINEERING,ST,2025,32293
49,"Faculty Of Technology And Engineering(GIA), Dharmsinh Desai University, (DDU), Nadiad",CIVIL ENGINEERING,TFWS,2025,8788
49,"Faculty Of Technology And Engineering(GIA), Dharmsinh Desai University, (DDU), Nadiad",CIVIL ENGINEERING,TFWS_AI_RANK,2025,902695
49,"Faculty Of Technology And Engineering(GIA), Dharmsinh Desai University, (DDU), Nadiad",COMPUTER ENGINEERING,ESM,2025,2202
49,"Faculty Of Technology And Engineering(GIA), Dharmsinh Desai University, (DDU), Nadiad",COMPUTER ENGINEERING,EWS,2025,400
49,"Faculty Of Technology And Engineering(GIA), Dharmsinh Desai University, (DDU), Nadiad",COMPUTER ENGINEERING,OPEN,2025,289
49,"Faculty Of Technology And Engineering(GIA), Dharmsinh Desai University, (DDU), Nadiad",COMPUTER ENGINEERING,OPEN_AI_RANK,2025,900138
49,"Faculty Of Technology And Engineering(GIA), Dharmsinh Desai University, (DDU), Nadiad",COMPUTER ENGINEERING,SC,2025,2340
49,"Faculty Of Technology And Engineering(GIA), Dharmsinh Desai University, (DDU), Nadiad",COMPUTER ENGINEERING,SEBC,2025,551
49,"Faculty Of Technology And Engineering(GIA), Dharmsinh Desai University, (DDU), Nadiad",COMPUTER ENGINEERING,ST,2025,24410
49,"Faculty Of Technology And Engineering(GIA), Dharmsinh Desai University, (DDU), Nadiad",COMPUTER ENGINEERING,TFWS,2025,119
49,"Faculty Of Technology And Engineering(GIA), Dharmsinh Desai University, (DDU), Nadiad",ELECTRONICS & COMMUNICATION ENGINEERING,ESM,2025,25033
49,"Faculty Of Technology And Engineering(GIA), Dharmsinh Desai University, (DDU), Nadiad",ELECTRONICS & COMMUNICATION ENGINEERING,EWS,2025,2103
49,"Faculty Of Technology And Engineering(GIA), Dharmsinh Desai University, (DDU), Nadiad",ELECTRONICS & COMMUNICATION ENGINEERING,OPEN,2025,1924
49,"Faculty Of Technology And Engineering(GIA), Dharmsinh Desai University, (DDU), Nadiad",ELECTRONICS & COMMUNICATION ENGINEERING,OPEN_AI_RANK,2025,900811
49,"Faculty Of Technology And Engineering(GIA), Dharmsinh Desai University, (DDU), Nadiad",ELECTRONICS & COMMUNICATION ENGINEERING,SC,2025,21513
49,"Faculty Of Technology And Engineering(GIA), Dharmsinh Desai University, (DDU), Nadiad",ELECTRONICS & COMMUNICATION ENGINEERING,SEBC,2025,4831
49,"Faculty Of Technology And Engineering(GIA), Dharmsinh Desai University, (DDU), Nadiad",ELECTRONICS & COMMUNICATION ENGINEERING,ST,2025,35897
49,"Faculty Of Technology And Engineering(GIA), Dharmsinh Desai University, (DDU), Nadiad",ELECTRONICS & COMMUNICATION ENGINEERING,TFWS,2025,914
49,"Faculty Of Technology And Engineering(GIA), Dharmsinh Desai University, (DDU), Nadiad",INSTRUMENTATION & CONTROL ENGINEERING,EWS,2025,15540
49,"Faculty Of Technology And Engineering(GIA), Dharmsinh Desai University, (DDU), Nadiad",INSTRUMENTATION & CONTROL ENGINEERING,OPEN,2025,12200
49,"Faculty Of Technology And Engineering(GIA), Dharmsinh Desai University, (DDU), Nadiad",INSTRUMENTATION & CONTROL ENGINEERING,OPEN_AI_RANK,2025,902238
49,"Faculty Of Technology And Engineering(GIA), Dharmsinh Desai University, (DDU), Nadiad",INSTRUMENTATION & CONTROL ENGINEERING,SC,2025,32257
49,"Faculty Of Technology And Engineering(GIA), Dharmsinh Desai University, (DDU), Nadiad",INSTRUMENTATION & CONTROL ENGINEERING,SEBC,2025,21980
49,"Faculty Of Technology And Engineering(GIA), Dharmsinh Desai University, (DDU), Nadiad",INSTRUMENTATION & CONTROL ENGINEERING,TFWS,2025,6538
50,"Faculty Of Technology(Sfi), Dharmsinh Desai University, Nadiad",CHEMICAL ENGINEERING,EWS,2025,14245
50,"Faculty Of Technology(Sfi), Dharmsinh Desai University, Nadiad",CHEMICAL ENGINEERING,OPEN,2025,12769
50,"Faculty Of Technology(Sfi), Dharmsinh Desai University, Nadiad",CHEMICAL ENGINEERING,SC,2025,31213
50,"Faculty Of Technology(Sfi), Dharmsinh Desai University, Nadiad",CHEMICAL ENGINEERING,SEBC,2025,19412
50,"Faculty Of Technology(Sfi), Dharmsinh Desai University, Nadiad",CHEMICAL ENGINEERING,TFWS,2025,4931
50,"Faculty Of Technology(Sfi), Dharmsinh Desai University, Nadiad",COMPUTER ENGINEERING,ESM,2025,3793
50,"Faculty Of Technology(Sfi), Dharmsinh Desai University, Nadiad",COMPUTER ENGINEERING,EWS,2025,730
50,"Faculty Of Technology(Sfi), Dharmsinh Desai University, Nadiad",COMPUTER ENGINEERING,OPEN,2025,585
50,"Faculty Of Technology(Sfi), Dharmsinh Desai University, Nadiad",COMPUTER ENGINEERING,SC,2025,3532
50,"Faculty Of Technology(Sfi), Dharmsinh Desai University, Nadiad",COMPUTER ENGINEERING,SEBC,2025,1393
50,"Faculty Of Technology(Sfi), Dharmsinh Desai University, Nadiad",COMPUTER ENGINEERING,ST,2025,35272
50,"Faculty Of Technology(Sfi), Dharmsinh Desai University, Nadiad",COMPUTER ENGINEERING,TFWS,2025,195
50,"Faculty Of Technology(Sfi), Dharmsinh Desai University, Nadiad",ELECTRONICS & COMMUNICATION ENGINEERING,EWS,2025,5151
50,"Faculty Of Technology(Sfi), Dharmsinh Desai University, Nadiad",ELECTRONICS & COMMUNICATION ENGINEERING,OPEN,2025,4610
50,"Faculty Of Technology(Sfi), Dharmsinh Desai University, Nadiad",ELECTRONICS & COMMUNICATION ENGINEERING,SC,2025,34889
50,"Faculty Of Technology(Sfi), Dharmsinh Desai University, Nadiad",ELECTRONICS & COMMUNICATION ENGINEERING,SEBC,2025,7230
50,"Faculty Of Technology(Sfi), Dharmsinh Desai University, Nadiad",ELECTRONICS & COMMUNICATION ENGINEERING,TFWS,2025,1643
50,"Faculty Of Technology(Sfi), Dharmsinh Desai University, Nadiad",INFORMATION TECHNOLOGY,EWS,2025,2021
50,"Faculty Of Technology(Sfi), Dharmsinh Desai University, Nadiad",INFORMATION TECHNOLOGY,OPEN,2025,1493
50,"Faculty Of Technology(Sfi), Dharmsinh Desai University, Nadiad",INFORMATION TECHNOLOGY,SC,2025,12162
50,"Faculty Of Technology(Sfi), Dharmsinh Desai University, Nadiad",INFORMATION TECHNOLOGY,SEBC,2025,3462
50,"Faculty Of Technology(Sfi), Dharmsinh Desai University, Nadiad",INFORMATION TECHNOLOGY,ST,2025,37419
50,"Faculty Of Technology(Sfi), Dharmsinh Desai University, Nadiad",INFORMATION TECHNOLOGY,TFWS,2025,664
50,"Faculty Of Technology(Sfi), Dharmsinh Desai University, Nadiad",INSTRUMENTATION & CONTROL ENGINEERING,EWS,2025,21737
50,"Faculty Of Technology(Sfi), Dharmsinh Desai University, Nadiad",INSTRUMENTATION & CONTROL ENGINEERING,OPEN,2025,18633
50,"Faculty Of Technology(Sfi), Dharmsinh Desai University, Nadiad",INSTRUMENTATION & CONTROL ENGINEERING,SEBC,2025,24876
50,"Faculty Of Technology(Sfi), Dharmsinh Desai University, Nadiad",MECHANICAL ENGINEERING,EWS,2025,22038
50,"Faculty Of Technology(Sfi), Dharmsinh Desai University, Nadiad",MECHANICAL ENGINEERING,OPEN,2025,15000
50,"Faculty Of Technology(Sfi), Dharmsinh Desai University, Nadiad",MECHANICAL ENGINEERING,SC,2025,25844
50,"Faculty Of Technology(Sfi), Dharmsinh Desai University, Nadiad",MECHANICAL ENGINEERING,SEBC,2025,22168
50,"Faculty Of Technology(Sfi), Dharmsinh Desai University, Nadiad",MECHANICAL ENGINEERING,TFWS,2025,6228
51,"Faculty of Engineering & Technology- GLS University, Ahmedabad",COMPUTER SCIENCE & ENGINEERING,ESM,2025,32435
51,"Faculty of Engineering & Technology- GLS University, Ahmedabad",COMPUTER SCIENCE & ENGINEERING,EWS,2025,38131
51,"Faculty of Engineering & Technology- GLS University, Ahmedabad",COMPUTER SCIENCE & ENGINEERING,OPEN,2025,27335
51,"Faculty of Engineering & Technology- GLS University, Ahmedabad",COMPUTER SCIENCE & ENGINEERING,SC,2025,29980
51,"Faculty of Engineering & Technology- GLS University, Ahmedabad",COMPUTER SCIENCE & ENGINEERING,SEBC,2025,50395
51,"Faculty of Engineering & Technology- GLS University, Ahmedabad",COMPUTER SCIENCE & ENGINEERING,TFWS,2025,5666
52,"Faculty of Engineering & Technology- Sigma University,Bakrol, Vadodara",ARTIFICIAL INTELLIGENCE AND DATA SCIENCE,OPEN,2025,35562
52,"Faculty of Engineering & Technology- Sigma University,Bakrol, Vadodara",COMPUTER SCIENCE & ENGINEERING,OPEN,2025,39077
52,"Faculty of Engineering & Technology- Sigma University,Bakrol, Vadodara",CYBER SECURITY,OPEN,2025,36024
53,"Faculty of Technology, CEPT University, Ahmedabad",Bachelor of Technology (Hons) in Civil Engineering (BCE),EWS,2025,31962
53,"Faculty of Technology, CEPT University, Ahmedabad",Bachelor of Technology (Hons) in Civil Engineering (BCE),OPEN,2025,23578
53,"Faculty of Technology, CEPT University, Ahmedabad",Bachelor of Technology (Hons) in Civil Engineering (BCE),SC,2025,37429
53,"Faculty of Technology, CEPT University, Ahmedabad",Bachelor of Technology (Hons) in Civil Engineering (BCE),SEBC,2025,33103
54,"G.H.Patel College Of Engg. & Tech. , V. V. Nagar",CHEMICAL ENGINEERING,OPEN,2025,50051
54,"G.H.Patel College Of Engg. & Tech. , V. V. Nagar",CIVIL ENGINEERING,OPEN,2025,39005
54,"G.H.Patel College Of Engg. & Tech. , V. V. Nagar",COMPUTER ENGINEERING,ESM,2025,13487
54,"G.H.Patel College Of Engg. & Tech. , V. V. Nagar",COMPUTER ENGINEERING,EWS,2025,6195
54,"G.H.Patel College Of Engg. & Tech. , V. V. Nagar",COMPUTER ENGINEERING,OPEN,2025,5382
54,"G.H.Patel College Of Engg. & Tech. , V. V. Nagar",COMPUTER ENGINEERING,SC,2025,14200
54,"G.H.Patel College Of Engg. & Tech. , V. V. Nagar",COMPUTER ENGINEERING,SEBC,2025,14569
54,"G.H.Patel College Of Engg. & Tech. , V. V. Nagar",COMPUTER ENGINEERING,TFWS,2025,1848
54,"G.H.Patel College Of Engg. & Tech. , V. V. Nagar",COMPUTER SCIENCE & DESIGN,EWS,2025,15313
54,"G.H.Patel College Of Engg. & Tech. , V. V. Nagar",COMPUTER SCIENCE & DESIGN,OPEN,2025,12476
54,"G.H.Patel College Of Engg. & Tech. , V. V. Nagar",COMPUTER SCIENCE & DESIGN,SC,2025,23902
54,"G.H.Patel College Of Engg. & Tech. , V. V. Nagar",COMPUTER SCIENCE & DESIGN,SEBC,2025,28534
54,"G.H.Patel College Of Engg. & Tech. , V. V. Nagar",COMPUTER SCIENCE & DESIGN,TFWS,2025,2916
54,"G.H.Patel College Of Engg. & Tech. , V. V. Nagar",COMPUTER SCIENCE & ENGINEERING (IOT),EWS,2025,12904
54,"G.H.Patel College Of Engg. & Tech. , V. V. Nagar",COMPUTER SCIENCE & ENGINEERING (IOT),OPEN,2025,11621
54,"G.H.Patel College Of Engg. & Tech. , V. V. Nagar",COMPUTER SCIENCE & ENGINEERING (IOT),SC,2025,22014
54,"G.H.Patel College Of Engg. & Tech. , V. V. Nagar",COMPUTER SCIENCE & ENGINEERING (IOT),SEBC,2025,31354
54,"G.H.Patel College Of Engg. & Tech. , V. V. Nagar",COMPUTER SCIENCE & ENGINEERING (IOT),ST,2025,24224
54,"G.H.Patel College Of Engg. & Tech. , V. V. Nagar",COMPUTER SCIENCE & ENGINEERING (IOT),TFWS,2025,4652
54,"G.H.Patel College Of Engg. & Tech. , V. V. Nagar",ELECTRICAL ENGINEERING,OPEN,2025,37027
54,"G.H.Patel College Of Engg. & Tech. , V. V. Nagar",ELECTRONICS & COMMUNICATION ENGINEERING,EWS,2025,20100
54,"G.H.Patel College Of Engg. & Tech. , V. V. Nagar",ELECTRONICS & COMMUNICATION ENGINEERING,OPEN,2025,16758
54,"G.H.Patel College Of Engg. & Tech. , V. V. Nagar",ELECTRONICS & COMMUNICATION ENGINEERING,SC,2025,39038
54,"G.H.Patel College Of Engg. & Tech. , V. V. Nagar",ELECTRONICS & COMMUNICATION ENGINEERING,SEBC,2025,50324
54,"G.H.Patel College Of Engg. & Tech. , V. V. Nagar",INFORMATION & COMMUNICATION TECHNOLOGY,EWS,2025,17430
54,"G.H.Patel College Of Engg. & Tech. , V. V. Nagar",INFORMATION & COMMUNICATION TECHNOLOGY,OPEN,2025,14506
54,"G.H.Patel College Of Engg. & Tech. , V. V. Nagar",INFORMATION & COMMUNICATION TECHNOLOGY,SC,2025,28606
54,"G.H.Patel College Of Engg. & Tech. , V. V. Nagar",INFORMATION & COMMUNICATION TECHNOLOGY,SEBC,2025,36454
54,"G.H.Patel College Of Engg. & Tech. , V. V. Nagar",INFORMATION & COMMUNICATION TECHNOLOGY,TFWS,2025,7922
54,"G.H.Patel College Of Engg. & Tech. , V. V. Nagar",INFORMATION TECHNOLOGY,ESM,2025,19876
54,"G.H.Patel College Of Engg. & Tech. , V. V. Nagar",INFORMATION TECHNOLOGY,EWS,2025,8466
54,"G.H.Patel College Of Engg. & Tech. , V. V. Nagar",INFORMATION TECHNOLOGY,OPEN,2025,7606
54,"G.H.Patel College Of Engg. & Tech. , V. V. Nagar",INFORMATION TECHNOLOGY,SC,2025,40007
54,"G.H.Patel College Of Engg. & Tech. , V. V. Nagar",INFORMATION TECHNOLOGY,SEBC,2025,18202
54,"G.H.Patel College Of Engg. & Tech. , V. V. Nagar",INFORMATION TECHNOLOGY,TFWS,2025,2870
54,"G.H.Patel College Of Engg. & Tech. , V. V. Nagar",MECHANICAL ENGINEERING,OPEN,2025,35726
54,"G.H.Patel College Of Engg. & Tech. , V. V. Nagar",MECHATRONICS,OPEN,2025,33367
55,"GIDC Degree Engineering College, Abrama, Navsari",AUTOMOBILE ENGINEERING,OPEN,2025,33821
55,"GIDC Degree Engineering College, Abrama, Navsari",COMPUTER ENGINEERING,EWS,2025,39339
55,"GIDC Degree Engineering College, Abrama, Navsari",COMPUTER ENGINEERING,OPEN,2025,25868
55,"GIDC Degree Engineering College, Abrama, Navsari",COMPUTER ENGINEERING,SEBC,2025,30270
55,"GIDC Degree Engineering College, Abrama, Navsari",COMPUTER ENGINEERING,ST,2025,35362
55,"GIDC Degree Engineering College, Abrama, Navsari",COMPUTER ENGINEERING,TFWS,2025,12745
55,"GIDC Degree Engineering College, Abrama, Navsari",ELECTRICAL ENGINEERING,OPEN,2025,50296
55,"GIDC Degree Engineering College, Abrama, Navsari",MECHANICAL ENGINEERING,OPEN,2025,37177
56,GYANMANJARI INSTITUTE OF TECHNOLOGY Bhavnagar,CIVIL ENGINEERING,OPEN,2025,6473
56,GYANMANJARI INSTITUTE OF TECHNOLOGY Bhavnagar,COMPUTER ENGINEERING,OPEN,2025,50218
56,GYANMANJARI INSTITUTE OF TECHNOLOGY Bhavnagar,COMPUTER ENGINEERING,TFWS,2025,9894
56,GYANMANJARI INSTITUTE OF TECHNOLOGY Bhavnagar,COMPUTER SCIENCE & ENGINEERING,OPEN,2025,39548
56,GYANMANJARI INSTITUTE OF TECHNOLOGY Bhavnagar,ELECTRONICS & COMMUNICATION ENGINEERING,OPEN,2025,39789
56,GYANMANJARI INSTITUTE OF TECHNOLOGY Bhavnagar,ELECTRONICS & COMMUNICATION ENGINEERING,TFWS,2025,35718
56,GYANMANJARI INSTITUTE OF TECHNOLOGY Bhavnagar,INFORMATION TECHNOLOGY,OPEN,2025,50639
57,"Gandhinagar Institute Of Technology, Moti Bhoyan, Kalol, Gandhinagar",CIVIL ENGINEERING,OPEN,2025,37384
57,"Gandhinagar Institute Of Technology, Moti Bhoyan, Kalol, Gandhinagar",COMPUTER ENGINEERING,OPEN,2025,50364
57,"Gandhinagar Institute Of Technology, Moti Bhoyan, Kalol, Gandhinagar",COMPUTER SCIENCE & ENGINEERING,OPEN,2025,39506
57,"Gandhinagar Institute Of Technology, Moti Bhoyan, Kalol, Gandhinagar",COMPUTER SCIENCE & ENGINEERING,TFWS,2025,7990
57,"Gandhinagar Institute Of Technology, Moti Bhoyan, Kalol, Gandhinagar",COMPUTER SCIENCE & ENGINEERING (ARTIFICIAL INTELLIGENCE),OPEN,2025,38572
57,"Gandhinagar Institute Of Technology, Moti Bhoyan, Kalol, Gandhinagar",COMPUTER SCIENCE & ENGINEERING (ARTIFICIAL INTELLIGENCE),TFWS,2025,8316
57,"Gandhinagar Institute Of Technology, Moti Bhoyan, Kalol, Gandhinagar",COMPUTER SCIENCE & ENGINEERING (CYBER SECURITY),OPEN,2025,37590
57,"Gandhinagar Institute Of Technology, Moti Bhoyan, Kalol, Gandhinagar",ELECTRICAL ENGINEERING,OPEN,2025,25263
57,"Gandhinagar Institute Of Technology, Moti Bhoyan, Kalol, Gandhinagar",ELECTRONICS & COMMUNICATION ENGINEERING,OPEN,2025,32516
57,"Gandhinagar Institute Of Technology, Moti Bhoyan, Kalol, Gandhinagar",INFORMATION & COMMUNICATION TECHNOLOGY,OPEN,2025,33219
57,"Gandhinagar Institute Of Technology, Moti Bhoyan, Kalol, Gandhinagar",INFORMATION TECHNOLOGY,OPEN,2025,38782
57,"Gandhinagar Institute Of Technology, Moti Bhoyan, Kalol, Gandhinagar",MECHANICAL ENGINEERING,OPEN,2025,39947
57,"Gandhinagar Institute Of Technology, Moti Bhoyan, Kalol, Gandhinagar",ROBOTICS AND AUTOMATION,OPEN,2025,31327
57,"Gandhinagar Institute Of Technology, Moti Bhoyan, Kalol, Gandhinagar",ROBOTICS AND AUTOMATION,TFWS,2025,23215
58,"Ganpat University, Institute of Computer Tech., Kherva, Mehsana",COMPUTER SCIENCE & ENGINEERING,OPEN,2025,37489
58,"Ganpat University, Institute of Computer Tech., Kherva, Mehsana",COMPUTER SCIENCE & ENGINEERING,TFWS,2025,8281
58,"Ganpat University, Institute of Computer Tech., Kherva, Mehsana",COMPUTER SCIENCE & ENGINEERING (BIG DATA ANALYTICS),OPEN,2025,20742
58,"Ganpat University, Institute of Computer Tech., Kherva, Mehsana",COMPUTER SCIENCE & ENGINEERING (BIG DATA ANALYTICS),TFWS,2025,8159
58,"Ganpat University, Institute of Computer Tech., Kherva, Mehsana",COMPUTER SCIENCE & ENGINEERING (CYBER SECURITY),OPEN,2025,37323
59,"Ganpat University, U.V.Patel College of Engineering, Kherva, Mehsana",AGRICULTURAL ENGINEERING,OPEN,2025,39753
59,"Ganpat University, U.V.Patel College of Engineering, Kherva, Mehsana",AGRICULTURAL ENGINEERING,TFWS,2025,17625
59,"Ganpat University, U.V.Patel College of Engineering, Kherva, Mehsana",AUTOMOBILE ENGINEERING,OPEN,2025,38095
59,"Ganpat University, U.V.Patel College of Engineering, Kherva, Mehsana",BIOTECHNOLOGY,OPEN,2025,33927
59,"Ganpat University, U.V.Patel College of Engineering, Kherva, Mehsana",BIOTECHNOLOGY,TFWS,2025,19478
59,"Ganpat University, U.V.Patel College of Engineering, Kherva, Mehsana",CIVIL ENGINEERING,OPEN,2025,39091
59,"Ganpat University, U.V.Patel College of Engineering, Kherva, Mehsana",COMPUTER ENGINEERING,OPEN,2025,50238
59,"Ganpat University, U.V.Patel College of Engineering, Kherva, Mehsana",COMPUTER ENGINEERING,TFWS,2025,10508
59,"Ganpat University, U.V.Patel College of Engineering, Kherva, Mehsana",COMPUTER ENGINEERING (ARTIFICIAL INTELLIGENCE),OPEN,2025,39653
59,"Ganpat University, U.V.Patel College of Engineering, Kherva, Mehsana",COMPUTER ENGINEERING (ARTIFICIAL INTELLIGENCE),TFWS,2025,13729
59,"Ganpat University, U.V.Patel College of Engineering, Kherva, Mehsana",COMPUTER SCIENCE & BUSINESS SYSTEMS,OPEN,2025,25709
59,"Ganpat University, U.V.Patel College of Engineering, Kherva, Mehsana",ELECTRICAL ENGINEERING,OPEN,2025,36357
59,"Ganpat University, U.V.Patel College of Engineering, Kherva, Mehsana",ELECTRONICS & COMMUNICATION ENGINEERING,OPEN,2025,50094
59,"Ganpat University, U.V.Patel College of Engineering, Kherva, Mehsana",FOOD TECHNOLOGY,OPEN,2025,36547
59,"Ganpat University, U.V.Patel College of Engineering, Kherva, Mehsana",FOOD TECHNOLOGY,TFWS,2025,11944
59,"Ganpat University, U.V.Patel College of Engineering, Kherva, Mehsana",INFORMATION TECHNOLOGY,OPEN,2025,50415
59,"Ganpat University, U.V.Patel College of Engineering, Kherva, Mehsana",INFORMATION TECHNOLOGY,TFWS,2025,11113
59,"Ganpat University, U.V.Patel College of Engineering, Kherva, Mehsana",MARINE ENGINEERING,OPEN,2025,50194
59,"Ganpat University, U.V.Patel College of Engineering, Kherva, Mehsana",MECHANICAL ENGINEERING,OPEN,2025,50447
59,"Ganpat University, U.V.Patel College of Engineering, Kherva, Mehsana",MECHATRONICS,OPEN,2025,39129
59,"Ganpat University, U.V.Patel College of Engineering, Kherva, Mehsana",PETROCHEMICAL ENGINEERING,OPEN,2025,35427
60,"Government Engineering College, Bharuch",CHEMICAL ENGINEERING,EWS,2025,15921
60,"Government Engineering College, Bharuch",CHEMICAL ENGINEERING,OPEN,2025,14243
60,"Government Engineering College, Bharuch",CHEMICAL ENGINEERING,OPEN_AI_RANK,2025,903645
60,"Government Engineering College, Bharuch",CHEMICAL ENGINEERING,SC,2025,39714
60,"Government Engineering College, Bharuch",CHEMICAL ENGINEERING,SEBC,2025,19528
60,"Government Engineering College, Bharuch",CHEMICAL ENGINEERING,ST,2025,39287
60,"Government Engineering College, Bharuch",CHEMICAL ENGINEERING,TFWS,2025,9926
60,"Government Engineering College, Bharuch",CIVIL ENGINEERING,OPEN,2025,50642
60,"Government Engineering College, Bharuch",CIVIL ENGINEERING,OPEN_AI_RANK,2025,928126
60,"Government Engineering College, Bharuch",COMPUTER ENGINEERING,ESM,2025,19217
60,"Government Engineering College, Bharuch",COMPUTER ENGINEERING,EWS,2025,13497
60,"Government Engineering College, Bharuch",COMPUTER ENGINEERING,OPEN,2025,9445
60,"Government Engineering College, Bharuch",COMPUTER ENGINEERING,OPEN_AI_RANK,2025,901633
60,"Government Engineering College, Bharuch",COMPUTER ENGINEERING,SC,2025,21687
60,"Government Engineering College, Bharuch",COMPUTER ENGINEERING,SEBC,2025,15512
60,"Government Engineering College, Bharuch",COMPUTER ENGINEERING,ST,2025,31854
60,"Government Engineering College, Bharuch",COMPUTER ENGINEERING,TFWS,2025,4862
60,"Government Engineering College, Bharuch",COMPUTER ENGINEERING,TFWS_AI_RANK,2025,901225
60,"Government Engineering College, Bharuch",ELECTRICAL ENGINEERING,EWS,2025,36844
60,"Government Engineering College, Bharuch",ELECTRICAL ENGINEERING,OPEN,2025,30018
60,"Government Engineering College, Bharuch",ELECTRICAL ENGINEERING,OPEN_AI_RANK,2025,908083
60,"Government Engineering College, Bharuch",ELECTRICAL ENGINEERING,SC,2025,50065
60,"Government Engineering College, Bharuch",ELECTRICAL ENGINEERING,SEBC,2025,39399
60,"Government Engineering College, Bharuch",ELECTRICAL ENGINEERING,ST,2025,39588
60,"Government Engineering College, Bharuch",ELECTRICAL ENGINEERING,TFWS,2025,22706
60,"Government Engineering College, Bharuch",ELECTRONICS & COMMUNICATION ENGINEERING,EWS,2025,34009
60,"Government Engineering College, Bharuch",ELECTRONICS & COMMUNICATION ENGINEERING,OPEN,2025,22173
60,"Government Engineering College, Bharuch",ELECTRONICS & COMMUNICATION ENGINEERING,OPEN_AI_RANK,2025,904907
60,"Government Engineering College, Bharuch",ELECTRONICS & COMMUNICATION ENGINEERING,SC,2025,36647
60,"Government Engineering College, Bharuch",ELECTRONICS & COMMUNICATION ENGINEERING,SEBC,2025,39035
60,"Government Engineering College, Bharuch",ELECTRONICS & COMMUNICATION ENGINEERING,TFWS,2025,16122
60,"Government Engineering College, Bharuch",MECHANICAL ENGINEERING,EWS,2025,50146
60,"Government Engineering College, Bharuch",MECHANICAL ENGINEERING,OPEN,2025,37979
60,"Government Engineering College, Bharuch",MECHANICAL ENGINEERING,OPEN_AI_RANK,2025,908835
60,"Government Engineering College, Bharuch",MECHANICAL ENGINEERING,SC,2025,50137
60,"Government Engineering College, Bharuch",MECHANICAL ENGINEERING,SEBC,2025,50249
61,"Government Engineering College, Bhavnagar",CIVIL ENGINEERING,EWS,2025,34552
61,"Government Engineering College, Bhavnagar",CIVIL ENGINEERING,OPEN,2025,27361
61,"Government Engineering College, Bhavnagar",CIVIL ENGINEERING,OPEN_AI_RANK,2025,911257
61,"Government Engineering College, Bhavnagar",CIVIL ENGINEERING,SEBC,2025,32967
61,"Government Engineering College, Bhavnagar",CIVIL ENGINEERING,TFWS,2025,7023
61,"Government Engineering College, Bhavnagar",COMPUTER ENGINEERING,ESM,2025,14775
61,"Government Engineering College, Bhavnagar",COMPUTER ENGINEERING,EWS,2025,6083
61,"Government Engineering College, Bhavnagar",COMPUTER ENGINEERING,OPEN,2025,4725
61,"Government Engineering College, Bhavnagar",COMPUTER ENGINEERING,OPEN_AI_RANK,2025,900563
61,"Government Engineering College, Bhavnagar",COMPUTER ENGINEERING,SC,2025,15803
61,"Government Engineering College, Bhavnagar",COMPUTER ENGINEERING,SEBC,2025,8969
61,"Government Engineering College, Bhavnagar",COMPUTER ENGINEERING,ST,2025,40060
61,"Government Engineering College, Bhavnagar",COMPUTER ENGINEERING,TFWS,2025,2924
61,"Government Engineering College, Bhavnagar",ELECTRONICS & COMMUNICATION ENGINEERING,EWS,2025,25069
61,"Government Engineering College, Bhavnagar",ELECTRONICS & COMMUNICATION ENGINEERING,OPEN,2025,21621
61,"Government Engineering College, Bhavnagar",ELECTRONICS & COMMUNICATION ENGINEERING,OPEN_AI_RANK,2025,903793
61,"Government Engineering College, Bhavnagar",ELECTRONICS & COMMUNICATION ENGINEERING,SEBC,2025,40008
61,"Government Engineering College, Bhavnagar",ELECTRONICS & COMMUNICATION ENGINEERING,TFWS,2025,10040
61,"Government Engineering College, Bhavnagar",INFORMATION & COMMUNICATION TECHNOLOGY,EWS,2025,23904
61,"Government Engineering College, Bhavnagar",INFORMATION & COMMUNICATION TECHNOLOGY,OPEN,2025,19401
61,"Government Engineering College, Bhavnagar",INFORMATION & COMMUNICATION TECHNOLOGY,OPEN_AI_RANK,2025,902235
61,"Government Engineering College, Bhavnagar",INFORMATION & COMMUNICATION TECHNOLOGY,SC,2025,39870
61,"Government Engineering College, Bhavnagar",INFORMATION & COMMUNICATION TECHNOLOGY,SEBC,2025,32042
61,"Government Engineering College, Bhavnagar",INFORMATION & COMMUNICATION TECHNOLOGY,TFWS,2025,11045
61,"Government Engineering College, Bhavnagar",INFORMATION TECHNOLOGY,ESM,2025,27668
61,"Government Engineering College, Bhavnagar",INFORMATION TECHNOLOGY,EWS,2025,9615
61,"Government Engineering College, Bhavnagar",INFORMATION TECHNOLOGY,OPEN,2025,7150
61,"Government Engineering College, Bhavnagar",INFORMATION TECHNOLOGY,OPEN_AI_RANK,2025,901732
61,"Government Engineering College, Bhavnagar",INFORMATION TECHNOLOGY,SC,2025,36989
61,"Government Engineering College, Bhavnagar",INFORMATION TECHNOLOGY,SEBC,2025,12545
61,"Government Engineering College, Bhavnagar",INFORMATION TECHNOLOGY,ST,2025,38900
61,"Government Engineering College, Bhavnagar",INFORMATION TECHNOLOGY,TFWS,2025,5803
61,"Government Engineering College, Bhavnagar",INFORMATION TECHNOLOGY,TFWS_AI_RANK,2025,901283
61,"Government Engineering College, Bhavnagar",MECHANICAL ENGINEERING,OPEN,2025,50084
61,"Government Engineering College, Bhavnagar",MECHANICAL ENGINEERING,OPEN_AI_RANK,2025,990390
62,"Government Engineering College, Bhuj",CHEMICAL ENGINEERING,OPEN,2025,50012
62,"Government Engineering College, Bhuj",CHEMICAL ENGINEERING,OPEN_AI_RANK,2025,931865
62,"Government Engineering College, Bhuj",CIVIL ENGINEERING,OPEN,2025,39032
62,"Government Engineering College, Bhuj",CIVIL ENGINEERING,OPEN_AI_RANK,2025,990173
62,"Government Engineering College, Bhuj",ELECTRICAL ENGINEERING,OPEN,2025,39877
62,"Government Engineering College, Bhuj",ELECTRICAL ENGINEERING,OPEN_AI_RANK,2025,990322
62,"Government Engineering College, Bhuj",MECHANICAL ENGINEERING,OPEN,2025,50365
62,"Government Engineering College, Bhuj",MECHANICAL ENGINEERING,OPEN_AI_RANK,2025,990412
62,"Government Engineering College, Bhuj",MINING ENGINEERING,OPEN,2025,29665
62,"Government Engineering College, Bhuj",MINING ENGINEERING,OPEN_AI_RANK,2025,926753
63,"Government Engineering College, Dahod",CIVIL ENGINEERING,OPEN,2025,40028
63,"Government Engineering College, Dahod",CIVIL ENGINEERING,OPEN_AI_RANK,2025,932390
63,"Government Engineering College, Dahod",COMPUTER ENGINEERING,ESM,2025,24629
63,"Government Engineering College, Dahod",COMPUTER ENGINEERING,EWS,2025,24506
63,"Government Engineering College, Dahod",COMPUTER ENGINEERING,OPEN,2025,19254
63,"Government Engineering College, Dahod",COMPUTER ENGINEERING,OPEN_AI_RANK,2025,903433
63,"Government Engineering College, Dahod",COMPUTER ENGINEERING,SC,2025,33458
63,"Government Engineering College, Dahod",COMPUTER ENGINEERING,SEBC,2025,26537
63,"Government Engineering College, Dahod",COMPUTER ENGINEERING,ST,2025,39872
63,"Government Engineering College, Dahod",COMPUTER ENGINEERING,TFWS,2025,12413
63,"Government Engineering College, Dahod",ELECTRICAL ENGINEERING,OPEN,2025,38381
63,"Government Engineering College, Dahod",ELECTRICAL ENGINEERING,OPEN_AI_RANK,2025,932302
63,"Government Engineering College, Dahod",ELECTRONICS & COMMUNICATION ENGINEERING,OPEN,2025,50003
63,"Government Engineering College, Dahod",ELECTRONICS & COMMUNICATION ENGINEERING,OPEN_AI_RANK,2025,906161
63,"Government Engineering College, Dahod",ELECTRONICS & COMMUNICATION ENGINEERING,TFWS,2025,26158
63,"Government Engineering College, Dahod",MECHANICAL ENGINEERING,OPEN,2025,39258
63,"Government Engineering College, Dahod",MECHANICAL ENGINEERING,OPEN_AI_RANK,2025,930431
64,"Government Engineering College, Godhra",CIVIL ENGINEERING,OPEN,2025,39088
64,"Government Engineering College, Godhra",CIVIL ENGINEERING,OPEN_AI_RANK,2025,931750
64,"Government Engineering College, Godhra",ELECTRICAL ENGINEERING,OPEN,2025,39771
64,"Government Engineering College, Godhra",ELECTRICAL ENGINEERING,OPEN_AI_RANK,2025,931394
64,"Government Engineering College, Godhra",MECHANICAL ENGINEERING,OPEN,2025,38484
64,"Government Engineering College, Godhra",MECHANICAL ENGINEERING,OPEN_AI_RANK,2025,990374
65,"Government Engineering College, Modasa",AUTOMOBILE ENGINEERING,OPEN,2025,38222
65,"Government Engineering College, Modasa",AUTOMOBILE ENGINEERING,OPEN_AI_RANK,2025,930610
65,"Government Engineering College, Modasa",CIVIL ENGINEERING,OPEN,2025,39746
65,"Government Engineering College, Modasa",CIVIL ENGINEERING,OPEN_AI_RANK,2025,932480
65,"Government Engineering College, Modasa",COMPUTER ENGINEERING,ESM,2025,32818
65,"Government Engineering College, Modasa",COMPUTER ENGINEERING,EWS,2025,17028
65,"Government Engineering College, Modasa",COMPUTER ENGINEERING,OPEN,2025,13459
65,"Government Engineering College, Modasa",COMPUTER ENGINEERING,OPEN_AI_RANK,2025,902811
65,"Government Engineering College, Modasa",COMPUTER ENGINEERING,SC,2025,39006
65,"Government Engineering College, Modasa",COMPUTER ENGINEERING,SEBC,2025,21470
65,"Government Engineering College, Modasa",COMPUTER ENGINEERING,ST,2025,39451
65,"Government Engineering College, Modasa",COMPUTER ENGINEERING,TFWS,2025,7360
65,"Government Engineering College, Modasa",COMPUTER ENGINEERING,TFWS_AI_RANK,2025,902068
65,"Government Engineering College, Modasa",ELECTRICAL ENGINEERING,OPEN,2025,50577
65,"Government Engineering College, Modasa",ELECTRICAL ENGINEERING,OPEN_AI_RANK,2025,990294
65,"Government Engineering College, Modasa",ELECTRONICS & COMMUNICATION ENGINEERING,EWS,2025,38315
65,"Government Engineering College, Modasa",ELECTRONICS & COMMUNICATION ENGINEERING,OPEN,2025,34012
65,"Government Engineering College, Modasa",ELECTRONICS & COMMUNICATION ENGINEERING,OPEN_AI_RANK,2025,906291
65,"Government Engineering College, Modasa",ELECTRONICS & COMMUNICATION ENGINEERING,SC,2025,37516
65,"Government Engineering College, Modasa",ELECTRONICS & COMMUNICATION ENGINEERING,SEBC,2025,50268
65,"Government Engineering College, Modasa",ELECTRONICS & COMMUNICATION ENGINEERING,TFWS,2025,19771
65,"Government Engineering College, Modasa",INFORMATION TECHNOLOGY,EWS,2025,21999
65,"Government Engineering College, Modasa",INFORMATION TECHNOLOGY,OPEN,2025,18141
65,"Government Engineering College, Modasa",INFORMATION TECHNOLOGY,OPEN_AI_RANK,2025,905753
65,"Government Engineering College, Modasa",INFORMATION TECHNOLOGY,SC,2025,39711
65,"Government Engineering College, Modasa",INFORMATION TECHNOLOGY,SEBC,2025,25089
65,"Government Engineering College, Modasa",INFORMATION TECHNOLOGY,ST,2025,36233
65,"Government Engineering College, Modasa",INFORMATION TECHNOLOGY,TFWS,2025,11202
65,"Government Engineering College, Modasa",MECHANICAL ENGINEERING,OPEN,2025,39732
65,"Government Engineering College, Modasa",MECHANICAL ENGINEERING,OPEN_AI_RANK,2025,932180
66,"Government Engineering College, Palanpur",CIVIL ENGINEERING,OPEN,2025,39841
66,"Government Engineering College, Palanpur",CIVIL ENGINEERING,OPEN_AI_RANK,2025,990007
66,"Government Engineering College, Palanpur",COMPUTER ENGINEERING,ESM,2025,38918
66,"Government Engineering College, Palanpur",COMPUTER ENGINEERING,EWS,2025,20778
66,"Government Engineering College, Palanpur",COMPUTER ENGINEERING,OPEN,2025,18028
66,"Government Engineering College, Palanpur",COMPUTER ENGINEERING,OPEN_AI_RANK,2025,903117
66,"Government Engineering College, Palanpur",COMPUTER ENGINEERING,SC,2025,25180
66,"Government Engineering College, Palanpur",COMPUTER ENGINEERING,SEBC,2025,22904
66,"Government Engineering College, Palanpur",COMPUTER ENGINEERING,TFWS,2025,11693
66,"Government Engineering College, Palanpur",ELECTRICAL ENGINEERING,OPEN,2025,40067
66,"Government Engineering College, Palanpur",ELECTRICAL ENGINEERING,OPEN_AI_RANK,2025,990118
66,"Government Engineering College, Palanpur",MECHANICAL ENGINEERING,OPEN,2025,38640
66,"Government Engineering College, Palanpur",MECHANICAL ENGINEERING,OPEN_AI_RANK,2025,990420
67,"Government Engineering College, Patan",CIVIL ENGINEERING,OPEN,2025,50230
67,"Government Engineering College, Patan",CIVIL ENGINEERING,OPEN_AI_RANK,2025,990046
67,"Government Engineering College, Patan",COMPUTER SCIENCE & ENGINEERING,EWS,2025,18594
67,"Government Engineering College, Patan",COMPUTER SCIENCE & ENGINEERING,OPEN,2025,12445
67,"Government Engineering College, Patan",COMPUTER SCIENCE & ENGINEERING,OPEN_AI_RANK,2025,902865
67,"Government Engineering College, Patan",COMPUTER SCIENCE & ENGINEERING,SC,2025,33127
67,"Government Engineering College, Patan",COMPUTER SCIENCE & ENGINEERING,SEBC,2025,21796
67,"Government Engineering College, Patan",COMPUTER SCIENCE & ENGINEERING,ST,2025,50074
67,"Government Engineering College, Patan",COMPUTER SCIENCE & ENGINEERING,TFWS,2025,6667
67,"Government Engineering College, Patan",ELECTRICAL ENGINEERING,OPEN,2025,38370
67,"Government Engineering College, Patan",ELECTRICAL ENGINEERING,OPEN_AI_RANK,2025,932488
67,"Government Engineering College, Patan",ELECTRONICS & COMMUNICATION ENGINEERING,EWS,2025,37332
67,"Government Engineering College, Patan",ELECTRONICS & COMMUNICATION ENGINEERING,OPEN,2025,32729
67,"Government Engineering College, Patan",ELECTRONICS & COMMUNICATION ENGINEERING,OPEN_AI_RANK,2025,907565
67,"Government Engineering College, Patan",ELECTRONICS & COMMUNICATION ENGINEERING,SEBC,2025,39848
67,"Government Engineering College, Patan",ELECTRONICS & COMMUNICATION ENGINEERING,TFWS,2025,20491
67,"Government Engineering College, Patan",MECHANICAL ENGINEERING,OPEN,2025,50609
67,"Government Engineering College, Patan",MECHANICAL ENGINEERING,OPEN_AI_RANK,2025,990266
68,"Government Engineering College, Rajkot",ARTIFICIAL INTELLIGENCE AND DATA SCIENCE,EWS,2025,14358
68,"Government Engineering College, Rajkot",ARTIFICIAL INTELLIGENCE AND DATA SCIENCE,OPEN,2025,10956
68,"Government Engineering College, Rajkot",ARTIFICIAL INTELLIGENCE AND DATA SCIENCE,OPEN_AI_RANK,2025,902018
68,"Government Engineering College, Rajkot",ARTIFICIAL INTELLIGENCE AND DATA SCIENCE,SC,2025,34281
68,"Government Engineering College, Rajkot",ARTIFICIAL INTELLIGENCE AND DATA SCIENCE,SEBC,2025,17888
68,"Government Engineering College, Rajkot",ARTIFICIAL INTELLIGENCE AND DATA SCIENCE,ST,2025,38267
68,"Government Engineering College, Rajkot",ARTIFICIAL INTELLIGENCE AND DATA SCIENCE,TFWS,2025,4514
68,"Government Engineering College, Rajkot",ARTIFICIAL INTELLIGENCE AND DATA SCIENCE,TFWS_AI_RANK,2025,901620
68,"Government Engineering College, Rajkot",CIVIL ENGINEERING,OPEN,2025,39699
68,"Government Engineering College, Rajkot",CIVIL ENGINEERING,OPEN_AI_RANK,2025,908569
68,"Government Engineering College, Rajkot",COMPUTER ENGINEERING,ESM,2025,29826
68,"Government Engineering College, Rajkot",COMPUTER ENGINEERING,EWS,2025,9165
68,"Government Engineering College, Rajkot",COMPUTER ENGINEERING,OPEN,2025,6593
68,"Government Engineering College, Rajkot",COMPUTER ENGINEERING,OPEN_AI_RANK,2025,901329
68,"Government Engineering College, Rajkot",COMPUTER ENGINEERING,SC,2025,20729
68,"Government Engineering College, Rajkot",COMPUTER ENGINEERING,SEBC,2025,9698
68,"Government Engineering College, Rajkot",COMPUTER ENGINEERING,ST,2025,39640
68,"Government Engineering College, Rajkot",COMPUTER ENGINEERING,TFWS,2025,3659
68,"Government Engineering College, Rajkot",ELECTRICAL ENGINEERING,EWS,2025,39198
68,"Government Engineering College, Rajkot",ELECTRICAL ENGINEERING,OPEN,2025,35208
68,"Government Engineering College, Rajkot",ELECTRICAL ENGINEERING,OPEN_AI_RANK,2025,906734
68,"Government Engineering College, Rajkot",ELECTRICAL ENGINEERING,SC,2025,36769
68,"Government Engineering College, Rajkot",ELECTRICAL ENGINEERING,SEBC,2025,39648
68,"Government Engineering College, Rajkot",ELECTRICAL ENGINEERING,TFWS,2025,18769
68,"Government Engineering College, Rajkot",ELECTRONICS & COMMUNICATION ENGINEERING,EWS,2025,50092
68,"Government Engineering College, Rajkot",ELECTRONICS & COMMUNICATION ENGINEERING,OPEN,2025,28367
68,"Government Engineering College, Rajkot",ELECTRONICS & COMMUNICATION ENGINEERING,OPEN_AI_RANK,2025,904458
68,"Government Engineering College, Rajkot",ELECTRONICS & COMMUNICATION ENGINEERING,SC,2025,39629
68,"Government Engineering College, Rajkot",ELECTRONICS & COMMUNICATION ENGINEERING,SEBC,2025,39622
68,"Government Engineering College, Rajkot",ELECTRONICS & COMMUNICATION ENGINEERING,TFWS,2025,12811
68,"Government Engineering College, Rajkot",INSTRUMENTATION & CONTROL ENGINEERING,OPEN,2025,39221
68,"Government Engineering College, Rajkot",INSTRUMENTATION & CONTROL ENGINEERING,OPEN_AI_RANK,2025,930695
68,"Government Engineering College, Rajkot",MECHANICAL ENGINEERING,EWS,2025,30374
68,"Government Engineering College, Rajkot",MECHANICAL ENGINEERING,OPEN,2025,24978
68,"Government Engineering College, Rajkot",MECHANICAL ENGINEERING,OPEN_AI_RANK,2025,905745
68,"Government Engineering College, Rajkot",MECHANICAL ENGINEERING,SEBC,2025,32444
68,"Government Engineering College, Rajkot",MECHANICAL ENGINEERING,TFWS,2025,15405
68,"Government Engineering College, Rajkot",ROBOTICS AND AUTOMATION,OPEN,2025,50564
68,"Government Engineering College, Rajkot",ROBOTICS AND AUTOMATION,OPEN_AI_RANK,2025,908729
68,"Government Engineering College, Rajkot",ROBOTICS AND AUTOMATION,TFWS,2025,17615
69,"Government Engineering College, Sector 28 Gandhinagar",BIOMEDICAL ENGINEERING,OPEN,2025,50550
69,"Government Engineering College, Sector 28 Gandhinagar",BIOMEDICAL ENGINEERING,OPEN_AI_RANK,2025,990318
69,"Government Engineering College, Sector 28 Gandhinagar",CIVIL ENGINEERING,ESM,2025,36641
69,"Government Engineering College, Sector 28 Gandhinagar",CIVIL ENGINEERING,EWS,2025,26522
69,"Government Engineering College, Sector 28 Gandhinagar",CIVIL ENGINEERING,OPEN,2025,22114
69,"Government Engineering College, Sector 28 Gandhinagar",CIVIL ENGINEERING,OPEN_AI_RANK,2025,904622
69,"Government Engineering College, Sector 28 Gandhinagar",CIVIL ENGINEERING,SC,2025,39473
69,"Government Engineering College, Sector 28 Gandhinagar",CIVIL ENGINEERING,SEBC,2025,28807
69,"Government Engineering College, Sector 28 Gandhinagar",CIVIL ENGINEERING,ST,2025,38924
69,"Government Engineering College, Sector 28 Gandhinagar",CIVIL ENGINEERING,TFWS,2025,17852
69,"Government Engineering College, Sector 28 Gandhinagar",COMPUTER ENGINEERING,ESM,2025,13101
69,"Government Engineering College, Sector 28 Gandhinagar",COMPUTER ENGINEERING,EWS,2025,3522
69,"Government Engineering College, Sector 28 Gandhinagar",COMPUTER ENGINEERING,OPEN,2025,2902
69,"Government Engineering College, Sector 28 Gandhinagar",COMPUTER ENGINEERING,OPEN_AI_RANK,2025,901418
69,"Government Engineering College, Sector 28 Gandhinagar",COMPUTER ENGINEERING,SC,2025,14379
69,"Government Engineering College, Sector 28 Gandhinagar",COMPUTER ENGINEERING,SEBC,2025,4430
69,"Government Engineering College, Sector 28 Gandhinagar",COMPUTER ENGINEERING,ST,2025,33623
69,"Government Engineering College, Sector 28 Gandhinagar",COMPUTER ENGINEERING,TFWS,2025,2303
69,"Government Engineering College, Sector 28 Gandhinagar",ELECTRICAL ENGINEERING,EWS,2025,24070
69,"Government Engineering College, Sector 28 Gandhinagar",ELECTRICAL ENGINEERING,OPEN,2025,22001
69,"Government Engineering College, Sector 28 Gandhinagar",ELECTRICAL ENGINEERING,OPEN_AI_RANK,2025,904500
69,"Government Engineering College, Sector 28 Gandhinagar",ELECTRICAL ENGINEERING,SC,2025,37705
69,"Government Engineering College, Sector 28 Gandhinagar",ELECTRICAL ENGINEERING,SEBC,2025,37653
69,"Government Engineering College, Sector 28 Gandhinagar",ELECTRICAL ENGINEERING,ST,2025,39637
69,"Government Engineering College, Sector 28 Gandhinagar",ELECTRICAL ENGINEERING,TFWS,2025,13696
69,"Government Engineering College, Sector 28 Gandhinagar",ELECTRONICS & COMMUNICATION ENGINEERING,EWS,2025,16548
69,"Government Engineering College, Sector 28 Gandhinagar",ELECTRONICS & COMMUNICATION ENGINEERING,OPEN,2025,12227
69,"Government Engineering College, Sector 28 Gandhinagar",ELECTRONICS & COMMUNICATION ENGINEERING,OPEN_AI_RANK,2025,902282
69,"Government Engineering College, Sector 28 Gandhinagar",ELECTRONICS & COMMUNICATION ENGINEERING,SC,2025,39679
69,"Government Engineering College, Sector 28 Gandhinagar",ELECTRONICS & COMMUNICATION ENGINEERING,SEBC,2025,22972
69,"Government Engineering College, Sector 28 Gandhinagar",ELECTRONICS & COMMUNICATION ENGINEERING,TFWS,2025,6562
69,"Government Engineering College, Sector 28 Gandhinagar",ELECTRONICS & COMMUNICATION ENGINEERING,TFWS_AI_RANK,2025,902322
69,"Government Engineering College, Sector 28 Gandhinagar",INFORMATION TECHNOLOGY,ESM,2025,23791
69,"Government Engineering College, Sector 28 Gandhinagar",INFORMATION TECHNOLOGY,EWS,2025,4614
69,"Government Engineering College, Sector 28 Gandhinagar",INFORMATION TECHNOLOGY,OPEN,2025,4018
69,"Government Engineering College, Sector 28 Gandhinagar",INFORMATION TECHNOLOGY,OPEN_AI_RANK,2025,901534
69,"Government Engineering College, Sector 28 Gandhinagar",INFORMATION TECHNOLOGY,SC,2025,15186
69,"Government Engineering College, Sector 28 Gandhinagar",INFORMATION TECHNOLOGY,SEBC,2025,6504
69,"Government Engineering College, Sector 28 Gandhinagar",INFORMATION TECHNOLOGY,ST,2025,34799
69,"Government Engineering College, Sector 28 Gandhinagar",INFORMATION TECHNOLOGY,TFWS,2025,3335
69,"Government Engineering College, Sector 28 Gandhinagar",INSTRUMENTATION & CONTROL ENGINEERING,EWS,2025,29078
69,"Government Engineering College, Sector 28 Gandhinagar",INSTRUMENTATION & CONTROL ENGINEERING,OPEN,2025,25228
69,"Government Engineering College, Sector 28 Gandhinagar",INSTRUMENTATION & CONTROL ENGINEERING,OPEN_AI_RANK,2025,903310
69,"Government Engineering College, Sector 28 Gandhinagar",INSTRUMENTATION & CONTROL ENGINEERING,SEBC,2025,50315
69,"Government Engineering College, Sector 28 Gandhinagar",METALLURGY,OPEN,2025,38449
69,"Government Engineering College, Sector 28 Gandhinagar",METALLURGY,OPEN_AI_RANK,2025,930649
69,"Government Engineering College, Sector 28 Gandhinagar",Mechanical Engineering,EWS,2025,21880
69,"Government Engineering College, Sector 28 Gandhinagar",Mechanical Engineering,OPEN,2025,19158
69,"Government Engineering College, Sector 28 Gandhinagar",Mechanical Engineering,OPEN_AI_RANK,2025,903439
69,"Government Engineering College, Sector 28 Gandhinagar",Mechanical Engineering,SC,2025,36023
69,"Government Engineering College, Sector 28 Gandhinagar",Mechanical Engineering,SEBC,2025,27353
69,"Government Engineering College, Sector 28 Gandhinagar",Mechanical Engineering,ST,2025,34938
69,"Government Engineering College, Sector 28 Gandhinagar",Mechanical Engineering,TFWS,2025,14523
69,"Government Engineering College, Sector 28 Gandhinagar",ROBOTICS AND AUTOMATION,EWS,2025,24432
69,"Government Engineering College, Sector 28 Gandhinagar",ROBOTICS AND AUTOMATION,OPEN,2025,20233
69,"Government Engineering College, Sector 28 Gandhinagar",ROBOTICS AND AUTOMATION,OPEN_AI_RANK,2025,904007
69,"Government Engineering College, Sector 28 Gandhinagar",ROBOTICS AND AUTOMATION,SC,2025,50505
69,"Government Engineering College, Sector 28 Gandhinagar",ROBOTICS AND AUTOMATION,SEBC,2025,34884
69,"Government Engineering College, Sector 28 Gandhinagar",ROBOTICS AND AUTOMATION,TFWS,2025,10056
69,"Government Engineering College, Sector 28 Gandhinagar",ROBOTICS AND AUTOMATION,TFWS_AI_RANK,2025,901564
70,"Government Engineering College, Valsad",CHEMICAL ENGINEERING,ESM,2025,32577
70,"Government Engineering College, Valsad",CHEMICAL ENGINEERING,EWS,2025,31746
70,"Government Engineering College, Valsad",CHEMICAL ENGINEERING,OPEN,2025,25664
70,"Government Engineering College, Valsad",CHEMICAL ENGINEERING,OPEN_AI_RANK,2025,906880
70,"Government Engineering College, Valsad",CHEMICAL ENGINEERING,SC,2025,38858
70,"Government Engineering College, Valsad",CHEMICAL ENGINEERING,SEBC,2025,36695
70,"Government Engineering College, Valsad",CHEMICAL ENGINEERING,ST,2025,39154
70,"Government Engineering College, Valsad",CHEMICAL ENGINEERING,TFWS,2025,14462
70,"Government Engineering College, Valsad",CIVIL ENGINEERING,OPEN,2025,39657
70,"Government Engineering College, Valsad",CIVIL ENGINEERING,OPEN_AI_RANK,2025,932187
70,"Government Engineering College, Valsad",ELECTRICAL ENGINEERING,OPEN,2025,27202
70,"Government Engineering College, Valsad",ELECTRICAL ENGINEERING,OPEN_AI_RANK,2025,909563
70,"Government Engineering College, Valsad",ELECTRICAL ENGINEERING,SC,2025,28819
70,"Government Engineering College, Valsad",ELECTRICAL ENGINEERING,SEBC,2025,33705
70,"Government Engineering College, Valsad",ELECTRICAL ENGINEERING,ST,2025,39675
70,"Government Engineering College, Valsad",ELECTRICAL ENGINEERING,TFWS,2025,16072
70,"Government Engineering College, Valsad",Mechanical Engineering,OPEN,2025,50623
70,"Government Engineering College, Valsad",Mechanical Engineering,OPEN_AI_RANK,2025,990177
70,"Government Engineering College, Valsad",Mechanical Engineering,TFWS,2025,20297
70,"Government Engineering College, Valsad",Mechanical Engineering,TFWS_AI_RANK,2025,914192
72,"Grow More Faculty of Engineering, Berna, Himmatnagar",COMPUTER ENGINEERING,OPEN,2025,39610
72,"Grow More Faculty of Engineering, Berna, Himmatnagar",INFORMATION TECHNOLOGY,OPEN,2025,34823
73,"Gujarat Power Engg. And Res. Inst. (Gperi) (Ppp), Mevad, Mehsana",CIVIL ENGINEERING,OPEN,2025,36755
73,"Gujarat Power Engg. And Res. Inst. (Gperi) (Ppp), Mevad, Mehsana",COMPUTER ENGINEERING,OPEN,2025,50263
73,"Gujarat Power Engg. And Res. Inst. (Gperi) (Ppp), Mevad, Mehsana",COMPUTER ENGINEERING,TFWS,2025,12258
73,"Gujarat Power Engg. And Res. Inst. (Gperi) (Ppp), Mevad, Mehsana",ELECTRICAL ENGINEERING,OPEN,2025,37767
73,"Gujarat Power Engg. And Res. Inst. (Gperi) (Ppp), Mevad, Mehsana",MECHANICAL ENGINEERING,OPEN,2025,50488
74,"Gujarat Technological University School of Engineering and Technology, Chandkheda Ahmedabad",COMPUTER ENGINEERING,EWS,2025,9863
74,"Gujarat Technological University School of Engineering and Technology, Chandkheda Ahmedabad",COMPUTER ENGINEERING,OPEN,2025,7736
74,"Gujarat Technological University School of Engineering and Technology, Chandkheda Ahmedabad",COMPUTER ENGINEERING,SC,2025,17538
74,"Gujarat Technological University School of Engineering and Technology, Chandkheda Ahmedabad",COMPUTER ENGINEERING,SEBC,2025,13667
74,"Gujarat Technological University School of Engineering and Technology, Chandkheda Ahmedabad",COMPUTER ENGINEERING,ST,2025,34634
74,"Gujarat Technological University School of Engineering and Technology, Chandkheda Ahmedabad",COMPUTER ENGINEERING,TFWS,2025,3152
74,"Gujarat Technological University School of Engineering and Technology, Chandkheda Ahmedabad",ELECTRONICS & COMMUNICATION ENGINEERING,EWS,2025,19857
74,"Gujarat Technological University School of Engineering and Technology, Chandkheda Ahmedabad",ELECTRONICS & COMMUNICATION ENGINEERING,OPEN,2025,16796
74,"Gujarat Technological University School of Engineering and Technology, Chandkheda Ahmedabad",ELECTRONICS & COMMUNICATION ENGINEERING,SC,2025,31502
74,"Gujarat Technological University School of Engineering and Technology, Chandkheda Ahmedabad",ELECTRONICS & COMMUNICATION ENGINEERING,SEBC,2025,20420
74,"Gujarat Technological University School of Engineering and Technology, Chandkheda Ahmedabad",ELECTRONICS & COMMUNICATION ENGINEERING,TFWS,2025,8376
75,"Hansaba College Of Engieering And Technology, Siddhpur",COMPUTER ENGINEERING,OPEN,2025,50046
76,"Hasmukh Goswami College Of Engg, Vahelal",COMPUTER ENGINEERING,OPEN,2025,50097
77,"Hjd Institute Of Technical Education And Reserch, Kera",COMPUTER SCIENCE & ENGINEERING,OPEN,2025,31995
78,"ITM (SLS) Baroda University (Formerly Known as ITM Universe), Vadodara",CHEMICAL ENGINEERING,OPEN,2025,37144
78,"ITM (SLS) Baroda University (Formerly Known as ITM Universe), Vadodara",COMPUTER SCIENCE & ENGINEERING,OPEN,2025,50483
78,"ITM (SLS) Baroda University (Formerly Known as ITM Universe), Vadodara",COMPUTER SCIENCE & ENGINEERING (ARTIFICIAL INTELLIGENCE),OPEN,2025,50486
78,"ITM (SLS) Baroda University (Formerly Known as ITM Universe), Vadodara",COMPUTER SCIENCE & ENGINEERING (CYBER SECURITY),OPEN,2025,38704
78,"ITM (SLS) Baroda University (Formerly Known as ITM Universe), Vadodara",INFORMATION TECHNOLOGY,OPEN,2025,14893
78,"ITM (SLS) Baroda University (Formerly Known as ITM Universe), Vadodara",MECHANICAL ENGINEERING,OPEN,2025,50472
78,"ITM (SLS) Baroda University (Formerly Known as ITM Universe), Vadodara",ROBOTICS AND AUTOMATION,OPEN,2025,39996
79,"ITM Vocational University, Waghodia, Dist: Vadodara",COMPUTER ENGINEERING (Cloud Tech. & Info.Sec.),OPEN,2025,36174
79,"ITM Vocational University, Waghodia, Dist: Vadodara",COMPUTER ENGINEERING (Data Science),OPEN,2025,35636
79,"ITM Vocational University, Waghodia, Dist: Vadodara",MECHATRONICS ENGINEERING,OPEN,2025,17237
80,"Indus Institute Of Tech. & Engg., Racharda, Ahmedabad",AUTOMOBILE ENGINEERING,OPEN,2025,38635
80,"Indus Institute Of Tech. & Engg., Racharda, Ahmedabad",CIVIL ENGINEERING,OPEN,2025,37931
80,"Indus Institute Of Tech. & Engg., Racharda, Ahmedabad",COMPUTER ENGINEERING,OPEN,2025,39900
80,"Indus Institute Of Tech. & Engg., Racharda, Ahmedabad",COMPUTER ENGINEERING,TFWS,2025,7392
80,"Indus Institute Of Tech. & Engg., Racharda, Ahmedabad",COMPUTER SCIENCE & ENGINEERING,OPEN,2025,50604
80,"Indus Institute Of Tech. & Engg., Racharda, Ahmedabad",COMPUTER SCIENCE & ENGINEERING,TFWS,2025,9842
80,"Indus Institute Of Tech. & Engg., Racharda, Ahmedabad",CYBER SECURITY,OPEN,2025,36974
80,"Indus Institute Of Tech. & Engg., Racharda, Ahmedabad",ELECTRICAL ENGINEERING,OPEN,2025,38450
80,"Indus Institute Of Tech. & Engg., Racharda, Ahmedabad",ELECTRONICS & COMMUNICATION ENGINEERING,OPEN,2025,50305
80,"Indus Institute Of Tech. & Engg., Racharda, Ahmedabad",INFORMATION & COMMUNICATION TECHNOLOGY,OPEN,2025,36424
80,"Indus Institute Of Tech. & Engg., Racharda, Ahmedabad",INFORMATION TECHNOLOGY,OPEN,2025,50481
80,"Indus Institute Of Tech. & Engg., Racharda, Ahmedabad",INFORMATION TECHNOLOGY,TFWS,2025,9294
80,"Indus Institute Of Tech. & Engg., Racharda, Ahmedabad",MECHANICAL ENGINEERING,OPEN,2025,50060
81,"Institute Of Technology, Nirma University Of Science & Technology, Ahmedabad",ARTIFICIAL INTELLIGENCE(AI) AND MACHINE LEARNING,EWS,2025,545
81,"Institute Of Technology, Nirma University Of Science & Technology, Ahmedabad",ARTIFICIAL INTELLIGENCE(AI) AND MACHINE LEARNING,OPEN,2025,507
81,"Institute Of Technology, Nirma University Of Science & Technology, Ahmedabad",ARTIFICIAL INTELLIGENCE(AI) AND MACHINE LEARNING,SC,2025,4657
81,"Institute Of Technology, Nirma University Of Science & Technology, Ahmedabad",ARTIFICIAL INTELLIGENCE(AI) AND MACHINE LEARNING,SEBC,2025,1364
81,"Institute Of Technology, Nirma University Of Science & Technology, Ahmedabad",ARTIFICIAL INTELLIGENCE(AI) AND MACHINE LEARNING,ST,2025,20461
81,"Institute Of Technology, Nirma University Of Science & Technology, Ahmedabad",ARTIFICIAL INTELLIGENCE(AI) AND MACHINE LEARNING,TFWS,2025,174
81,"Institute Of Technology, Nirma University Of Science & Technology, Ahmedabad",CHEMICAL ENGINEERING,EWS,2025,5827
81,"Institute Of Technology, Nirma University Of Science & Technology, Ahmedabad",CHEMICAL ENGINEERING,OPEN,2025,3824
81,"Institute Of Technology, Nirma University Of Science & Technology, Ahmedabad",CHEMICAL ENGINEERING,SC,2025,28142
81,"Institute Of Technology, Nirma University Of Science & Technology, Ahmedabad",CHEMICAL ENGINEERING,SEBC,2025,13593
81,"Institute Of Technology, Nirma University Of Science & Technology, Ahmedabad",CHEMICAL ENGINEERING,ST,2025,50354
81,"Institute Of Technology, Nirma University Of Science & Technology, Ahmedabad",CHEMICAL ENGINEERING,TFWS,2025,825
81,"Institute Of Technology, Nirma University Of Science & Technology, Ahmedabad",CIVIL ENGINEERING,EWS,2025,20153
81,"Institute Of Technology, Nirma University Of Science & Technology, Ahmedabad",CIVIL ENGINEERING,OPEN,2025,10642
81,"Institute Of Technology, Nirma University Of Science & Technology, Ahmedabad",CIVIL ENGINEERING,SC,2025,27585
81,"Institute Of Technology, Nirma University Of Science & Technology, Ahmedabad",CIVIL ENGINEERING,SEBC,2025,23928
81,"Institute Of Technology, Nirma University Of Science & Technology, Ahmedabad",CIVIL ENGINEERING,ST,2025,39787
81,"Institute Of Technology, Nirma University Of Science & Technology, Ahmedabad",CIVIL ENGINEERING,TFWS,2025,1310
81,"Institute Of Technology, Nirma University Of Science & Technology, Ahmedabad",COMPUTER SCIENCE & ENGINEERING,ESM,2025,2530
81,"Institute Of Technology, Nirma University Of Science & Technology, Ahmedabad",COMPUTER SCIENCE & ENGINEERING,EWS,2025,391
81,"Institute Of Technology, Nirma University Of Science & Technology, Ahmedabad",COMPUTER SCIENCE & ENGINEERING,OPEN,2025,302
81,"Institute Of Technology, Nirma University Of Science & Technology, Ahmedabad",COMPUTER SCIENCE & ENGINEERING,SC,2025,4021
81,"Institute Of Technology, Nirma University Of Science & Technology, Ahmedabad",COMPUTER SCIENCE & ENGINEERING,SEBC,2025,839
81,"Institute Of Technology, Nirma University Of Science & Technology, Ahmedabad",COMPUTER SCIENCE & ENGINEERING,ST,2025,23814
81,"Institute Of Technology, Nirma University Of Science & Technology, Ahmedabad",COMPUTER SCIENCE & ENGINEERING,TFWS,2025,102
81,"Institute Of Technology, Nirma University Of Science & Technology, Ahmedabad",ELECTRICAL ENGINEERING,EWS,2025,11105
81,"Institute Of Technology, Nirma University Of Science & Technology, Ahmedabad",ELECTRICAL ENGINEERING,OPEN,2025,7577
81,"Institute Of Technology, Nirma University Of Science & Technology, Ahmedabad",ELECTRICAL ENGINEERING,SC,2025,24483
81,"Institute Of Technology, Nirma University Of Science & Technology, Ahmedabad",ELECTRICAL ENGINEERING,SEBC,2025,13812
81,"Institute Of Technology, Nirma University Of Science & Technology, Ahmedabad",ELECTRICAL ENGINEERING,ST,2025,28257
81,"Institute Of Technology, Nirma University Of Science & Technology, Ahmedabad",ELECTRICAL ENGINEERING,TFWS,2025,2033
81,"Institute Of Technology, Nirma University Of Science & Technology, Ahmedabad",ELECTRONICS & COMMUNICATION ENGINEERING,ESM,2025,10618
81,"Institute Of Technology, Nirma University Of Science & Technology, Ahmedabad",ELECTRONICS & COMMUNICATION ENGINEERING,EWS,2025,1545
81,"Institute Of Technology, Nirma University Of Science & Technology, Ahmedabad",ELECTRONICS & COMMUNICATION ENGINEERING,OPEN,2025,1127
81,"Institute Of Technology, Nirma University Of Science & Technology, Ahmedabad",ELECTRONICS & COMMUNICATION ENGINEERING,SC,2025,5107
81,"Institute Of Technology, Nirma University Of Science & Technology, Ahmedabad",ELECTRONICS & COMMUNICATION ENGINEERING,SEBC,2025,4538
81,"Institute Of Technology, Nirma University Of Science & Technology, Ahmedabad",ELECTRONICS & COMMUNICATION ENGINEERING,ST,2025,34216
81,"Institute Of Technology, Nirma University Of Science & Technology, Ahmedabad",ELECTRONICS & COMMUNICATION ENGINEERING,TFWS,2025,388
81,"Institute Of Technology, Nirma University Of Science & Technology, Ahmedabad",ELECTRONICS & INSTRUMENTATION ENGINEERING,EWS,2025,6789
81,"Institute Of Technology, Nirma University Of Science & Technology, Ahmedabad",ELECTRONICS & INSTRUMENTATION ENGINEERING,OPEN,2025,4029
81,"Institute Of Technology, Nirma University Of Science & Technology, Ahmedabad",ELECTRONICS & INSTRUMENTATION ENGINEERING,SC,2025,8484
81,"Institute Of Technology, Nirma University Of Science & Technology, Ahmedabad",ELECTRONICS & INSTRUMENTATION ENGINEERING,SEBC,2025,12576
81,"Institute Of Technology, Nirma University Of Science & Technology, Ahmedabad",ELECTRONICS & INSTRUMENTATION ENGINEERING,TFWS,2025,1595
81,"Institute Of Technology, Nirma University Of Science & Technology, Ahmedabad",MECHANICAL ENGINEERING,ESM,2025,21876
81,"Institute Of Technology, Nirma University Of Science & Technology, Ahmedabad",MECHANICAL ENGINEERING,EWS,2025,7655
81,"Institute Of Technology, Nirma University Of Science & Technology, Ahmedabad",MECHANICAL ENGINEERING,OPEN,2025,6141
81,"Institute Of Technology, Nirma University Of Science & Technology, Ahmedabad",MECHANICAL ENGINEERING,SC,2025,13321
81,"Institute Of Technology, Nirma University Of Science & Technology, Ahmedabad",MECHANICAL ENGINEERING,SEBC,2025,11715
81,"Institute Of Technology, Nirma University Of Science & Technology, Ahmedabad",MECHANICAL ENGINEERING,ST,2025,36327
81,"Institute Of Technology, Nirma University Of Science & Technology, Ahmedabad",MECHANICAL ENGINEERING,TFWS,2025,702
82,"Institute of Advanced Research, Gandhinagar",BIOTECHNOLOGY,OPEN,2025,31751
82,"Institute of Advanced Research, Gandhinagar",CHEMICAL ENGINEERING,OPEN,2025,50080
82,"Institute of Advanced Research, Gandhinagar",COMPUTER ENGINEERING,EWS,2025,39128
82,"Institute of Advanced Research, Gandhinagar",COMPUTER ENGINEERING,OPEN,2025,33765
82,"Institute of Advanced Research, Gandhinagar",COMPUTER ENGINEERING,SC,2025,40043
82,"Institute of Advanced Research, Gandhinagar",COMPUTER ENGINEERING,SEBC,2025,50442
82,"Institute of Advanced Research, Gandhinagar",COMPUTER ENGINEERING,TFWS,2025,7697
82,"Institute of Advanced Research, Gandhinagar",INFORMATION TECHNOLOGY,OPEN,2025,50350
82,"Institute of Advanced Research, Gandhinagar",INFORMATION TECHNOLOGY,TFWS,2025,7874
83,"Institute of Infrastructure, Tech., Research & Management (IITRAM), Maninagar, Ahmedabad",CIVIL ENGINEERING,OPEN,2025,50511
83,"Institute of Infrastructure, Tech., Research & Management (IITRAM), Maninagar, Ahmedabad",CIVIL ENGINEERING,OPEN_AI_RANK,2025,990082
83,"Institute of Infrastructure, Tech., Research & Management (IITRAM), Maninagar, Ahmedabad",COMPUTER ENGINEERING,ESM,2025,9137
83,"Institute of Infrastructure, Tech., Research & Management (IITRAM), Maninagar, Ahmedabad",COMPUTER ENGINEERING,EWS,2025,3092
83,"Institute of Infrastructure, Tech., Research & Management (IITRAM), Maninagar, Ahmedabad",COMPUTER ENGINEERING,OPEN,2025,2653
83,"Institute of Infrastructure, Tech., Research & Management (IITRAM), Maninagar, Ahmedabad",COMPUTER ENGINEERING,SC,2025,10189
83,"Institute of Infrastructure, Tech., Research & Management (IITRAM), Maninagar, Ahmedabad",COMPUTER ENGINEERING,SEBC,2025,6321
83,"Institute of Infrastructure, Tech., Research & Management (IITRAM), Maninagar, Ahmedabad",COMPUTER ENGINEERING,ST,2025,35573
83,"Institute of Infrastructure, Tech., Research & Management (IITRAM), Maninagar, Ahmedabad",COMPUTER ENGINEERING,TFWS,2025,1229
83,"Institute of Infrastructure, Tech., Research & Management (IITRAM), Maninagar, Ahmedabad",ELECTRICAL ENGINEERING,EWS,2025,35296
83,"Institute of Infrastructure, Tech., Research & Management (IITRAM), Maninagar, Ahmedabad",ELECTRICAL ENGINEERING,OPEN,2025,32074
83,"Institute of Infrastructure, Tech., Research & Management (IITRAM), Maninagar, Ahmedabad",ELECTRICAL ENGINEERING,SC,2025,36996
83,"Institute of Infrastructure, Tech., Research & Management (IITRAM), Maninagar, Ahmedabad",ELECTRICAL ENGINEERING,SEBC,2025,33618
83,"Institute of Infrastructure, Tech., Research & Management (IITRAM), Maninagar, Ahmedabad",MECHANICAL ENGINEERING,EWS,2025,25938
83,"Institute of Infrastructure, Tech., Research & Management (IITRAM), Maninagar, Ahmedabad",MECHANICAL ENGINEERING,OPEN,2025,20299
83,"Institute of Infrastructure, Tech., Research & Management (IITRAM), Maninagar, Ahmedabad",MECHANICAL ENGINEERING,SC,2025,39097
83,"Institute of Infrastructure, Tech., Research & Management (IITRAM), Maninagar, Ahmedabad",MECHANICAL ENGINEERING,SEBC,2025,38559
84,Ipcowala Institute Of Engineering And Technology Dharmaj,COMPUTER ENGINEERING,OPEN,2025,23614
85,"JG University - School of Engineering, Ahmedabad",ARTIFICIAL INTELLIGENCE AND DATA SCIENCE,OPEN,2025,50591
85,"JG University - School of Engineering, Ahmedabad",ARTIFICIAL INTELLIGENCE AND DATA SCIENCE,TFWS,2025,16722
85,"JG University - School of Engineering, Ahmedabad",ARTIFICIAL INTELLIGENCE(AI) AND MACHINE LEARNING,OPEN,2025,50165
85,"JG University - School of Engineering, Ahmedabad",ARTIFICIAL INTELLIGENCE(AI) AND MACHINE LEARNING,TFWS,2025,16749
85,"JG University - School of Engineering, Ahmedabad",COMPUTER SCIENCE & ENGINEERING,OPEN,2025,50360
85,"JG University - School of Engineering, Ahmedabad",INFORMATION TECHNOLOGY,OPEN,2025,39736
86,"K.J. Institute Of Engg. And Tech., Savali",COMPUTER ENGINEERING,OPEN,2025,28476
86,"K.J. Institute Of Engg. And Tech., Savali",INFORMATION TECHNOLOGY,OPEN,2025,50421
87,"KANKESHWARIDEVI INSTITUTE OF TECHNOLOGY, JAMNAGAR",COMPUTER ENGINEERING,OPEN,2025,28724
90,Krishna School of Emerging Technology & Applied Research (Formerly Known as Babaria Institute,COMPUTER SCIENCE & ENGINEERING,OPEN,2025,50522
90,Krishna School of Emerging Technology & Applied Research (Formerly Known as Babaria Institute,COMPUTER SCIENCE & ENGINEERING,TFWS,2025,13386
90,Krishna School of Emerging Technology & Applied Research (Formerly Known as Babaria Institute,ELECTRICAL ENGINEERING,OPEN,2025,40021
90,Krishna School of Emerging Technology & Applied Research (Formerly Known as Babaria Institute,INFORMATION TECHNOLOGY,OPEN,2025,50465
90,Krishna School of Emerging Technology & Applied Research (Formerly Known as Babaria Institute,MECHANICAL ENGINEERING,OPEN,2025,38631
92,"Krishna School of Technology, Varnama, Vadodara",COMPUTER ENGINEERING,OPEN,2025,50622
92,"Krishna School of Technology, Varnama, Vadodara",COMPUTER ENGINEERING,TFWS,2025,18268
92,"Krishna School of Technology, Varnama, Vadodara",COMPUTER ENGINEERING (ARTIFICIAL INTELLIGENCE),OPEN,2025,21223
92,"Krishna School of Technology, Varnama, Vadodara",COMPUTER SCIENCE & ENGINEERING (CYBER SECURITY),OPEN,2025,39206
92,"Krishna School of Technology, Varnama, Vadodara",FOOD TECHNOLOGY,OPEN,2025,50028
92,"Krishna School of Technology, Varnama, Vadodara",FOOD TECHNOLOGY,TFWS,2025,19919
93,"L.D.College Of Engineering, Ahmedabad",ARTIFICIAL INTELLIGENCE(AI) AND MACHINE LEARNING,EWS,2025,1825
93,"L.D.College Of Engineering, Ahmedabad",ARTIFICIAL INTELLIGENCE(AI) AND MACHINE LEARNING,OPEN,2025,1356
93,"L.D.College Of Engineering, Ahmedabad",ARTIFICIAL INTELLIGENCE(AI) AND MACHINE LEARNING,OPEN_AI_RANK,2025,900852
93,"L.D.College Of Engineering, Ahmedabad",ARTIFICIAL INTELLIGENCE(AI) AND MACHINE LEARNING,SC,2025,9434
93,"L.D.College Of Engineering, Ahmedabad",ARTIFICIAL INTELLIGENCE(AI) AND MACHINE LEARNING,SEBC,2025,2267
93,"L.D.College Of Engineering, Ahmedabad",ARTIFICIAL INTELLIGENCE(AI) AND MACHINE LEARNING,ST,2025,22383
93,"L.D.College Of Engineering, Ahmedabad",ARTIFICIAL INTELLIGENCE(AI) AND MACHINE LEARNING,TFWS,2025,708
93,"L.D.College Of Engineering, Ahmedabad",AUTOMOBILE ENGINEERING,EWS,2025,34292
93,"L.D.College Of Engineering, Ahmedabad",AUTOMOBILE ENGINEERING,OPEN,2025,25478
93,"L.D.College Of Engineering, Ahmedabad",AUTOMOBILE ENGINEERING,OPEN_AI_RANK,2025,904764
93,"L.D.College Of Engineering, Ahmedabad",AUTOMOBILE ENGINEERING,SC,2025,50554
93,"L.D.College Of Engineering, Ahmedabad",AUTOMOBILE ENGINEERING,SEBC,2025,50153
93,"L.D.College Of Engineering, Ahmedabad",AUTOMOBILE ENGINEERING,ST,2025,39349
93,"L.D.College Of Engineering, Ahmedabad",AUTOMOBILE ENGINEERING,TFWS,2025,14526
93,"L.D.College Of Engineering, Ahmedabad",BIOMEDICAL ENGINEERING,EWS,2025,33556
93,"L.D.College Of Engineering, Ahmedabad",BIOMEDICAL ENGINEERING,OPEN,2025,27448
93,"L.D.College Of Engineering, Ahmedabad",BIOMEDICAL ENGINEERING,OPEN_AI_RANK,2025,903884
93,"L.D.College Of Engineering, Ahmedabad",BIOMEDICAL ENGINEERING,SC,2025,38375
93,"L.D.College Of Engineering, Ahmedabad",BIOMEDICAL ENGINEERING,SEBC,2025,39713
93,"L.D.College Of Engineering, Ahmedabad",BIOMEDICAL ENGINEERING,TFWS,2025,14274
93,"L.D.College Of Engineering, Ahmedabad",CHEMICAL ENGINEERING,ESM,2025,16423
93,"L.D.College Of Engineering, Ahmedabad",CHEMICAL ENGINEERING,EWS,2025,5278
93,"L.D.College Of Engineering, Ahmedabad",CHEMICAL ENGINEERING,OPEN,2025,4782
93,"L.D.College Of Engineering, Ahmedabad",CHEMICAL ENGINEERING,OPEN_AI_RANK,2025,901859
93,"L.D.College Of Engineering, Ahmedabad",CHEMICAL ENGINEERING,SC,2025,14947
93,"L.D.College Of Engineering, Ahmedabad",CHEMICAL ENGINEERING,SEBC,2025,7384
93,"L.D.College Of Engineering, Ahmedabad",CHEMICAL ENGINEERING,ST,2025,19532
93,"L.D.College Of Engineering, Ahmedabad",CHEMICAL ENGINEERING,TFWS,2025,2585
93,"L.D.College Of Engineering, Ahmedabad",CIVIL ENGINEERING,ESM,2025,32456
93,"L.D.College Of Engineering, Ahmedabad",CIVIL ENGINEERING,EWS,2025,9185
93,"L.D.College Of Engineering, Ahmedabad",CIVIL ENGINEERING,OPEN,2025,7254
93,"L.D.College Of Engineering, Ahmedabad",CIVIL ENGINEERING,OPEN_AI_RANK,2025,902821
93,"L.D.College Of Engineering, Ahmedabad",CIVIL ENGINEERING,SC,2025,16873
93,"L.D.College Of Engineering, Ahmedabad",CIVIL ENGINEERING,SEBC,2025,13266
93,"L.D.College Of Engineering, Ahmedabad",CIVIL ENGINEERING,ST,2025,19286
93,"L.D.College Of Engineering, Ahmedabad",CIVIL ENGINEERING,TFWS,2025,3509
93,"L.D.College Of Engineering, Ahmedabad",COMPUTER ENGINEERING,ESM,2025,5755
93,"L.D.College Of Engineering, Ahmedabad",COMPUTER ENGINEERING,EWS,2025,775
93,"L.D.College Of Engineering, Ahmedabad",COMPUTER ENGINEERING,OPEN,2025,586
93,"L.D.College Of Engineering, Ahmedabad",COMPUTER ENGINEERING,OPEN_AI_RANK,2025,900646
93,"L.D.College Of Engineering, Ahmedabad",COMPUTER ENGINEERING,SC,2025,4165
93,"L.D.College Of Engineering, Ahmedabad",COMPUTER ENGINEERING,SEBC,2025,1050
93,"L.D.College Of Engineering, Ahmedabad",COMPUTER ENGINEERING,ST,2025,17142
93,"L.D.College Of Engineering, Ahmedabad",COMPUTER ENGINEERING,TFWS,2025,313
93,"L.D.College Of Engineering, Ahmedabad",ELECTRICAL ENGINEERING,ESM,2025,25116
93,"L.D.College Of Engineering, Ahmedabad",ELECTRICAL ENGINEERING,EWS,2025,9397
93,"L.D.College Of Engineering, Ahmedabad",ELECTRICAL ENGINEERING,OPEN,2025,6755
93,"L.D.College Of Engineering, Ahmedabad",ELECTRICAL ENGINEERING,OPEN_AI_RANK,2025,901549
93,"L.D.College Of Engineering, Ahmedabad",ELECTRICAL ENGINEERING,SC,2025,22674
93,"L.D.College Of Engineering, Ahmedabad",ELECTRICAL ENGINEERING,SEBC,2025,10884
93,"L.D.College Of Engineering, Ahmedabad",ELECTRICAL ENGINEERING,ST,2025,26381
93,"L.D.College Of Engineering, Ahmedabad",ELECTRICAL ENGINEERING,TFWS,2025,3496
93,"L.D.College Of Engineering, Ahmedabad",ELECTRONICS & COMMUNICATION ENGINEERING,ESM,2025,12185
93,"L.D.College Of Engineering, Ahmedabad",ELECTRONICS & COMMUNICATION ENGINEERING,EWS,2025,3536
93,"L.D.College Of Engineering, Ahmedabad",ELECTRONICS & COMMUNICATION ENGINEERING,OPEN,2025,2705
93,"L.D.College Of Engineering, Ahmedabad",ELECTRONICS & COMMUNICATION ENGINEERING,OPEN_AI_RANK,2025,901228
93,"L.D.College Of Engineering, Ahmedabad",ELECTRONICS & COMMUNICATION ENGINEERING,SC,2025,12321
93,"L.D.College Of Engineering, Ahmedabad",ELECTRONICS & COMMUNICATION ENGINEERING,SEBC,2025,5585
93,"L.D.College Of Engineering, Ahmedabad",ELECTRONICS & COMMUNICATION ENGINEERING,ST,2025,34018
93,"L.D.College Of Engineering, Ahmedabad",ELECTRONICS & COMMUNICATION ENGINEERING,TFWS,2025,1581
93,"L.D.College Of Engineering, Ahmedabad",ELECTRONICS & COMMUNICATION ENGINEERING,TFWS_AI_RANK,2025,900961
93,"L.D.College Of Engineering, Ahmedabad",ENVIRONMENTAL ENGINEERING,EWS,2025,24781
93,"L.D.College Of Engineering, Ahmedabad",ENVIRONMENTAL ENGINEERING,OPEN,2025,19536
93,"L.D.College Of Engineering, Ahmedabad",ENVIRONMENTAL ENGINEERING,OPEN_AI_RANK,2025,902748
93,"L.D.College Of Engineering, Ahmedabad",ENVIRONMENTAL ENGINEERING,SC,2025,36471
93,"L.D.College Of Engineering, Ahmedabad",ENVIRONMENTAL ENGINEERING,SEBC,2025,32607
93,"L.D.College Of Engineering, Ahmedabad",ENVIRONMENTAL ENGINEERING,ST,2025,29131
93,"L.D.College Of Engineering, Ahmedabad",ENVIRONMENTAL ENGINEERING,TFWS,2025,11097
93,"L.D.College Of Engineering, Ahmedabad",INFORMATION TECHNOLOGY,ESM,2025,6256
93,"L.D.College Of Engineering, Ahmedabad",INFORMATION TECHNOLOGY,EWS,2025,1404
93,"L.D.College Of Engineering, Ahmedabad",INFORMATION TECHNOLOGY,OPEN,2025,1073
93,"L.D.College Of Engineering, Ahmedabad",INFORMATION TECHNOLOGY,OPEN_AI_RANK,2025,900307
93,"L.D.College Of Engineering, Ahmedabad",INFORMATION TECHNOLOGY,SC,2025,5922
93,"L.D.College Of Engineering, Ahmedabad",INFORMATION TECHNOLOGY,SEBC,2025,1708
93,"L.D.College Of Engineering, Ahmedabad",INFORMATION TECHNOLOGY,ST,2025,17249
93,"L.D.College Of Engineering, Ahmedabad",INFORMATION TECHNOLOGY,TFWS,2025,731
93,"L.D.College Of Engineering, Ahmedabad",INFORMATION TECHNOLOGY,TFWS_AI_RANK,2025,900154
93,"L.D.College Of Engineering, Ahmedabad",INSTRUMENTATION & CONTROL ENGINEERING,ESM,2025,26936
93,"L.D.College Of Engineering, Ahmedabad",INSTRUMENTATION & CONTROL ENGINEERING,EWS,2025,11988
93,"L.D.College Of Engineering, Ahmedabad",INSTRUMENTATION & CONTROL ENGINEERING,OPEN,2025,10377
93,"L.D.College Of Engineering, Ahmedabad",INSTRUMENTATION & CONTROL ENGINEERING,OPEN_AI_RANK,2025,901826
93,"L.D.College Of Engineering, Ahmedabad",INSTRUMENTATION & CONTROL ENGINEERING,SC,2025,29231
93,"L.D.College Of Engineering, Ahmedabad",INSTRUMENTATION & CONTROL ENGINEERING,SEBC,2025,18916
93,"L.D.College Of Engineering, Ahmedabad",INSTRUMENTATION & CONTROL ENGINEERING,TFWS,2025,5389
93,"L.D.College Of Engineering, Ahmedabad",INSTRUMENTATION & CONTROL ENGINEERING,TFWS_AI_RANK,2025,902764
93,"L.D.College Of Engineering, Ahmedabad",MECHANICAL ENGINEERING,ESM,2025,15715
93,"L.D.College Of Engineering, Ahmedabad",MECHANICAL ENGINEERING,EWS,2025,6142
93,"L.D.College Of Engineering, Ahmedabad",MECHANICAL ENGINEERING,OPEN,2025,4933
93,"L.D.College Of Engineering, Ahmedabad",MECHANICAL ENGINEERING,OPEN_AI_RANK,2025,901758
93,"L.D.College Of Engineering, Ahmedabad",MECHANICAL ENGINEERING,SC,2025,21903
93,"L.D.College Of Engineering, Ahmedabad",MECHANICAL ENGINEERING,SEBC,2025,8879
93,"L.D.College Of Engineering, Ahmedabad",MECHANICAL ENGINEERING,ST,2025,29369
93,"L.D.College Of Engineering, Ahmedabad",MECHANICAL ENGINEERING,TFWS,2025,2525
93,"L.D.College Of Engineering, Ahmedabad",MECHANICAL ENGINEERING,TFWS_AI_RANK,2025,901774
93,"L.D.College Of Engineering, Ahmedabad",PLASTIC TECHNOLOGY,OPEN,2025,38899
93,"L.D.College Of Engineering, Ahmedabad",PLASTIC TECHNOLOGY,OPEN_AI_RANK,2025,990137
93,"L.D.College Of Engineering, Ahmedabad",ROBOTICS AND AUTOMATION,EWS,2025,10230
93,"L.D.College Of Engineering, Ahmedabad",ROBOTICS AND AUTOMATION,OPEN,2025,7855
93,"L.D.College Of Engineering, Ahmedabad",ROBOTICS AND AUTOMATION,OPEN_AI_RANK,2025,900987
93,"L.D.College Of Engineering, Ahmedabad",ROBOTICS AND AUTOMATION,SC,2025,31041
93,"L.D.College Of Engineering, Ahmedabad",ROBOTICS AND AUTOMATION,SEBC,2025,16207
93,"L.D.College Of Engineering, Ahmedabad",ROBOTICS AND AUTOMATION,ST,2025,33552
93,"L.D.College Of Engineering, Ahmedabad",ROBOTICS AND AUTOMATION,TFWS,2025,3435
93,"L.D.College Of Engineering, Ahmedabad",RUBBER TECHNOLOGY,EWS,2025,37959
93,"L.D.College Of Engineering, Ahmedabad",RUBBER TECHNOLOGY,OPEN,2025,29147
93,"L.D.College Of Engineering, Ahmedabad",RUBBER TECHNOLOGY,OPEN_AI_RANK,2025,906307
93,"L.D.College Of Engineering, Ahmedabad",RUBBER TECHNOLOGY,SEBC,2025,39798
93,"L.D.College Of Engineering, Ahmedabad",TEXTILE TECHNOLOGY,OPEN,2025,39943
93,"L.D.College Of Engineering, Ahmedabad",TEXTILE TECHNOLOGY,OPEN_AI_RANK,2025,990075
94,"L.D.R.P. Institute Of Tech. & Research., Gandhinagar",CIVIL ENGINEERING,OPEN,2025,39413
94,"L.D.R.P. Institute Of Tech. & Research., Gandhinagar",COMPUTER ENGINEERING,ESM,2025,33800
94,"L.D.R.P. Institute Of Tech. & Research., Gandhinagar",COMPUTER ENGINEERING,EWS,2025,32703
94,"L.D.R.P. Institute Of Tech. & Research., Gandhinagar",COMPUTER ENGINEERING,OPEN,2025,24825
94,"L.D.R.P. Institute Of Tech. & Research., Gandhinagar",COMPUTER ENGINEERING,SC,2025,50513
94,"L.D.R.P. Institute Of Tech. & Research., Gandhinagar",COMPUTER ENGINEERING,SEBC,2025,50572
94,"L.D.R.P. Institute Of Tech. & Research., Gandhinagar",COMPUTER ENGINEERING,ST,2025,35492
94,"L.D.R.P. Institute Of Tech. & Research., Gandhinagar",COMPUTER ENGINEERING,TFWS,2025,6289
94,"L.D.R.P. Institute Of Tech. & Research., Gandhinagar",ELECTRICAL ENGINEERING,OPEN,2025,39863
94,"L.D.R.P. Institute Of Tech. & Research., Gandhinagar",ELECTRONICS & COMMUNICATION ENGINEERING,OPEN,2025,50330
94,"L.D.R.P. Institute Of Tech. & Research., Gandhinagar",INFORMATION TECHNOLOGY,EWS,2025,38472
94,"L.D.R.P. Institute Of Tech. & Research., Gandhinagar",INFORMATION TECHNOLOGY,OPEN,2025,33154
94,"L.D.R.P. Institute Of Tech. & Research., Gandhinagar",INFORMATION TECHNOLOGY,SC,2025,50228
94,"L.D.R.P. Institute Of Tech. & Research., Gandhinagar",INFORMATION TECHNOLOGY,SEBC,2025,38824
94,"L.D.R.P. Institute Of Tech. & Research., Gandhinagar",INFORMATION TECHNOLOGY,TFWS,2025,6906
94,"L.D.R.P. Institute Of Tech. & Research., Gandhinagar",MECHANICAL ENGINEERING,OPEN,2025,50379
95,"L.E.College ,Morbi",CHEMICAL ENGINEERING,OPEN,2025,38883
95,"L.E.College ,Morbi",CHEMICAL ENGINEERING,OPEN_AI_RANK,2025,932380
95,"L.E.College ,Morbi",CHEMICAL ENGINEERING,TFWS,2025,14935
95,"L.E.College ,Morbi",CIVIL ENGINEERING,OPEN,2025,38080
95,"L.E.College ,Morbi",CIVIL ENGINEERING,OPEN_AI_RANK,2025,931723
95,"L.E.College ,Morbi",ELECTRICAL ENGINEERING,OPEN,2025,50424
95,"L.E.College ,Morbi",ELECTRICAL ENGINEERING,OPEN_AI_RANK,2025,990182
95,"L.E.College ,Morbi",INFORMATION TECHNOLOGY,EWS,2025,18596
95,"L.E.College ,Morbi",INFORMATION TECHNOLOGY,OPEN,2025,13989
95,"L.E.College ,Morbi",INFORMATION TECHNOLOGY,OPEN_AI_RANK,2025,905309
95,"L.E.College ,Morbi",INFORMATION TECHNOLOGY,SC,2025,29539
95,"L.E.College ,Morbi",INFORMATION TECHNOLOGY,SEBC,2025,18240
95,"L.E.College ,Morbi",INFORMATION TECHNOLOGY,TFWS,2025,8346
95,"L.E.College ,Morbi",MECHANICAL ENGINEERING,OPEN,2025,33992
95,"L.E.College ,Morbi",MECHANICAL ENGINEERING,OPEN_AI_RANK,2025,931523
96,"L.J. Institute Of Engg And Tech., Ahmedabad",ARTIFICIAL INTELLIGENCE AND DATA SCIENCE,EWS,2025,24379
96,"L.J. Institute Of Engg And Tech., Ahmedabad",ARTIFICIAL INTELLIGENCE AND DATA SCIENCE,OPEN,2025,22840
96,"L.J. Institute Of Engg And Tech., Ahmedabad",ARTIFICIAL INTELLIGENCE AND DATA SCIENCE,SC,2025,38948
96,"L.J. Institute Of Engg And Tech., Ahmedabad",ARTIFICIAL INTELLIGENCE AND DATA SCIENCE,SEBC,2025,31938
96,"L.J. Institute Of Engg And Tech., Ahmedabad",ARTIFICIAL INTELLIGENCE AND DATA SCIENCE,TFWS,2025,4533
96,"L.J. Institute Of Engg And Tech., Ahmedabad",ARTIFICIAL INTELLIGENCE(AI) AND MACHINE LEARNING,EWS,2025,24865
96,"L.J. Institute Of Engg And Tech., Ahmedabad",ARTIFICIAL INTELLIGENCE(AI) AND MACHINE LEARNING,OPEN,2025,20962
96,"L.J. Institute Of Engg And Tech., Ahmedabad",ARTIFICIAL INTELLIGENCE(AI) AND MACHINE LEARNING,SEBC,2025,27339
96,"L.J. Institute Of Engg And Tech., Ahmedabad",BIOTECHNOLOGY,OPEN,2025,38789
96,"L.J. Institute Of Engg And Tech., Ahmedabad",BIOTECHNOLOGY,TFWS,2025,5409
96,"L.J. Institute Of Engg And Tech., Ahmedabad",CHEMICAL ENGINEERING,OPEN,2025,39417
96,"L.J. Institute Of Engg And Tech., Ahmedabad",CIVIL ENGINEERING,OPEN,2025,50429
96,"L.J. Institute Of Engg And Tech., Ahmedabad",COMPUTER ENGINEERING,EWS,2025,12133
96,"L.J. Institute Of Engg And Tech., Ahmedabad",COMPUTER ENGINEERING,OPEN,2025,9056
96,"L.J. Institute Of Engg And Tech., Ahmedabad",COMPUTER ENGINEERING,SC,2025,22184
96,"L.J. Institute Of Engg And Tech., Ahmedabad",COMPUTER ENGINEERING,SEBC,2025,24407
96,"L.J. Institute Of Engg And Tech., Ahmedabad",COMPUTER ENGINEERING,TFWS,2025,4231
96,"L.J. Institute Of Engg And Tech., Ahmedabad",COMPUTER ENGINEERING & APPLICATION,OPEN,2025,50013
96,"L.J. Institute Of Engg And Tech., Ahmedabad",COMPUTER ENGINEERING & APPLICATION,TFWS,2025,6457
96,"L.J. Institute Of Engg And Tech., Ahmedabad",COMPUTER SCIENCE & BIOSCIENCES,OPEN,2025,36601
96,"L.J. Institute Of Engg And Tech., Ahmedabad",COMPUTER SCIENCE & BIOSCIENCES,TFWS,2025,8893
96,"L.J. Institute Of Engg And Tech., Ahmedabad",COMPUTER SCIENCE & DESIGN,OPEN,2025,38738
96,"L.J. Institute Of Engg And Tech., Ahmedabad",COMPUTER SCIENCE & ENGINEERING,EWS,2025,12823
96,"L.J. Institute Of Engg And Tech., Ahmedabad",COMPUTER SCIENCE & ENGINEERING,OPEN,2025,10221
96,"L.J. Institute Of Engg And Tech., Ahmedabad",COMPUTER SCIENCE & ENGINEERING,SC,2025,20468
96,"L.J. Institute Of Engg And Tech., Ahmedabad",COMPUTER SCIENCE & ENGINEERING,SEBC,2025,22394
96,"L.J. Institute Of Engg And Tech., Ahmedabad",COMPUTER SCIENCE & ENGINEERING,ST,2025,33438
96,"L.J. Institute Of Engg And Tech., Ahmedabad",COMPUTER SCIENCE & ENGINEERING,TFWS,2025,4241
96,"L.J. Institute Of Engg And Tech., Ahmedabad",COMPUTER SCIENCE & ENGINEERING (ARTIFICIAL INTELLIGENCE),EWS,2025,19093
96,"L.J. Institute Of Engg And Tech., Ahmedabad",COMPUTER SCIENCE & ENGINEERING (ARTIFICIAL INTELLIGENCE),OPEN,2025,10297
96,"L.J. Institute Of Engg And Tech., Ahmedabad",COMPUTER SCIENCE & ENGINEERING (ARTIFICIAL INTELLIGENCE),SC,2025,23442
96,"L.J. Institute Of Engg And Tech., Ahmedabad",COMPUTER SCIENCE & ENGINEERING (ARTIFICIAL INTELLIGENCE),SEBC,2025,31781
96,"L.J. Institute Of Engg And Tech., Ahmedabad",COMPUTER SCIENCE & ENGINEERING (ARTIFICIAL INTELLIGENCE),ST,2025,38669
96,"L.J. Institute Of Engg And Tech., Ahmedabad",COMPUTER SCIENCE & ENGINEERING (ARTIFICIAL INTELLIGENCE),TFWS,2025,4665
96,"L.J. Institute Of Engg And Tech., Ahmedabad",COMPUTER SCIENCE & ENGINEERING (CYBER SECURITY),EWS,2025,19723
96,"L.J. Institute Of Engg And Tech., Ahmedabad",COMPUTER SCIENCE & ENGINEERING (CYBER SECURITY),OPEN,2025,17311
96,"L.J. Institute Of Engg And Tech., Ahmedabad",COMPUTER SCIENCE & ENGINEERING (CYBER SECURITY),SC,2025,50198
96,"L.J. Institute Of Engg And Tech., Ahmedabad",COMPUTER SCIENCE & ENGINEERING (CYBER SECURITY),SEBC,2025,50195
96,"L.J. Institute Of Engg And Tech., Ahmedabad",COMPUTER SCIENCE & ENGINEERING (CYBER SECURITY),TFWS,2025,4980
96,"L.J. Institute Of Engg And Tech., Ahmedabad",COMPUTER SCIENCE & ENGINEERING (DATA SCIENCE),EWS,2025,13043
96,"L.J. Institute Of Engg And Tech., Ahmedabad",COMPUTER SCIENCE & ENGINEERING (DATA SCIENCE),OPEN,2025,11815
96,"L.J. Institute Of Engg And Tech., Ahmedabad",COMPUTER SCIENCE & ENGINEERING (DATA SCIENCE),SC,2025,30247
96,"L.J. Institute Of Engg And Tech., Ahmedabad",COMPUTER SCIENCE & ENGINEERING (DATA SCIENCE),SEBC,2025,27411
96,"L.J. Institute Of Engg And Tech., Ahmedabad",COMPUTER SCIENCE & ENGINEERING (DATA SCIENCE),ST,2025,33324
96,"L.J. Institute Of Engg And Tech., Ahmedabad",COMPUTER SCIENCE & ENGINEERING (DATA SCIENCE),TFWS,2025,4679
96,"L.J. Institute Of Engg And Tech., Ahmedabad",COMPUTER SCIENCE & INFORMATION TECHNOLOGY,EWS,2025,25994
96,"L.J. Institute Of Engg And Tech., Ahmedabad",COMPUTER SCIENCE & INFORMATION TECHNOLOGY,OPEN,2025,23521
96,"L.J. Institute Of Engg And Tech., Ahmedabad",COMPUTER SCIENCE & INFORMATION TECHNOLOGY,SC,2025,26146
96,"L.J. Institute Of Engg And Tech., Ahmedabad",COMPUTER SCIENCE & INFORMATION TECHNOLOGY,SEBC,2025,39359
96,"L.J. Institute Of Engg And Tech., Ahmedabad",COMPUTER SCIENCE & INFORMATION TECHNOLOGY,TFWS,2025,5844
96,"L.J. Institute Of Engg And Tech., Ahmedabad",COMPUTER SCIENCE & TECHNOLOGY,OPEN,2025,50640
96,"L.J. Institute Of Engg And Tech., Ahmedabad",COMPUTER SCIENCE & TECHNOLOGY,TFWS,2025,6078
96,"L.J. Institute Of Engg And Tech., Ahmedabad",ELECTRONICS & COMMUNICATION ENGINEERING,EWS,2025,30535
96,"L.J. Institute Of Engg And Tech., Ahmedabad",ELECTRONICS & COMMUNICATION ENGINEERING,OPEN,2025,25225
96,"L.J. Institute Of Engg And Tech., Ahmedabad",ELECTRONICS & COMMUNICATION ENGINEERING,SC,2025,26037
96,"L.J. Institute Of Engg And Tech., Ahmedabad",ELECTRONICS & COMMUNICATION ENGINEERING,SEBC,2025,33542
96,"L.J. Institute Of Engg And Tech., Ahmedabad",INFORMATION TECHNOLOGY,EWS,2025,18928
96,"L.J. Institute Of Engg And Tech., Ahmedabad",INFORMATION TECHNOLOGY,OPEN,2025,15068
96,"L.J. Institute Of Engg And Tech., Ahmedabad",INFORMATION TECHNOLOGY,SC,2025,27564
96,"L.J. Institute Of Engg And Tech., Ahmedabad",INFORMATION TECHNOLOGY,SEBC,2025,29312
96,"L.J. Institute Of Engg And Tech., Ahmedabad",INFORMATION TECHNOLOGY,TFWS,2025,5180
96,"L.J. Institute Of Engg And Tech., Ahmedabad",MATHEMATICS AND COMPUTING,EWS,2025,32292
96,"L.J. Institute Of Engg And Tech., Ahmedabad",MATHEMATICS AND COMPUTING,OPEN,2025,29347
96,"L.J. Institute Of Engg And Tech., Ahmedabad",MATHEMATICS AND COMPUTING,TFWS,2025,6053
96,"L.J. Institute Of Engg And Tech., Ahmedabad",MECHANICAL ENGINEERING,OPEN,2025,38710
96,"L.J. Institute Of Engg And Tech., Ahmedabad",ROBOTICS & ARTIFICIAL INTELLIGENCE,OPEN,2025,50570
97,"Laljibhai Chaturbhai Institute Of Tech., Bhandu, Mahesana",COMPUTER SCIENCE & ENGINEERING,OPEN,2025,36839
98,"Laxmi Institute Of Technology, Sarigam, Valsad",CIVIL ENGINEERING,OPEN,2025,36264
98,"Laxmi Institute Of Technology, Sarigam, Valsad",COMPUTER SCIENCE & ENGINEERING,OPEN,2025,39277
98,"Laxmi Institute Of Technology, Sarigam, Valsad",COMPUTER SCIENCE & ENGINEERING,TFWS,2025,17902
98,"Laxmi Institute Of Technology, Sarigam, Valsad",ELECTRICAL ENGINEERING,OPEN,2025,39868
98,"Laxmi Institute Of Technology, Sarigam, Valsad",INFORMATION TECHNOLOGY,OPEN,2025,39885
98,"Laxmi Institute Of Technology, Sarigam, Valsad",INFORMATION TECHNOLOGY,TFWS,2025,16815
98,"Laxmi Institute Of Technology, Sarigam, Valsad",MECHANICAL ENGINEERING,OPEN,2025,39700
99,"Madhuben & Bhanubhai Patel Institute of Technology, New V.V.Nagar",COMPUTER ENGINEERING,EWS,2025,36019
99,"Madhuben & Bhanubhai Patel Institute of Technology, New V.V.Nagar",COMPUTER ENGINEERING,OPEN,2025,25092
99,"Madhuben & Bhanubhai Patel Institute of Technology, New V.V.Nagar",COMPUTER ENGINEERING,SC,2025,32951
99,"Madhuben & Bhanubhai Patel Institute of Technology, New V.V.Nagar",COMPUTER ENGINEERING,SEBC,2025,39412
99,"Madhuben & Bhanubhai Patel Institute of Technology, New V.V.Nagar",COMPUTER ENGINEERING,TFWS,2025,8774
99,"Madhuben & Bhanubhai Patel Institute of Technology, New V.V.Nagar",INFORMATION TECHNOLOGY,OPEN,2025,50590
99,"Madhuben & Bhanubhai Patel Institute of Technology, New V.V.Nagar",INFORMATION TECHNOLOGY,TFWS,2025,10869
102,"Mahavir Swami College Of Engineering & Technology, Bharthana- Vesu, Surat",COMPUTER ENGINEERING,OPEN,2025,38503
106,"Marwadi Education Foundation's Group of Institutions - Faculty of Engineering & Technology, Rajkot",BIOINFORMATICS,OPEN,2025,35390
106,"Marwadi Education Foundation's Group of Institutions - Faculty of Engineering & Technology, Rajkot",CHEMICAL ENGINEERING,OPEN,2025,32061
106,"Marwadi Education Foundation's Group of Institutions - Faculty of Engineering & Technology, Rajkot",CIVIL ENGINEERING,OPEN,2025,39385
106,"Marwadi Education Foundation's Group of Institutions - Faculty of Engineering & Technology, Rajkot",COMPUTER ENGINEERING,OPEN,2025,50470
106,"Marwadi Education Foundation's Group of Institutions - Faculty of Engineering & Technology, Rajkot",COMPUTER SCIENCE & ENGINEERING,OPEN,2025,50506
106,"Marwadi Education Foundation's Group of Institutions - Faculty of Engineering & Technology, Rajkot",COMPUTER SCIENCE & ENGINEERING,TFWS,2025,4706
106,"Marwadi Education Foundation's Group of Institutions - Faculty of Engineering & Technology, Rajkot",COMPUTER SCIENCE & ENGINEERING (ARTIFICIAL INTELLIGENCE AND MACHINE,OPEN,2025,50040
106,"Marwadi Education Foundation's Group of Institutions - Faculty of Engineering & Technology, Rajkot",COMPUTER SCIENCE & ENGINEERING (ARTIFICIAL INTELLIGENCE AND MACHINE,TFWS,2025,8037
106,"Marwadi Education Foundation's Group of Institutions - Faculty of Engineering & Technology, Rajkot",COMPUTER SCIENCE & ENGINEERING (CYBER SECURITY),OPEN,2025,38356
106,"Marwadi Education Foundation's Group of Institutions - Faculty of Engineering & Technology, Rajkot",COMPUTER SCIENCE & ENGINEERING (CYBER SECURITY),TFWS,2025,7077
106,"Marwadi Education Foundation's Group of Institutions - Faculty of Engineering & Technology, Rajkot",Computer Engineering (Artificial Intelligence),OPEN,2025,39179
106,"Marwadi Education Foundation's Group of Institutions - Faculty of Engineering & Technology, Rajkot",ELECTRICAL ENGINEERING,OPEN,2025,23101
106,"Marwadi Education Foundation's Group of Institutions - Faculty of Engineering & Technology, Rajkot",INFORMATION & COMMUNICATION TECHNOLOGY,EWS,2025,22458
106,"Marwadi Education Foundation's Group of Institutions - Faculty of Engineering & Technology, Rajkot",INFORMATION & COMMUNICATION TECHNOLOGY,OPEN,2025,25536
106,"Marwadi Education Foundation's Group of Institutions - Faculty of Engineering & Technology, Rajkot",INFORMATION & COMMUNICATION TECHNOLOGY,SC,2025,37367
106,"Marwadi Education Foundation's Group of Institutions - Faculty of Engineering & Technology, Rajkot",INFORMATION & COMMUNICATION TECHNOLOGY,SEBC,2025,33869
106,"Marwadi Education Foundation's Group of Institutions - Faculty of Engineering & Technology, Rajkot",INFORMATION & COMMUNICATION TECHNOLOGY,TFWS,2025,4069
106,"Marwadi Education Foundation's Group of Institutions - Faculty of Engineering & Technology, Rajkot",INFORMATION TECHNOLOGY,OPEN,2025,38909
106,"Marwadi Education Foundation's Group of Institutions - Faculty of Engineering & Technology, Rajkot",MECHANICAL ENGINEERING,OPEN,2025,39327
107,"Merchant Engg. College, Basna. Visnagar",COMPUTER ENGINEERING,OPEN,2025,39461
107,"Merchant Engg. College, Basna. Visnagar",ELECTRICAL ENGINEERING,OPEN,2025,39194
108,"Narnarayan Shastri Institute of Technology, Jetalpur, Ahmedabad",COMPUTER SCIENCE & ENGINEERING,OPEN,2025,25892
109,"Neotech Institute of Technology, Virod, Vadodara",COMPUTER ENGINEERING,OPEN,2025,39466
109,"Neotech Institute of Technology, Virod, Vadodara",MECHANICAL ENGINEERING,OPEN,2025,27332
110,New L.J. Institute of Engineering & Technology,COMPUTER SCIENCE & ENGINEERING,ESM,2025,32036
110,New L.J. Institute of Engineering & Technology,COMPUTER SCIENCE & ENGINEERING,EWS,2025,16338
110,New L.J. Institute of Engineering & Technology,COMPUTER SCIENCE & ENGINEERING,OPEN,2025,12416
110,New L.J. Institute of Engineering & Technology,COMPUTER SCIENCE & ENGINEERING,SC,2025,27030
110,New L.J. Institute of Engineering & Technology,COMPUTER SCIENCE & ENGINEERING,SEBC,2025,26896
110,New L.J. Institute of Engineering & Technology,COMPUTER SCIENCE & ENGINEERING,TFWS,2025,4411
110,New L.J. Institute of Engineering & Technology,COMPUTER SCIENCE & ENGINEERING (ARTIFICIAL INTELLIGENCE AND MACHINE,EWS,2025,18838
110,New L.J. Institute of Engineering & Technology,COMPUTER SCIENCE & ENGINEERING (ARTIFICIAL INTELLIGENCE AND MACHINE,OPEN,2025,12677
110,New L.J. Institute of Engineering & Technology,COMPUTER SCIENCE & ENGINEERING (ARTIFICIAL INTELLIGENCE AND MACHINE,SC,2025,36706
110,New L.J. Institute of Engineering & Technology,COMPUTER SCIENCE & ENGINEERING (ARTIFICIAL INTELLIGENCE AND MACHINE,SEBC,2025,24586
110,New L.J. Institute of Engineering & Technology,COMPUTER SCIENCE & ENGINEERING (ARTIFICIAL INTELLIGENCE AND MACHINE,TFWS,2025,5117
110,New L.J. Institute of Engineering & Technology,COMPUTER SCIENCE & ENGINEERING (DATA SCIENCE),EWS,2025,27253
110,New L.J. Institute of Engineering & Technology,COMPUTER SCIENCE & ENGINEERING (DATA SCIENCE),OPEN,2025,23660
110,New L.J. Institute of Engineering & Technology,COMPUTER SCIENCE & ENGINEERING (DATA SCIENCE),SC,2025,50042
110,New L.J. Institute of Engineering & Technology,COMPUTER SCIENCE & ENGINEERING (DATA SCIENCE),SEBC,2025,40042
110,New L.J. Institute of Engineering & Technology,COMPUTER SCIENCE & ENGINEERING (DATA SCIENCE),TFWS,2025,5400
111,"Noble Engineering College, Junagadh",CIVIL ENGINEERING,OPEN,2025,29696
111,"Noble Engineering College, Junagadh",COMPUTER SCIENCE & ENGINEERING,OPEN,2025,40040
113,Om Engineering College Junagadh,COMPUTER ENGINEERING,OPEN,2025,30011
114,"P.P. Savani School of Engineering, P.P. Savani University, Kosamba",CHEMICAL ENGINEERING,OPEN,2025,33902
114,"P.P. Savani School of Engineering, P.P. Savani University, Kosamba",CIVIL ENGINEERING,OPEN,2025,29303
114,"P.P. Savani School of Engineering, P.P. Savani University, Kosamba",COMPUTER ENGINEERING,EWS,2025,39614
114,"P.P. Savani School of Engineering, P.P. Savani University, Kosamba",COMPUTER ENGINEERING,OPEN,2025,32687
114,"P.P. Savani School of Engineering, P.P. Savani University, Kosamba",COMPUTER ENGINEERING,SC,2025,37764
114,"P.P. Savani School of Engineering, P.P. Savani University, Kosamba",COMPUTER ENGINEERING,SEBC,2025,37296
114,"P.P. Savani School of Engineering, P.P. Savani University, Kosamba",COMPUTER ENGINEERING,TFWS,2025,7074
114,"P.P. Savani School of Engineering, P.P. Savani University, Kosamba",COMPUTER SCIENCE & ENGINEERING,EWS,2025,18798
114,"P.P. Savani School of Engineering, P.P. Savani University, Kosamba",COMPUTER SCIENCE & ENGINEERING,OPEN,2025,15627
114,"P.P. Savani School of Engineering, P.P. Savani University, Kosamba",COMPUTER SCIENCE & ENGINEERING,SC,2025,37862
114,"P.P. Savani School of Engineering, P.P. Savani University, Kosamba",COMPUTER SCIENCE & ENGINEERING,SEBC,2025,37346
114,"P.P. Savani School of Engineering, P.P. Savani University, Kosamba",COMPUTER SCIENCE & ENGINEERING,ST,2025,38390
114,"P.P. Savani School of Engineering, P.P. Savani University, Kosamba",COMPUTER SCIENCE & ENGINEERING,TFWS,2025,4111
114,"P.P. Savani School of Engineering, P.P. Savani University, Kosamba",COMPUTER SCIENCE & ENGINEERING (ARTIFICIAL INTELLIGENCE AND MACHINE,OPEN,2025,50496
114,"P.P. Savani School of Engineering, P.P. Savani University, Kosamba",COMPUTER SCIENCE & ENGINEERING (ARTIFICIAL INTELLIGENCE AND MACHINE,TFWS,2025,8949
114,"P.P. Savani School of Engineering, P.P. Savani University, Kosamba",COMPUTER SCIENCE & ENGINEERING (CYBER SECURITY),OPEN,2025,37122
114,"P.P. Savani School of Engineering, P.P. Savani University, Kosamba",COMPUTER SCIENCE & ENGINEERING (DATA SCIENCE),OPEN,2025,33801
114,"P.P. Savani School of Engineering, P.P. Savani University, Kosamba",COMPUTER SCIENCE & ENGINEERING (DATA SCIENCE),TFWS,2025,10532
114,"P.P. Savani School of Engineering, P.P. Savani University, Kosamba",INFORMATION TECHNOLOGY,OPEN,2025,37918
114,"P.P. Savani School of Engineering, P.P. Savani University, Kosamba",INFORMATION TECHNOLOGY,TFWS,2025,8234
114,"P.P. Savani School of Engineering, P.P. Savani University, Kosamba",INFORMATION TECHNOLOGY & ENGINEERING,OPEN,2025,50457
114,"P.P. Savani School of Engineering, P.P. Savani University, Kosamba",INFORMATION TECHNOLOGY & ENGINEERING,TFWS,2025,13836
114,"P.P. Savani School of Engineering, P.P. Savani University, Kosamba",MECHANICAL ENGINEERING,OPEN,2025,34464
115,"Pacific School Of Engineering, Surat",CIVIL ENGINEERING,OPEN,2025,29416
115,"Pacific School Of Engineering, Surat",COMPUTER ENGINEERING,OPEN,2025,39955
115,"Pacific School Of Engineering, Surat",COMPUTER ENGINEERING,TFWS,2025,10293
116,"Pandit Deendayal Energy University ,Gandhinagar",BIOTECHNOLOGY,EWS,2025,10920
116,"Pandit Deendayal Energy University ,Gandhinagar",BIOTECHNOLOGY,OPEN,2025,7626
116,"Pandit Deendayal Energy University ,Gandhinagar",BIOTECHNOLOGY,OPEN_AI_RANK,2025,910457
116,"Pandit Deendayal Energy University ,Gandhinagar",BIOTECHNOLOGY,SC,2025,35013
116,"Pandit Deendayal Energy University ,Gandhinagar",BIOTECHNOLOGY,SEBC,2025,16018
116,"Pandit Deendayal Energy University ,Gandhinagar",BIOTECHNOLOGY,TFWS,2025,3172
116,"Pandit Deendayal Energy University ,Gandhinagar",CHEMICAL ENGINEERING,EWS,2025,14769
116,"Pandit Deendayal Energy University ,Gandhinagar",CHEMICAL ENGINEERING,OPEN,2025,12388
116,"Pandit Deendayal Energy University ,Gandhinagar",CHEMICAL ENGINEERING,OPEN_AI_RANK,2025,904969
116,"Pandit Deendayal Energy University ,Gandhinagar",CHEMICAL ENGINEERING,SC,2025,50071
116,"Pandit Deendayal Energy University ,Gandhinagar",CHEMICAL ENGINEERING,SEBC,2025,30257
116,"Pandit Deendayal Energy University ,Gandhinagar",CHEMICAL ENGINEERING,TFWS,2025,2196
116,"Pandit Deendayal Energy University ,Gandhinagar",CHEMICAL ENGINEERING,TFWS_AI_RANK,2025,902243
116,"Pandit Deendayal Energy University ,Gandhinagar",CIVIL ENGINEERING,EWS,2025,32029
116,"Pandit Deendayal Energy University ,Gandhinagar",CIVIL ENGINEERING,OPEN,2025,25327
116,"Pandit Deendayal Energy University ,Gandhinagar",CIVIL ENGINEERING,OPEN_AI_RANK,2025,906020
116,"Pandit Deendayal Energy University ,Gandhinagar",CIVIL ENGINEERING,SC,2025,28622
116,"Pandit Deendayal Energy University ,Gandhinagar",CIVIL ENGINEERING,SEBC,2025,50139
116,"Pandit Deendayal Energy University ,Gandhinagar",CIVIL ENGINEERING,ST,2025,39761
116,"Pandit Deendayal Energy University ,Gandhinagar",COMPUTER ENGINEERING,ESM,2025,4387
116,"Pandit Deendayal Energy University ,Gandhinagar",COMPUTER ENGINEERING,EWS,2025,1220
116,"Pandit Deendayal Energy University ,Gandhinagar",COMPUTER ENGINEERING,OPEN,2025,985
116,"Pandit Deendayal Energy University ,Gandhinagar",COMPUTER ENGINEERING,OPEN_AI_RANK,2025,901244
116,"Pandit Deendayal Energy University ,Gandhinagar",COMPUTER ENGINEERING,SC,2025,6444
116,"Pandit Deendayal Energy University ,Gandhinagar",COMPUTER ENGINEERING,SEBC,2025,3707
116,"Pandit Deendayal Energy University ,Gandhinagar",COMPUTER ENGINEERING,ST,2025,38811
116,"Pandit Deendayal Energy University ,Gandhinagar",COMPUTER ENGINEERING,TFWS,2025,428
116,"Pandit Deendayal Energy University ,Gandhinagar",COMPUTER ENGINEERING,TFWS_AI_RANK,2025,900043
116,"Pandit Deendayal Energy University ,Gandhinagar",COMPUTER SCIENCE & BUSINESS SYSTEMS,EWS,2025,1874
116,"Pandit Deendayal Energy University ,Gandhinagar",COMPUTER SCIENCE & BUSINESS SYSTEMS,OPEN,2025,1592
116,"Pandit Deendayal Energy University ,Gandhinagar",COMPUTER SCIENCE & BUSINESS SYSTEMS,OPEN_AI_RANK,2025,900809
116,"Pandit Deendayal Energy University ,Gandhinagar",COMPUTER SCIENCE & BUSINESS SYSTEMS,SC,2025,8906
116,"Pandit Deendayal Energy University ,Gandhinagar",COMPUTER SCIENCE & BUSINESS SYSTEMS,SEBC,2025,4208
116,"Pandit Deendayal Energy University ,Gandhinagar",COMPUTER SCIENCE & BUSINESS SYSTEMS,ST,2025,35287
116,"Pandit Deendayal Energy University ,Gandhinagar",COMPUTER SCIENCE & BUSINESS SYSTEMS,TFWS,2025,449
116,"Pandit Deendayal Energy University ,Gandhinagar",ELECTRICAL ENGINEERING,ESM,2025,18677
116,"Pandit Deendayal Energy University ,Gandhinagar",ELECTRICAL ENGINEERING,EWS,2025,20248
116,"Pandit Deendayal Energy University ,Gandhinagar",ELECTRICAL ENGINEERING,OPEN,2025,13808
116,"Pandit Deendayal Energy University ,Gandhinagar",ELECTRICAL ENGINEERING,OPEN_AI_RANK,2025,903107
116,"Pandit Deendayal Energy University ,Gandhinagar",ELECTRICAL ENGINEERING,SC,2025,27103
116,"Pandit Deendayal Energy University ,Gandhinagar",ELECTRICAL ENGINEERING,SEBC,2025,38530
116,"Pandit Deendayal Energy University ,Gandhinagar",ELECTRICAL ENGINEERING,TFWS,2025,4128
116,"Pandit Deendayal Energy University ,Gandhinagar",ELECTRONICS & COMMUNICATION ENGINEERING,EWS,2025,7224
116,"Pandit Deendayal Energy University ,Gandhinagar",ELECTRONICS & COMMUNICATION ENGINEERING,OPEN,2025,4855
116,"Pandit Deendayal Energy University ,Gandhinagar",ELECTRONICS & COMMUNICATION ENGINEERING,OPEN_AI_RANK,2025,901646
116,"Pandit Deendayal Energy University ,Gandhinagar",ELECTRONICS & COMMUNICATION ENGINEERING,SC,2025,16766
116,"Pandit Deendayal Energy University ,Gandhinagar",ELECTRONICS & COMMUNICATION ENGINEERING,SEBC,2025,11623
116,"Pandit Deendayal Energy University ,Gandhinagar",ELECTRONICS & COMMUNICATION ENGINEERING,TFWS,2025,1696
116,"Pandit Deendayal Energy University ,Gandhinagar",INFORMATION & COMMUNICATION TECHNOLOGY,ESM,2025,5885
116,"Pandit Deendayal Energy University ,Gandhinagar",INFORMATION & COMMUNICATION TECHNOLOGY,EWS,2025,6284
116,"Pandit Deendayal Energy University ,Gandhinagar",INFORMATION & COMMUNICATION TECHNOLOGY,OPEN,2025,3869
116,"Pandit Deendayal Energy University ,Gandhinagar",INFORMATION & COMMUNICATION TECHNOLOGY,OPEN_AI_RANK,2025,902091
116,"Pandit Deendayal Energy University ,Gandhinagar",INFORMATION & COMMUNICATION TECHNOLOGY,SC,2025,12032
116,"Pandit Deendayal Energy University ,Gandhinagar",INFORMATION & COMMUNICATION TECHNOLOGY,SEBC,2025,8504
116,"Pandit Deendayal Energy University ,Gandhinagar",INFORMATION & COMMUNICATION TECHNOLOGY,ST,2025,39869
116,"Pandit Deendayal Energy University ,Gandhinagar",INFORMATION & COMMUNICATION TECHNOLOGY,TFWS,2025,1381
116,"Pandit Deendayal Energy University ,Gandhinagar",MECHANICAL ENGINEERING,ESM,2025,16526
116,"Pandit Deendayal Energy University ,Gandhinagar",MECHANICAL ENGINEERING,EWS,2025,16658
116,"Pandit Deendayal Energy University ,Gandhinagar",MECHANICAL ENGINEERING,OPEN,2025,11883
116,"Pandit Deendayal Energy University ,Gandhinagar",MECHANICAL ENGINEERING,OPEN_AI_RANK,2025,903707
116,"Pandit Deendayal Energy University ,Gandhinagar",MECHANICAL ENGINEERING,SC,2025,34253
116,"Pandit Deendayal Energy University ,Gandhinagar",MECHANICAL ENGINEERING,SEBC,2025,20838
116,"Pandit Deendayal Energy University ,Gandhinagar",MECHANICAL ENGINEERING,TFWS,2025,4852
116,"Pandit Deendayal Energy University ,Gandhinagar",MECHANICAL ENGINEERING,TFWS_AI_RANK,2025,901270
116,"Pandit Deendayal Energy University ,Gandhinagar",PETROLEUM ENGINEERING,EWS,2025,30481
116,"Pandit Deendayal Energy University ,Gandhinagar",PETROLEUM ENGINEERING,OPEN,2025,19459
116,"Pandit Deendayal Energy University ,Gandhinagar",PETROLEUM ENGINEERING,OPEN_AI_RANK,2025,904627
116,"Pandit Deendayal Energy University ,Gandhinagar",PETROLEUM ENGINEERING,SC,2025,28408
116,"Pandit Deendayal Energy University ,Gandhinagar",PETROLEUM ENGINEERING,SEBC,2025,50138
116,"Pandit Deendayal Energy University ,Gandhinagar",PETROLEUM ENGINEERING,TFWS,2025,5125
117,"Parul Institute of Engineering & Technology, Waghodia, Vadodara",AERONAUTICAL ENGINEERING,OPEN,2025,39602
117,"Parul Institute of Engineering & Technology, Waghodia, Vadodara",AERONAUTICAL ENGINEERING,TFWS,2025,17906
117,"Parul Institute of Engineering & Technology, Waghodia, Vadodara",ARTIFICIAL INTELLIGENCE AND DATA SCIENCE,OPEN,2025,39116
117,"Parul Institute of Engineering & Technology, Waghodia, Vadodara",ARTIFICIAL INTELLIGENCE AND DATA SCIENCE,TFWS,2025,24112
117,"Parul Institute of Engineering & Technology, Waghodia, Vadodara",CIVIL ENGINEERING,OPEN,2025,50134
117,"Parul Institute of Engineering & Technology, Waghodia, Vadodara",COMPUTER SCIENCE & ENGINEERING,OPEN,2025,50317
117,"Parul Institute of Engineering & Technology, Waghodia, Vadodara",COMPUTER SCIENCE & ENGINEERING,TFWS,2025,14247
117,"Parul Institute of Engineering & Technology, Waghodia, Vadodara",COMPUTER SCIENCE & ENGINEERING (ARTIFICIAL INTELLIGENCE AND MACHINE,OPEN,2025,50105
117,"Parul Institute of Engineering & Technology, Waghodia, Vadodara",COMPUTER SCIENCE & ENGINEERING (ARTIFICIAL INTELLIGENCE AND MACHINE,TFWS,2025,19263
117,"Parul Institute of Engineering & Technology, Waghodia, Vadodara",COMPUTER SCIENCE & ENGINEERING (ARTIFICIAL INTELLIGENCE),OPEN,2025,33452
117,"Parul Institute of Engineering & Technology, Waghodia, Vadodara",COMPUTER SCIENCE & ENGINEERING (ARTIFICIAL INTELLIGENCE),TFWS,2025,27128
117,"Parul Institute of Engineering & Technology, Waghodia, Vadodara",COMPUTER SCIENCE & ENGINEERING (Big Data Analytics),OPEN,2025,36517
117,"Parul Institute of Engineering & Technology, Waghodia, Vadodara",COMPUTER SCIENCE & ENGINEERING (Big Data Analytics),TFWS,2025,29590
117,"Parul Institute of Engineering & Technology, Waghodia, Vadodara",COMPUTER SCIENCE & ENGINEERING (Cloud Computing),OPEN,2025,32980
117,"Parul Institute of Engineering & Technology, Waghodia, Vadodara",COMPUTER SCIENCE & ENGINEERING (Cloud Computing),TFWS,2025,28616
117,"Parul Institute of Engineering & Technology, Waghodia, Vadodara",COMPUTER SCIENCE & ENGINEERING (Cyber Security),OPEN,2025,39897
117,"Parul Institute of Engineering & Technology, Waghodia, Vadodara",COMPUTER SCIENCE & ENGINEERING (Cyber Security),TFWS,2025,23554
117,"Parul Institute of Engineering & Technology, Waghodia, Vadodara",ELECTRONICS & COMMUNICATION ENGINEERING,OPEN,2025,35539
117,"Parul Institute of Engineering & Technology, Waghodia, Vadodara",ELECTRONICS & COMMUNICATION ENGINEERING,TFWS,2025,32974
117,"Parul Institute of Engineering & Technology, Waghodia, Vadodara",Electrical Engineering,OPEN,2025,38540
117,"Parul Institute of Engineering & Technology, Waghodia, Vadodara",Information Technology,OPEN,2025,36928
117,"Parul Institute of Engineering & Technology, Waghodia, Vadodara",MATHEMATICS AND COMPUTING,OPEN,2025,34893
117,"Parul Institute of Engineering & Technology, Waghodia, Vadodara",MATHEMATICS AND COMPUTING,TFWS,2025,11791
117,"Parul Institute of Engineering & Technology, Waghodia, Vadodara",Mechanical Engineering,OPEN,2025,26765
117,"Parul Institute of Engineering & Technology, Waghodia, Vadodara",ROBOTICS & ARTIFICIAL INTELLIGENCE,OPEN,2025,37934
117,"Parul Institute of Engineering & Technology, Waghodia, Vadodara",ROBOTICS & ARTIFICIAL INTELLIGENCE,TFWS,2025,39575
118,"Parul Institute of Technology, Waghodia, Vadodara",AGRICULTURAL ENGINEERING,OPEN,2025,50031
118,"Parul Institute of Technology, Waghodia, Vadodara",BIOTECHNOLOGY,OPEN,2025,30814
118,"Parul Institute of Technology, Waghodia, Vadodara",BIOTECHNOLOGY,TFWS,2025,18235
118,"Parul Institute of Technology, Waghodia, Vadodara",CHEMICAL ENGINEERING,OPEN,2025,37091
118,"Parul Institute of Technology, Waghodia, Vadodara",COMPUTER ENGINEERING,OPEN,2025,39060
118,"Parul Institute of Technology, Waghodia, Vadodara",COMPUTER SCIENCE & ENGINEERING,OPEN,2025,39165
118,"Parul Institute of Technology, Waghodia, Vadodara",COMPUTER SCIENCE & ENGINEERING,TFWS,2025,22773
118,"Parul Institute of Technology, Waghodia, Vadodara",COMPUTER SCIENCE & ENGINEERING (ARTIFICIAL INTELLIGENCE),OPEN,2025,39604
118,"Parul Institute of Technology, Waghodia, Vadodara",COMPUTER SCIENCE & ENGINEERING (ARTIFICIAL INTELLIGENCE),TFWS,2025,26229
118,"Parul Institute of Technology, Waghodia, Vadodara",FOOD TECHNOLOGY,OPEN,2025,28258
118,"Parul Institute of Technology, Waghodia, Vadodara",FOOD TECHNOLOGY,TFWS,2025,21365
118,"Parul Institute of Technology, Waghodia, Vadodara",MECHATRONICS ENGINEERING,OPEN,2025,31290
118,"Parul Institute of Technology, Waghodia, Vadodara",PETROLEUM ENGINEERING,OPEN,2025,39893
118,"Parul Institute of Technology, Waghodia, Vadodara",ROBOTICS AND AUTOMATION,OPEN,2025,32715
119,"Prime Institute of Engineering and Technology, Jalalpore, Navsari",CHEMICAL ENGINEERING,OPEN,2025,38464
119,"Prime Institute of Engineering and Technology, Jalalpore, Navsari",COMPUTER ENGINEERING,OPEN,2025,36468
120,"R.K. University - School of Engineering, Rajkot",COMPUTER ENGINEERING,OPEN,2025,50629
120,"R.K. University - School of Engineering, Rajkot",INFORMATION TECHNOLOGY,OPEN,2025,30976
120,"R.K. University - School of Engineering, Rajkot",INFORMATION TECHNOLOGY,TFWS,2025,10662
121,"R.N.G. Patel Institute of Technology- RNGPIT , Bardoli",CHEMICAL ENGINEERING,OPEN,2025,36800
121,"R.N.G. Patel Institute of Technology- RNGPIT , Bardoli",CIVIL ENGINEERING,OPEN,2025,39990
121,"R.N.G. Patel Institute of Technology- RNGPIT , Bardoli",COMPUTER SCIENCE & ENGINEERING,EWS,2025,33353
121,"R.N.G. Patel Institute of Technology- RNGPIT , Bardoli",COMPUTER SCIENCE & ENGINEERING,OPEN,2025,23867
121,"R.N.G. Patel Institute of Technology- RNGPIT , Bardoli",COMPUTER SCIENCE & ENGINEERING,SC,2025,38041
121,"R.N.G. Patel Institute of Technology- RNGPIT , Bardoli",COMPUTER SCIENCE & ENGINEERING,SEBC,2025,39672
121,"R.N.G. Patel Institute of Technology- RNGPIT , Bardoli",COMPUTER SCIENCE & ENGINEERING,ST,2025,38925
121,"R.N.G. Patel Institute of Technology- RNGPIT , Bardoli",COMPUTER SCIENCE & ENGINEERING,TFWS,2025,11485
121,"R.N.G. Patel Institute of Technology- RNGPIT , Bardoli",ELECTRICAL ENGINEERING,OPEN,2025,39784
121,"R.N.G. Patel Institute of Technology- RNGPIT , Bardoli",ELECTRICAL ENGINEERING,TFWS,2025,26559
121,"R.N.G. Patel Institute of Technology- RNGPIT , Bardoli",INFORMATION TECHNOLOGY,OPEN,2025,39937
121,"R.N.G. Patel Institute of Technology- RNGPIT , Bardoli",INFORMATION TECHNOLOGY,TFWS,2025,13241
121,"R.N.G. Patel Institute of Technology- RNGPIT , Bardoli",MECHANICAL ENGINEERING,OPEN,2025,39597
123,"Rai School of Engineering, Dholka, Ahmedabad",COMPUTER SCIENCE & ENGINEERING,OPEN,2025,34732
124,"S.P.B. Patel Engg. College, (Saffrony), Linch, Mehsana",COMPUTER ENGINEERING,OPEN,2025,50402
124,"S.P.B. Patel Engg. College, (Saffrony), Linch, Mehsana",INFORMATION TECHNOLOGY,OPEN,2025,37410
125,S.S.AGRAWAL INSTITUTE OF ENGINEERING & TECHNOLOGY NAVSARI,CHEMICAL ENGINEERING,OPEN,2025,36453
125,S.S.AGRAWAL INSTITUTE OF ENGINEERING & TECHNOLOGY NAVSARI,CIVIL ENGINEERING,OPEN,2025,50302
125,S.S.AGRAWAL INSTITUTE OF ENGINEERING & TECHNOLOGY NAVSARI,COMPUTER ENGINEERING,EWS,2025,39856
125,S.S.AGRAWAL INSTITUTE OF ENGINEERING & TECHNOLOGY NAVSARI,COMPUTER ENGINEERING,OPEN,2025,30540
125,S.S.AGRAWAL INSTITUTE OF ENGINEERING & TECHNOLOGY NAVSARI,COMPUTER ENGINEERING,SC,2025,39309
125,S.S.AGRAWAL INSTITUTE OF ENGINEERING & TECHNOLOGY NAVSARI,COMPUTER ENGINEERING,SEBC,2025,39686
125,S.S.AGRAWAL INSTITUTE OF ENGINEERING & TECHNOLOGY NAVSARI,COMPUTER ENGINEERING,ST,2025,39974
125,S.S.AGRAWAL INSTITUTE OF ENGINEERING & TECHNOLOGY NAVSARI,COMPUTER ENGINEERING,TFWS,2025,13490
125,S.S.AGRAWAL INSTITUTE OF ENGINEERING & TECHNOLOGY NAVSARI,ELECTRICAL ENGINEERING,OPEN,2025,39807
125,S.S.AGRAWAL INSTITUTE OF ENGINEERING & TECHNOLOGY NAVSARI,MECHANICAL ENGINEERING,OPEN,2025,39069
126,"SAL ENGINEERING &TECHNICAL INSTITUTE, SOLA, AHMEDABAD",COMPUTER ENGINEERING,OPEN,2025,50231
126,"SAL ENGINEERING &TECHNICAL INSTITUTE, SOLA, AHMEDABAD",COMPUTER ENGINEERING,TFWS,2025,8960
126,"SAL ENGINEERING &TECHNICAL INSTITUTE, SOLA, AHMEDABAD",COMPUTER SCIENCE & ENGINEERING,OPEN,2025,50546
126,"SAL ENGINEERING &TECHNICAL INSTITUTE, SOLA, AHMEDABAD",COMPUTER SCIENCE & ENGINEERING,TFWS,2025,10829
126,"SAL ENGINEERING &TECHNICAL INSTITUTE, SOLA, AHMEDABAD",INFORMATION TECHNOLOGY,OPEN,2025,50382
126,"SAL ENGINEERING &TECHNICAL INSTITUTE, SOLA, AHMEDABAD",INFORMATION TECHNOLOGY,TFWS,2025,10959
127,"SARDAR PATEL COLLEGE OF ENGINEERING, BAKROL ANAND",COMPUTER ENGINEERING,OPEN,2025,50022
127,"SARDAR PATEL COLLEGE OF ENGINEERING, BAKROL ANAND",COMPUTER SCIENCE & ENGINEERING,OPEN,2025,50504
127,"SARDAR PATEL COLLEGE OF ENGINEERING, BAKROL ANAND",ELECTRICAL ENGINEERING,OPEN,2025,28961
127,"SARDAR PATEL COLLEGE OF ENGINEERING, BAKROL ANAND",INFORMATION TECHNOLOGY,OPEN,2025,50567
127,"SARDAR PATEL COLLEGE OF ENGINEERING, BAKROL ANAND",INFORMATION TECHNOLOGY,TFWS,2025,12931
127,"SARDAR PATEL COLLEGE OF ENGINEERING, BAKROL ANAND",MECHANICAL ENGINEERING,OPEN,2025,38588
128,"SARDAR VALLABHBHAI GLOBAL University - UCP Institute of Technology, Ahmedabad",COMPUTER SCIENCE & ENGINEERING,OPEN,2025,50569
128,"SARDAR VALLABHBHAI GLOBAL University - UCP Institute of Technology, Ahmedabad",COMPUTER SCIENCE & ENGINEERING,TFWS,2025,16412
130,"SCHOOL OF TECHNOLOGY, GSFC UNIVERSITY, VADODARA",CHEMICAL ENGINEERING,EWS,2025,50491
130,"SCHOOL OF TECHNOLOGY, GSFC UNIVERSITY, VADODARA",CHEMICAL ENGINEERING,OPEN,2025,24633
130,"SCHOOL OF TECHNOLOGY, GSFC UNIVERSITY, VADODARA",CHEMICAL ENGINEERING,SC,2025,30512
130,"SCHOOL OF TECHNOLOGY, GSFC UNIVERSITY, VADODARA",CHEMICAL ENGINEERING,SEBC,2025,35849
130,"SCHOOL OF TECHNOLOGY, GSFC UNIVERSITY, VADODARA",CHEMICAL ENGINEERING,TFWS,2025,8823
130,"SCHOOL OF TECHNOLOGY, GSFC UNIVERSITY, VADODARA",COMPUTER SCIENCE & ENGINEERING,ESM,2025,21987
130,"SCHOOL OF TECHNOLOGY, GSFC UNIVERSITY, VADODARA",COMPUTER SCIENCE & ENGINEERING,EWS,2025,34293
130,"SCHOOL OF TECHNOLOGY, GSFC UNIVERSITY, VADODARA",COMPUTER SCIENCE & ENGINEERING,OPEN,2025,19431
130,"SCHOOL OF TECHNOLOGY, GSFC UNIVERSITY, VADODARA",COMPUTER SCIENCE & ENGINEERING,SC,2025,35892
130,"SCHOOL OF TECHNOLOGY, GSFC UNIVERSITY, VADODARA",COMPUTER SCIENCE & ENGINEERING,SEBC,2025,38115
130,"SCHOOL OF TECHNOLOGY, GSFC UNIVERSITY, VADODARA",COMPUTER SCIENCE & ENGINEERING,ST,2025,37064
130,"SCHOOL OF TECHNOLOGY, GSFC UNIVERSITY, VADODARA",COMPUTER SCIENCE & ENGINEERING,TFWS,2025,9389
130,"SCHOOL OF TECHNOLOGY, GSFC UNIVERSITY, VADODARA","FIRE AND ENVIRONMENT, HEALTH, SAFETY ENGINEERING",OPEN,2025,39420
131,"SHREE DHANVANTARY COLLEGE OF ENGINEERING & TECHNOLOGY, KIM",COMPUTER SCIENCE & ENGINEERING (ARTIFICIAL INTELLIGENCE AND MACHINE,OPEN,2025,39499
131,"SHREE DHANVANTARY COLLEGE OF ENGINEERING & TECHNOLOGY, KIM",COMPUTER SCIENCE & ENGINEERING (INTERNET OF THINGS & CYBER SECURITY,OPEN,2025,32487
132,"SHREE PAREKH ENGINEEIRNG College, MAHUVA",FOOD ENGINEERING & TECHNOLOGY,OPEN,2025,36992
132,"SHREE PAREKH ENGINEEIRNG College, MAHUVA",INFORMATION TECHNOLOGY,OPEN,2025,39262
133,"SHREE SWAMINARAYAN INSTITUTE OF TECHNOLOGY, BHAT, GANDHINAGAR",COMPUTER ENGINEERING,OPEN,2025,50582
133,"SHREE SWAMINARAYAN INSTITUTE OF TECHNOLOGY, BHAT, GANDHINAGAR",COMPUTER SCIENCE & ENGINEERING,OPEN,2025,35345
133,"SHREE SWAMINARAYAN INSTITUTE OF TECHNOLOGY, BHAT, GANDHINAGAR",COMPUTER SCIENCE & ENGINEERING,SC,2025,39022
133,"SHREE SWAMINARAYAN INSTITUTE OF TECHNOLOGY, BHAT, GANDHINAGAR",COMPUTER SCIENCE & ENGINEERING,SEBC,2025,50487
133,"SHREE SWAMINARAYAN INSTITUTE OF TECHNOLOGY, BHAT, GANDHINAGAR",COMPUTER SCIENCE & ENGINEERING,TFWS,2025,5858
133,"SHREE SWAMINARAYAN INSTITUTE OF TECHNOLOGY, BHAT, GANDHINAGAR",INFORMATION TECHNOLOGY,OPEN,2025,50006
133,"SHREE SWAMINARAYAN INSTITUTE OF TECHNOLOGY, BHAT, GANDHINAGAR",INFORMATION TECHNOLOGY,TFWS,2025,10333
133,"SHREE SWAMINARAYAN INSTITUTE OF TECHNOLOGY, BHAT, GANDHINAGAR",MECHANICAL ENGINEERING,OPEN,2025,32673
134,"Sal College Of Engineering , Ahmedabad",CHEMICAL ENGINEERING,OPEN,2025,33410
134,"Sal College Of Engineering , Ahmedabad",COMPUTER ENGINEERING,OPEN,2025,50344
134,"Sal College Of Engineering , Ahmedabad",COMPUTER ENGINEERING,TFWS,2025,8903
134,"Sal College Of Engineering , Ahmedabad",COMPUTER SCIENCE & ENGINEERING (DATA SCIENCE),OPEN,2025,50190
134,"Sal College Of Engineering , Ahmedabad",INFORMATION TECHNOLOGY,OPEN,2025,50485
134,"Sal College Of Engineering , Ahmedabad",INFORMATION TECHNOLOGY,TFWS,2025,10448
134,"Sal College Of Engineering , Ahmedabad",MECHATRONICS,OPEN,2025,32122
135,"Sal Institute Of Tech. & Engg. Research, Ahmedabad",AUTOMOBILE ENGINEERING,OPEN,2025,39838
135,"Sal Institute Of Tech. & Engg. Research, Ahmedabad",CIVIL ENGINEERING,OPEN,2025,50108
135,"Sal Institute Of Tech. & Engg. Research, Ahmedabad",COMPUTER ENGINEERING,OPEN,2025,50326
135,"Sal Institute Of Tech. & Engg. Research, Ahmedabad",COMPUTER ENGINEERING,SEBC,2025,50632
135,"Sal Institute Of Tech. & Engg. Research, Ahmedabad",COMPUTER ENGINEERING,TFWS,2025,9545
135,"Sal Institute Of Tech. & Engg. Research, Ahmedabad",COMPUTER SCIENCE & ENGINEERING,EWS,2025,32386
135,"Sal Institute Of Tech. & Engg. Research, Ahmedabad",COMPUTER SCIENCE & ENGINEERING,OPEN,2025,22584
135,"Sal Institute Of Tech. & Engg. Research, Ahmedabad",COMPUTER SCIENCE & ENGINEERING,SC,2025,34689
135,"Sal Institute Of Tech. & Engg. Research, Ahmedabad",COMPUTER SCIENCE & ENGINEERING,SEBC,2025,38345
135,"Sal Institute Of Tech. & Engg. Research, Ahmedabad",COMPUTER SCIENCE & ENGINEERING,TFWS,2025,11158
135,"Sal Institute Of Tech. & Engg. Research, Ahmedabad",COMPUTER SCIENCE & ENGINEERING (ARTIFICIAL INTELLIGENCE AND MACHINE,OPEN,2025,39739
135,"Sal Institute Of Tech. & Engg. Research, Ahmedabad",COMPUTER SCIENCE & ENGINEERING (ARTIFICIAL INTELLIGENCE AND MACHINE,TFWS,2025,10166
135,"Sal Institute Of Tech. & Engg. Research, Ahmedabad",ELECTRICAL ENGINEERING,OPEN,2025,50043
135,"Sal Institute Of Tech. & Engg. Research, Ahmedabad",ELECTRONICS & COMMUNICATION ENGINEERING,OPEN,2025,36820
135,"Sal Institute Of Tech. & Engg. Research, Ahmedabad",INFORMATION & COMMUNICATION TECHNOLOGY,OPEN,2025,35677
135,"Sal Institute Of Tech. & Engg. Research, Ahmedabad",MECHANICAL ENGINEERING,OPEN,2025,37006
136,"Sankalchand Patel College Of Engg., Visnagar",ARTIFICIAL INTELLIGENCE AND DATA SCIENCE,OPEN,2025,50121
136,"Sankalchand Patel College Of Engg., Visnagar",CIVIL ENGINEERING,OPEN,2025,50480
136,"Sankalchand Patel College Of Engg., Visnagar",COMPUTER ENGINEERING,OPEN,2025,50444
136,"Sankalchand Patel College Of Engg., Visnagar",COMPUTER ENGINEERING,TFWS,2025,14469
136,"Sankalchand Patel College Of Engg., Visnagar",INFORMATION TECHNOLOGY,OPEN,2025,39950
136,"Sankalchand Patel College Of Engg., Visnagar",INFORMATION TECHNOLOGY,TFWS,2025,17748
136,"Sankalchand Patel College Of Engg., Visnagar",MECHANICAL ENGINEERING,OPEN,2025,32578
137,"Sardar Vallabhbhai Patel Institute Of Tech.,Vasad",AERONAUTICAL ENGINEERING,OPEN,2025,50351
137,"Sardar Vallabhbhai Patel Institute Of Tech.,Vasad",AERONAUTICAL ENGINEERING,TFWS,2025,6537
137,"Sardar Vallabhbhai Patel Institute Of Tech.,Vasad",CIVIL ENGINEERING,OPEN,2025,39911
137,"Sardar Vallabhbhai Patel Institute Of Tech.,Vasad",COMPUTER ENGINEERING,ESM,2025,17031
137,"Sardar Vallabhbhai Patel Institute Of Tech.,Vasad",COMPUTER ENGINEERING,EWS,2025,15983
137,"Sardar Vallabhbhai Patel Institute Of Tech.,Vasad",COMPUTER ENGINEERING,OPEN,2025,11066
137,"Sardar Vallabhbhai Patel Institute Of Tech.,Vasad",COMPUTER ENGINEERING,SC,2025,27977
137,"Sardar Vallabhbhai Patel Institute Of Tech.,Vasad",COMPUTER ENGINEERING,SEBC,2025,27442
137,"Sardar Vallabhbhai Patel Institute Of Tech.,Vasad",COMPUTER ENGINEERING,ST,2025,35694
137,"Sardar Vallabhbhai Patel Institute Of Tech.,Vasad",COMPUTER ENGINEERING,TFWS,2025,5281
137,"Sardar Vallabhbhai Patel Institute Of Tech.,Vasad",COMPUTER SCIENCE & DESIGN,EWS,2025,23162
137,"Sardar Vallabhbhai Patel Institute Of Tech.,Vasad",COMPUTER SCIENCE & DESIGN,OPEN,2025,14154
137,"Sardar Vallabhbhai Patel Institute Of Tech.,Vasad",COMPUTER SCIENCE & DESIGN,SC,2025,37910
137,"Sardar Vallabhbhai Patel Institute Of Tech.,Vasad",COMPUTER SCIENCE & DESIGN,SEBC,2025,37478
137,"Sardar Vallabhbhai Patel Institute Of Tech.,Vasad",COMPUTER SCIENCE & DESIGN,ST,2025,36118
137,"Sardar Vallabhbhai Patel Institute Of Tech.,Vasad",COMPUTER SCIENCE & DESIGN,TFWS,2025,8712
137,"Sardar Vallabhbhai Patel Institute Of Tech.,Vasad",ELECTRICAL ENGINEERING,OPEN,2025,50555
137,"Sardar Vallabhbhai Patel Institute Of Tech.,Vasad",ELECTRONICS & COMMUNICATION ENGINEERING,EWS,2025,38260
137,"Sardar Vallabhbhai Patel Institute Of Tech.,Vasad",ELECTRONICS & COMMUNICATION ENGINEERING,OPEN,2025,24109
137,"Sardar Vallabhbhai Patel Institute Of Tech.,Vasad",ELECTRONICS & COMMUNICATION ENGINEERING,SEBC,2025,33086
137,"Sardar Vallabhbhai Patel Institute Of Tech.,Vasad",ELECTRONICS & COMMUNICATION ENGINEERING,TFWS,2025,13322
137,"Sardar Vallabhbhai Patel Institute Of Tech.,Vasad",INFORMATION TECHNOLOGY,EWS,2025,26533
137,"Sardar Vallabhbhai Patel Institute Of Tech.,Vasad",INFORMATION TECHNOLOGY,OPEN,2025,18933
137,"Sardar Vallabhbhai Patel Institute Of Tech.,Vasad",INFORMATION TECHNOLOGY,SC,2025,28433
137,"Sardar Vallabhbhai Patel Institute Of Tech.,Vasad",INFORMATION TECHNOLOGY,SEBC,2025,50320
137,"Sardar Vallabhbhai Patel Institute Of Tech.,Vasad",INFORMATION TECHNOLOGY,TFWS,2025,6976
137,"Sardar Vallabhbhai Patel Institute Of Tech.,Vasad",MECHANICAL ENGINEERING,OPEN,2025,50178
138,"Sarvajanik College Of Engg. & Tech. , Surat",ARTIFICIAL INTELLIGENCE AND DATA SCIENCE,EWS,2025,12531
138,"Sarvajanik College Of Engg. & Tech. , Surat",ARTIFICIAL INTELLIGENCE AND DATA SCIENCE,OPEN,2025,10521
138,"Sarvajanik College Of Engg. & Tech. , Surat",ARTIFICIAL INTELLIGENCE AND DATA SCIENCE,SC,2025,27418
138,"Sarvajanik College Of Engg. & Tech. , Surat",ARTIFICIAL INTELLIGENCE AND DATA SCIENCE,SEBC,2025,13904
138,"Sarvajanik College Of Engg. & Tech. , Surat",ARTIFICIAL INTELLIGENCE AND DATA SCIENCE,ST,2025,39212
138,"Sarvajanik College Of Engg. & Tech. , Surat",ARTIFICIAL INTELLIGENCE AND DATA SCIENCE,TFWS,2025,3091
138,"Sarvajanik College Of Engg. & Tech. , Surat",CHEMICAL ENGINEERING,OPEN,2025,50603
138,"Sarvajanik College Of Engg. & Tech. , Surat",CIVIL ENGINEERING,OPEN,2025,50035
138,"Sarvajanik College Of Engg. & Tech. , Surat",COMPUTER ENGINEERING,ESM,2025,29529
138,"Sarvajanik College Of Engg. & Tech. , Surat",COMPUTER ENGINEERING,EWS,2025,7444
138,"Sarvajanik College Of Engg. & Tech. , Surat",COMPUTER ENGINEERING,OPEN,2025,5404
138,"Sarvajanik College Of Engg. & Tech. , Surat",COMPUTER ENGINEERING,SC,2025,26127
138,"Sarvajanik College Of Engg. & Tech. , Surat",COMPUTER ENGINEERING,SEBC,2025,12814
138,"Sarvajanik College Of Engg. & Tech. , Surat",COMPUTER ENGINEERING,ST,2025,37787
138,"Sarvajanik College Of Engg. & Tech. , Surat",COMPUTER ENGINEERING,TFWS,2025,1336
138,"Sarvajanik College Of Engg. & Tech. , Surat",ELECTRICAL ENGINEERING,EWS,2025,50634
138,"Sarvajanik College Of Engg. & Tech. , Surat",ELECTRICAL ENGINEERING,OPEN,2025,29240
138,"Sarvajanik College Of Engg. & Tech. , Surat",ELECTRICAL ENGINEERING,SC,2025,38469
138,"Sarvajanik College Of Engg. & Tech. , Surat",ELECTRICAL ENGINEERING,SEBC,2025,36134
138,"Sarvajanik College Of Engg. & Tech. , Surat",ELECTRONICS & COMMUNICATION ENGINEERING,EWS,2025,15642
138,"Sarvajanik College Of Engg. & Tech. , Surat",ELECTRONICS & COMMUNICATION ENGINEERING,OPEN,2025,13637
138,"Sarvajanik College Of Engg. & Tech. , Surat",ELECTRONICS & COMMUNICATION ENGINEERING,SC,2025,31998
138,"Sarvajanik College Of Engg. & Tech. , Surat",ELECTRONICS & COMMUNICATION ENGINEERING,SEBC,2025,28218
138,"Sarvajanik College Of Engg. & Tech. , Surat",ELECTRONICS & COMMUNICATION ENGINEERING,TFWS,2025,5402
138,"Sarvajanik College Of Engg. & Tech. , Surat",INFORMATION TECHNOLOGY,EWS,2025,12069
138,"Sarvajanik College Of Engg. & Tech. , Surat",INFORMATION TECHNOLOGY,OPEN,2025,9900
138,"Sarvajanik College Of Engg. & Tech. , Surat",INFORMATION TECHNOLOGY,SC,2025,38482
138,"Sarvajanik College Of Engg. & Tech. , Surat",INFORMATION TECHNOLOGY,SEBC,2025,20142
138,"Sarvajanik College Of Engg. & Tech. , Surat",INFORMATION TECHNOLOGY,TFWS,2025,2456
138,"Sarvajanik College Of Engg. & Tech. , Surat",INSTRUMENTATION & CONTROL ENGINEERING,OPEN,2025,50242
138,"Sarvajanik College Of Engg. & Tech. , Surat",INSTRUMENTATION & CONTROL ENGINEERING,TFWS,2025,12464
138,"Sarvajanik College Of Engg. & Tech. , Surat",MECHANICAL ENGINEERING,OPEN,2025,39745
138,"Sarvajanik College Of Engg. & Tech. , Surat",MECHANICAL ENGINEERING,SEBC,2025,50336
140,"School of Engineering - Indrashil University, Kadi",CHEMICAL & BIOCHEMICAL ENGINEERING,OPEN,2025,30497
140,"School of Engineering - Indrashil University, Kadi",COMPUTER SCIENCE & ENGINEERING,OPEN,2025,39243
140,"School of Engineering - Indrashil University, Kadi",Information Technology,OPEN,2025,28014
141,"School of Engineering and Technology, Navrachana University, Vadodara",COMPUTER SCIENCE & ENGINEERING,EWS,2025,29287
141,"School of Engineering and Technology, Navrachana University, Vadodara",COMPUTER SCIENCE & ENGINEERING,OPEN,2025,19362
141,"School of Engineering and Technology, Navrachana University, Vadodara",COMPUTER SCIENCE & ENGINEERING,SC,2025,33748
141,"School of Engineering and Technology, Navrachana University, Vadodara",COMPUTER SCIENCE & ENGINEERING,SEBC,2025,35514
141,"School of Engineering and Technology, Navrachana University, Vadodara",COMPUTER SCIENCE & ENGINEERING,TFWS,2025,11273
141,"School of Engineering and Technology, Navrachana University, Vadodara",ELECTRICAL AND ELECTRONICS ENGINEERING,OPEN,2025,37785
141,"School of Engineering and Technology, Navrachana University, Vadodara",MECHANICAL ENGINEERING,OPEN,2025,36244
142,"Shankersinh Vaghela Bapu Institute Of Tech., Unava, Gandhinagar",CIVIL ENGINEERING,OPEN,2025,39527
142,"Shankersinh Vaghela Bapu Institute Of Tech., Unava, Gandhinagar",COMPUTER ENGINEERING,OPEN,2025,37565
142,"Shankersinh Vaghela Bapu Institute Of Tech., Unava, Gandhinagar",INFORMATION TECHNOLOGY,OPEN,2025,38119
142,"Shankersinh Vaghela Bapu Institute Of Tech., Unava, Gandhinagar",MECHANICAL ENGINEERING,OPEN,2025,34480
143,"Shantilal Shah Engineering College ,Bhavnagar",CIVIL ENGINEERING,OPEN,2025,50515
143,"Shantilal Shah Engineering College ,Bhavnagar",CIVIL ENGINEERING,OPEN_AI_RANK,2025,990097
143,"Shantilal Shah Engineering College ,Bhavnagar",ELECTRICAL ENGINEERING,OPEN,2025,39567
143,"Shantilal Shah Engineering College ,Bhavnagar",ELECTRICAL ENGINEERING,OPEN_AI_RANK,2025,990408
143,"Shantilal Shah Engineering College ,Bhavnagar",INFORMATION TECHNOLOGY,EWS,2025,20027
143,"Shantilal Shah Engineering College ,Bhavnagar",INFORMATION TECHNOLOGY,OPEN,2025,15545
143,"Shantilal Shah Engineering College ,Bhavnagar",INFORMATION TECHNOLOGY,OPEN_AI_RANK,2025,902924
143,"Shantilal Shah Engineering College ,Bhavnagar",INFORMATION TECHNOLOGY,SC,2025,39795
143,"Shantilal Shah Engineering College ,Bhavnagar",INFORMATION TECHNOLOGY,SEBC,2025,20282
143,"Shantilal Shah Engineering College ,Bhavnagar",INFORMATION TECHNOLOGY,ST,2025,30471
143,"Shantilal Shah Engineering College ,Bhavnagar",INFORMATION TECHNOLOGY,TFWS,2025,9841
143,"Shantilal Shah Engineering College ,Bhavnagar",MECHANICAL ENGINEERING,OPEN,2025,39151
143,"Shantilal Shah Engineering College ,Bhavnagar",MECHANICAL ENGINEERING,OPEN_AI_RANK,2025,922394
145,"Shri Labhubhai Trivedi Institute Of Engineering And Technology, Rajkot",CIVIL ENGINEERING,OPEN,2025,39432
145,"Shri Labhubhai Trivedi Institute Of Engineering And Technology, Rajkot",COMPUTER SCIENCE & ENGINEERING,OPEN,2025,38554
145,"Shri Labhubhai Trivedi Institute Of Engineering And Technology, Rajkot",COMPUTER SCIENCE & ENGINEERING (DATA SCIENCE),OPEN,2025,39963
145,"Shri Labhubhai Trivedi Institute Of Engineering And Technology, Rajkot",MECHANICAL ENGINEERING,OPEN,2025,39214
146,"Shri Sadvidhya Mandal Institute Of Tech., Bharuch",CHEMICAL ENGINEERING,OPEN,2025,50248
146,"Shri Sadvidhya Mandal Institute Of Tech., Bharuch",COMPUTER SCIENCE & ENGINEERING,EWS,2025,34424
146,"Shri Sadvidhya Mandal Institute Of Tech., Bharuch",COMPUTER SCIENCE & ENGINEERING,OPEN,2025,30520
146,"Shri Sadvidhya Mandal Institute Of Tech., Bharuch",COMPUTER SCIENCE & ENGINEERING,SEBC,2025,50060
146,"Shri Sadvidhya Mandal Institute Of Tech., Bharuch",COMPUTER SCIENCE & ENGINEERING,TFWS,2025,13684
146,"Shri Sadvidhya Mandal Institute Of Tech., Bharuch",ELECTRICAL ENGINEERING,OPEN,2025,39854
146,"Shri Sadvidhya Mandal Institute Of Tech., Bharuch",INFORMATION TECHNOLOGY,OPEN,2025,50494
146,"Shri Sadvidhya Mandal Institute Of Tech., Bharuch",INFORMATION TECHNOLOGY,TFWS,2025,15849
147,"Shri Sitaram N Patel Inst. Of Tech. & Res. (Vidhyabharti Trust), Umrakh",CHEMICAL ENGINEERING,OPEN,2025,39517
147,"Shri Sitaram N Patel Inst. Of Tech. & Res. (Vidhyabharti Trust), Umrakh",CIVIL ENGINEERING,OPEN,2025,39329
147,"Shri Sitaram N Patel Inst. Of Tech. & Res. (Vidhyabharti Trust), Umrakh",COMPUTER SCIENCE & ENGINEERING,EWS,2025,35436
147,"Shri Sitaram N Patel Inst. Of Tech. & Res. (Vidhyabharti Trust), Umrakh",COMPUTER SCIENCE & ENGINEERING,OPEN,2025,36315
147,"Shri Sitaram N Patel Inst. Of Tech. & Res. (Vidhyabharti Trust), Umrakh",COMPUTER SCIENCE & ENGINEERING,SC,2025,38258
147,"Shri Sitaram N Patel Inst. Of Tech. & Res. (Vidhyabharti Trust), Umrakh",COMPUTER SCIENCE & ENGINEERING,SEBC,2025,39916
147,"Shri Sitaram N Patel Inst. Of Tech. & Res. (Vidhyabharti Trust), Umrakh",COMPUTER SCIENCE & ENGINEERING,ST,2025,39168
147,"Shri Sitaram N Patel Inst. Of Tech. & Res. (Vidhyabharti Trust), Umrakh",COMPUTER SCIENCE & ENGINEERING,TFWS,2025,15582
147,"Shri Sitaram N Patel Inst. Of Tech. & Res. (Vidhyabharti Trust), Umrakh",ELECTRICAL ENGINEERING,OPEN,2025,39849
147,"Shri Sitaram N Patel Inst. Of Tech. & Res. (Vidhyabharti Trust), Umrakh",INFORMATION TECHNOLOGY,OPEN,2025,50095
147,"Shri Sitaram N Patel Inst. Of Tech. & Res. (Vidhyabharti Trust), Umrakh",INFORMATION TECHNOLOGY,TFWS,2025,14975
147,"Shri Sitaram N Patel Inst. Of Tech. & Res. (Vidhyabharti Trust), Umrakh",MECHANICAL ENGINEERING,OPEN,2025,38768
148,"Shri Swami Atmanand Saraswati Institute Of Tech., Surat",CIVIL ENGINEERING,OPEN,2025,28169
148,"Shri Swami Atmanand Saraswati Institute Of Tech., Surat",COMPUTER ENGINEERING,EWS,2025,16992
148,"Shri Swami Atmanand Saraswati Institute Of Tech., Surat",COMPUTER ENGINEERING,OPEN,2025,15808
148,"Shri Swami Atmanand Saraswati Institute Of Tech., Surat",COMPUTER ENGINEERING,SC,2025,27861
148,"Shri Swami Atmanand Saraswati Institute Of Tech., Surat",COMPUTER ENGINEERING,SEBC,2025,35381
148,"Shri Swami Atmanand Saraswati Institute Of Tech., Surat",COMPUTER ENGINEERING,ST,2025,38916
148,"Shri Swami Atmanand Saraswati Institute Of Tech., Surat",COMPUTER ENGINEERING,TFWS,2025,6853
148,"Shri Swami Atmanand Saraswati Institute Of Tech., Surat",ELECTRICAL ENGINEERING,OPEN,2025,27945
148,"Shri Swami Atmanand Saraswati Institute Of Tech., Surat",ELECTRONICS & COMMUNICATION ENGINEERING,EWS,2025,32220
148,"Shri Swami Atmanand Saraswati Institute Of Tech., Surat",ELECTRONICS & COMMUNICATION ENGINEERING,OPEN,2025,31233
148,"Shri Swami Atmanand Saraswati Institute Of Tech., Surat",ELECTRONICS & COMMUNICATION ENGINEERING,TFWS,2025,14489
148,"Shri Swami Atmanand Saraswati Institute Of Tech., Surat",INFORMATION TECHNOLOGY,EWS,2025,23242
148,"Shri Swami Atmanand Saraswati Institute Of Tech., Surat",INFORMATION TECHNOLOGY,OPEN,2025,21996
148,"Shri Swami Atmanand Saraswati Institute Of Tech., Surat",INFORMATION TECHNOLOGY,SC,2025,32434
148,"Shri Swami Atmanand Saraswati Institute Of Tech., Surat",INFORMATION TECHNOLOGY,SEBC,2025,50633
148,"Shri Swami Atmanand Saraswati Institute Of Tech., Surat",INFORMATION TECHNOLOGY,TFWS,2025,8087
148,"Shri Swami Atmanand Saraswati Institute Of Tech., Surat",MECHANICAL ENGINEERING,OPEN,2025,39126
149,"Shroff S.R.Rotary Inst. Of Chemical Technology, Vatatia,Bharuch",CHEMICAL ENGINEERING,OPEN,2025,39390
149,"Shroff S.R.Rotary Inst. Of Chemical Technology, Vatatia,Bharuch",CHEMICAL ENGINEERING,TFWS,2025,17272
149,"Shroff S.R.Rotary Inst. Of Chemical Technology, Vatatia,Bharuch",COMPUTER ENGINEERING,OPEN,2025,50167
149,"Shroff S.R.Rotary Inst. Of Chemical Technology, Vatatia,Bharuch",COMPUTER ENGINEERING,TFWS,2025,17221
149,"Shroff S.R.Rotary Inst. Of Chemical Technology, Vatatia,Bharuch",ENVIRONMENTAL SCIENCE & TECHNOLOGY,OPEN,2025,25953
149,"Shroff S.R.Rotary Inst. Of Chemical Technology, Vatatia,Bharuch",ENVIRONMENTAL SCIENCE & TECHNOLOGY,TFWS,2025,22049
149,"Shroff S.R.Rotary Inst. Of Chemical Technology, Vatatia,Bharuch",INFORMATION TECHNOLOGY,OPEN,2025,50566
149,"Shroff S.R.Rotary Inst. Of Chemical Technology, Vatatia,Bharuch",INFORMATION TECHNOLOGY,TFWS,2025,13156
150,"Sigma Institute Of Engg., Bakrol",CHEMICAL ENGINEERING,OPEN,2025,22015
150,"Sigma Institute Of Engg., Bakrol",COMPUTER ENGINEERING,OPEN,2025,30182
150,"Sigma Institute Of Engg., Bakrol",COMPUTER ENGINEERING,TFWS,2025,28205
151,"Silver Oak College Of Engg., & Tech. (WITHIN AMHEDABAD MUNICIPAL CORPORATION LIMIT), Ahmedabad",AERONAUTICAL ENGINEERING,OPEN,2025,28506
151,"Silver Oak College Of Engg., & Tech. (WITHIN AMHEDABAD MUNICIPAL CORPORATION LIMIT), Ahmedabad",BIOTECHNOLOGY,OPEN,2025,33304
151,"Silver Oak College Of Engg., & Tech. (WITHIN AMHEDABAD MUNICIPAL CORPORATION LIMIT), Ahmedabad",BIOTECHNOLOGY,TFWS,2025,29897
151,"Silver Oak College Of Engg., & Tech. (WITHIN AMHEDABAD MUNICIPAL CORPORATION LIMIT), Ahmedabad",CIVIL ENGINEERING,OPEN,2025,40070
151,"Silver Oak College Of Engg., & Tech. (WITHIN AMHEDABAD MUNICIPAL CORPORATION LIMIT), Ahmedabad",COMPUTER ENGINEERING,OPEN,2025,39301
151,"Silver Oak College Of Engg., & Tech. (WITHIN AMHEDABAD MUNICIPAL CORPORATION LIMIT), Ahmedabad",COMPUTER ENGINEERING (ARTIFICIAL INTELLIGENCE AND MACHINE LEARNING),OPEN,2025,50312
151,"Silver Oak College Of Engg., & Tech. (WITHIN AMHEDABAD MUNICIPAL CORPORATION LIMIT), Ahmedabad",COMPUTER ENGINEERING (ARTIFICIAL INTELLIGENCE AND MACHINE LEARNING),TFWS,2025,20075
151,"Silver Oak College Of Engg., & Tech. (WITHIN AMHEDABAD MUNICIPAL CORPORATION LIMIT), Ahmedabad",COMPUTER SCIENCE & BIOSCIENCES,OPEN,2025,32565
151,"Silver Oak College Of Engg., & Tech. (WITHIN AMHEDABAD MUNICIPAL CORPORATION LIMIT), Ahmedabad",COMPUTER SCIENCE & BIOSCIENCES,TFWS,2025,23456
151,"Silver Oak College Of Engg., & Tech. (WITHIN AMHEDABAD MUNICIPAL CORPORATION LIMIT), Ahmedabad",COMPUTER SCIENCE & ENGINEERING,OPEN,2025,50041
151,"Silver Oak College Of Engg., & Tech. (WITHIN AMHEDABAD MUNICIPAL CORPORATION LIMIT), Ahmedabad",COMPUTER SCIENCE & ENGINEERING,TFWS,2025,16259
151,"Silver Oak College Of Engg., & Tech. (WITHIN AMHEDABAD MUNICIPAL CORPORATION LIMIT), Ahmedabad",COMPUTER SCIENCE & ENGINEERING (CYBER SECURITY),OPEN,2025,38953
151,"Silver Oak College Of Engg., & Tech. (WITHIN AMHEDABAD MUNICIPAL CORPORATION LIMIT), Ahmedabad",COMPUTER SCIENCE & ENGINEERING (CYBER SECURITY),TFWS,2025,20445
151,"Silver Oak College Of Engg., & Tech. (WITHIN AMHEDABAD MUNICIPAL CORPORATION LIMIT), Ahmedabad",ELECTRONICS & COMMUNICATION ENGINEERING,OPEN,2025,33130
151,"Silver Oak College Of Engg., & Tech. (WITHIN AMHEDABAD MUNICIPAL CORPORATION LIMIT), Ahmedabad",ELECTRONICS & COMMUNICATION ENGINEERING,TFWS,2025,27125
151,"Silver Oak College Of Engg., & Tech. (WITHIN AMHEDABAD MUNICIPAL CORPORATION LIMIT), Ahmedabad",INFORMATION TECHNOLOGY,OPEN,2025,38758
152,"Smt. S.R. Patel Engg. College, Dabhi, Unjha",CIVIL ENGINEERING,OPEN,2025,16846
152,"Smt. S.R. Patel Engg. College, Dabhi, Unjha",COMPUTER ENGINEERING,OPEN,2025,50112
153,"Swaminarayan College Of Engg. & Tech., Kalol",COMPUTER ENGINEERING,OPEN,2025,37978
153,"Swaminarayan College Of Engg. & Tech., Kalol",INFORMATION TECHNOLOGY,OPEN,2025,17670
153,"Swaminarayan College Of Engg. & Tech., Kalol",MECHANICAL ENGINEERING,OPEN,2025,34555
154,Swarrnim Institute of Technology,ARTIFICIAL INTELLIGENCE,OPEN,2025,31598
154,Swarrnim Institute of Technology,COMPUTER ENGINEERING,OPEN,2025,24570
154,Swarrnim Institute of Technology,CYBER SECURITY,OPEN,2025,50370
154,Swarrnim Institute of Technology,INFORMATION TECHNOLOGY,OPEN,2025,39020
155,"Unitedworld Institute of Technology, Uvarsad, Gandhinagar",COMPUTER SCIENCE & ENGINEERING,OPEN,2025,50393
155,"Unitedworld Institute of Technology, Uvarsad, Gandhinagar",COMPUTER SCIENCE & ENGINEERING,TFWS,2025,12245
155,"Unitedworld Institute of Technology, Uvarsad, Gandhinagar",COMPUTER SCIENCE & ENGINEERING (ARTIFICIAL INTELLIGENCE AND MACHINE,OPEN,2025,50520
155,"Unitedworld Institute of Technology, Uvarsad, Gandhinagar",COMPUTER SCIENCE & ENGINEERING (ARTIFICIAL INTELLIGENCE AND MACHINE,TFWS,2025,18189
155,"Unitedworld Institute of Technology, Uvarsad, Gandhinagar",COMPUTER SCIENCE & ENGINEERING (CYBER SECURITY),OPEN,2025,40005
155,"Unitedworld Institute of Technology, Uvarsad, Gandhinagar",COMPUTER SCIENCE & ENGINEERING (CYBER SECURITY),TFWS,2025,13485
155,"Unitedworld Institute of Technology, Uvarsad, Gandhinagar",COMPUTER SCIENCE & ENGINEERING (DATA SCIENCE),OPEN,2025,38878
155,"Unitedworld Institute of Technology, Uvarsad, Gandhinagar",COMPUTER SCIENCE & ENGINEERING (DATA SCIENCE),TFWS,2025,13691
155,"Unitedworld Institute of Technology, Uvarsad, Gandhinagar",ELECTRONICS & COMMUNICATION ENGINEERING,OPEN,2025,38986
155,"Unitedworld Institute of Technology, Uvarsad, Gandhinagar",ELECTRONICS & COMMUNICATION ENGINEERING,TFWS,2025,18814
155,"Unitedworld Institute of Technology, Uvarsad, Gandhinagar",INFORMATION & COMMUNICATION TECHNOLOGY,OPEN,2025,35821
155,"Unitedworld Institute of Technology, Uvarsad, Gandhinagar",INFORMATION & COMMUNICATION TECHNOLOGY,TFWS,2025,13868
157,"V.V.P. Engineering College, Rajkot",BIOTECHNOLOGY,OPEN,2025,38971
157,"V.V.P. Engineering College, Rajkot",CHEMICAL ENGINEERING,OPEN,2025,30677
157,"V.V.P. Engineering College, Rajkot",CIVIL ENGINEERING,OPEN,2025,33412
157,"V.V.P. Engineering College, Rajkot",COMPUTER ENGINEERING,ESM,2025,36611
157,"V.V.P. Engineering College, Rajkot",COMPUTER ENGINEERING,EWS,2025,19515
157,"V.V.P. Engineering College, Rajkot",COMPUTER ENGINEERING,OPEN,2025,16750
157,"V.V.P. Engineering College, Rajkot",COMPUTER ENGINEERING,SC,2025,37551
157,"V.V.P. Engineering College, Rajkot",COMPUTER ENGINEERING,SEBC,2025,36485
157,"V.V.P. Engineering College, Rajkot",COMPUTER ENGINEERING,TFWS,2025,4320
157,"V.V.P. Engineering College, Rajkot",ELECTRICAL ENGINEERING,OPEN,2025,39748
157,"V.V.P. Engineering College, Rajkot",ELECTRONICS & COMMUNICATION ENGINEERING,EWS,2025,25030
157,"V.V.P. Engineering College, Rajkot",ELECTRONICS & COMMUNICATION ENGINEERING,OPEN,2025,21383
157,"V.V.P. Engineering College, Rajkot",ELECTRONICS & COMMUNICATION ENGINEERING,SC,2025,33144
157,"V.V.P. Engineering College, Rajkot",INFORMATION TECHNOLOGY,ESM,2025,38498
157,"V.V.P. Engineering College, Rajkot",INFORMATION TECHNOLOGY,EWS,2025,25466
157,"V.V.P. Engineering College, Rajkot",INFORMATION TECHNOLOGY,OPEN,2025,21176
157,"V.V.P. Engineering College, Rajkot",INFORMATION TECHNOLOGY,SC,2025,37842
157,"V.V.P. Engineering College, Rajkot",INFORMATION TECHNOLOGY,SEBC,2025,39904
157,"V.V.P. Engineering College, Rajkot",INFORMATION TECHNOLOGY,TFWS,2025,6332
157,"V.V.P. Engineering College, Rajkot",MECHANICAL ENGINEERING,OPEN,2025,39831
159,"VEERAYATAN INSTITUTE OF ENGINEERING, Mandvi",COMPUTER ENGINEERING,OPEN,2025,34817
159,"VEERAYATAN INSTITUTE OF ENGINEERING, Mandvi",ELECTRICAL ENGINEERING,OPEN,2025,31706
159,"VEERAYATAN INSTITUTE OF ENGINEERING, Mandvi",MECHANICAL ENGINEERING,OPEN,2025,33062
160,"Vadodara Institute of Engineering, Kotambi, Waghodiya, Vadodara",COMPUTER ENGINEERING,OPEN,2025,35125
160,"Vadodara Institute of Engineering, Kotambi, Waghodiya, Vadodara",INFORMATION TECHNOLOGY,OPEN,2025,26821
161,"Vidhyadeep Institute of Engineering & Technology, Anita(Kim), Surat",CHEMICAL ENGINEERING,OPEN,2025,30407
161,"Vidhyadeep Institute of Engineering & Technology, Anita(Kim), Surat",CHEMICAL ENGINEERING,TFWS,2025,34819
161,"Vidhyadeep Institute of Engineering & Technology, Anita(Kim), Surat",CIVIL ENGINEERING,OPEN,2025,26933
161,"Vidhyadeep Institute of Engineering & Technology, Anita(Kim), Surat",COMPUTER ENGINEERING,OPEN,2025,37397
161,"Vidhyadeep Institute of Engineering & Technology, Anita(Kim), Surat",COMPUTER ENGINEERING (ARTIFICIAL INTELLIGENCE AND MACHINE LEARNING),OPEN,2025,22427
161,"Vidhyadeep Institute of Engineering & Technology, Anita(Kim), Surat",INFORMATION TECHNOLOGY,OPEN,2025,38411
162,"Vidush Somany Institute Of Tech. & Res., Kadi",COMPUTER ENGINEERING,OPEN,2025,50168
162,"Vidush Somany Institute Of Tech. & Res., Kadi",COMPUTER SCIENCE & ENGINEERING,OPEN,2025,39085
162,"Vidush Somany Institute Of Tech. & Res., Kadi",INFORMATION TECHNOLOGY,OPEN,2025,50509
164,"Vishwakarma Government Engineering College, Chandkheda,Gandhinagar",CHEMICAL ENGINEERING,ESM,2025,21375
164,"Vishwakarma Government Engineering College, Chandkheda,Gandhinagar",CHEMICAL ENGINEERING,EWS,2025,13183
164,"Vishwakarma Government Engineering College, Chandkheda,Gandhinagar",CHEMICAL ENGINEERING,OPEN,2025,10712
164,"Vishwakarma Government Engineering College, Chandkheda,Gandhinagar",CHEMICAL ENGINEERING,OPEN_AI_RANK,2025,902345
164,"Vishwakarma Government Engineering College, Chandkheda,Gandhinagar",CHEMICAL ENGINEERING,SC,2025,24262
164,"Vishwakarma Government Engineering College, Chandkheda,Gandhinagar",CHEMICAL ENGINEERING,SEBC,2025,21521
164,"Vishwakarma Government Engineering College, Chandkheda,Gandhinagar",CHEMICAL ENGINEERING,ST,2025,37201
164,"Vishwakarma Government Engineering College, Chandkheda,Gandhinagar",CHEMICAL ENGINEERING,TFWS,2025,6308
164,"Vishwakarma Government Engineering College, Chandkheda,Gandhinagar",CHEMICAL ENGINEERING,TFWS_AI_RANK,2025,903464
164,"Vishwakarma Government Engineering College, Chandkheda,Gandhinagar",CIVIL ENGINEERING,ESM,2025,23152
164,"Vishwakarma Government Engineering College, Chandkheda,Gandhinagar",CIVIL ENGINEERING,EWS,2025,16276
164,"Vishwakarma Government Engineering College, Chandkheda,Gandhinagar",CIVIL ENGINEERING,OPEN,2025,13632
164,"Vishwakarma Government Engineering College, Chandkheda,Gandhinagar",CIVIL ENGINEERING,OPEN_AI_RANK,2025,903283
164,"Vishwakarma Government Engineering College, Chandkheda,Gandhinagar",CIVIL ENGINEERING,SC,2025,24256
164,"Vishwakarma Government Engineering College, Chandkheda,Gandhinagar",CIVIL ENGINEERING,SEBC,2025,18484
164,"Vishwakarma Government Engineering College, Chandkheda,Gandhinagar",CIVIL ENGINEERING,ST,2025,30563
164,"Vishwakarma Government Engineering College, Chandkheda,Gandhinagar",CIVIL ENGINEERING,TFWS,2025,8104
164,"Vishwakarma Government Engineering College, Chandkheda,Gandhinagar",CIVIL ENGINEERING,TFWS_AI_RANK,2025,903497
164,"Vishwakarma Government Engineering College, Chandkheda,Gandhinagar",COMPUTER ENGINEERING,ESM,2025,12289
164,"Vishwakarma Government Engineering College, Chandkheda,Gandhinagar",COMPUTER ENGINEERING,EWS,2025,1569
164,"Vishwakarma Government Engineering College, Chandkheda,Gandhinagar",COMPUTER ENGINEERING,OPEN,2025,1396
164,"Vishwakarma Government Engineering College, Chandkheda,Gandhinagar",COMPUTER ENGINEERING,OPEN_AI_RANK,2025,901021
164,"Vishwakarma Government Engineering College, Chandkheda,Gandhinagar",COMPUTER ENGINEERING,SC,2025,6028
164,"Vishwakarma Government Engineering College, Chandkheda,Gandhinagar",COMPUTER ENGINEERING,SEBC,2025,2265
164,"Vishwakarma Government Engineering College, Chandkheda,Gandhinagar",COMPUTER ENGINEERING,ST,2025,25787
164,"Vishwakarma Government Engineering College, Chandkheda,Gandhinagar",COMPUTER ENGINEERING,TFWS,2025,1071
164,"Vishwakarma Government Engineering College, Chandkheda,Gandhinagar",COMPUTER ENGINEERING,TFWS_AI_RANK,2025,900227
164,"Vishwakarma Government Engineering College, Chandkheda,Gandhinagar",COMPUTER SCIENCE & ENGINEERING (DATA SCIENCE),ESM,2025,10015
164,"Vishwakarma Government Engineering College, Chandkheda,Gandhinagar",COMPUTER SCIENCE & ENGINEERING (DATA SCIENCE),EWS,2025,2402
164,"Vishwakarma Government Engineering College, Chandkheda,Gandhinagar",COMPUTER SCIENCE & ENGINEERING (DATA SCIENCE),OPEN,2025,2075
164,"Vishwakarma Government Engineering College, Chandkheda,Gandhinagar",COMPUTER SCIENCE & ENGINEERING (DATA SCIENCE),OPEN_AI_RANK,2025,900955
164,"Vishwakarma Government Engineering College, Chandkheda,Gandhinagar",COMPUTER SCIENCE & ENGINEERING (DATA SCIENCE),SC,2025,8223
164,"Vishwakarma Government Engineering College, Chandkheda,Gandhinagar",COMPUTER SCIENCE & ENGINEERING (DATA SCIENCE),SEBC,2025,2763
164,"Vishwakarma Government Engineering College, Chandkheda,Gandhinagar",COMPUTER SCIENCE & ENGINEERING (DATA SCIENCE),ST,2025,32585
164,"Vishwakarma Government Engineering College, Chandkheda,Gandhinagar",COMPUTER SCIENCE & ENGINEERING (DATA SCIENCE),TFWS,2025,1577
164,"Vishwakarma Government Engineering College, Chandkheda,Gandhinagar",ELECTRICAL ENGINEERING,EWS,2025,17190
164,"Vishwakarma Government Engineering College, Chandkheda,Gandhinagar",ELECTRICAL ENGINEERING,OPEN,2025,13379
164,"Vishwakarma Government Engineering College, Chandkheda,Gandhinagar",ELECTRICAL ENGINEERING,OPEN_AI_RANK,2025,902897
164,"Vishwakarma Government Engineering College, Chandkheda,Gandhinagar",ELECTRICAL ENGINEERING,SC,2025,32616
164,"Vishwakarma Government Engineering College, Chandkheda,Gandhinagar",ELECTRICAL ENGINEERING,SEBC,2025,20337
164,"Vishwakarma Government Engineering College, Chandkheda,Gandhinagar",ELECTRICAL ENGINEERING,ST,2025,39163
164,"Vishwakarma Government Engineering College, Chandkheda,Gandhinagar",ELECTRICAL ENGINEERING,TFWS,2025,9432
164,"Vishwakarma Government Engineering College, Chandkheda,Gandhinagar",ELECTRONICS & COMMUNICATION ENGINEERING,ESM,2025,23528
164,"Vishwakarma Government Engineering College, Chandkheda,Gandhinagar",ELECTRONICS & COMMUNICATION ENGINEERING,EWS,2025,6113
164,"Vishwakarma Government Engineering College, Chandkheda,Gandhinagar",ELECTRONICS & COMMUNICATION ENGINEERING,OPEN,2025,5222
164,"Vishwakarma Government Engineering College, Chandkheda,Gandhinagar",ELECTRONICS & COMMUNICATION ENGINEERING,OPEN_AI_RANK,2025,901460
164,"Vishwakarma Government Engineering College, Chandkheda,Gandhinagar",ELECTRONICS & COMMUNICATION ENGINEERING,SC,2025,22179
164,"Vishwakarma Government Engineering College, Chandkheda,Gandhinagar",ELECTRONICS & COMMUNICATION ENGINEERING,SEBC,2025,10022
164,"Vishwakarma Government Engineering College, Chandkheda,Gandhinagar",ELECTRONICS & COMMUNICATION ENGINEERING,TFWS,2025,3594
164,"Vishwakarma Government Engineering College, Chandkheda,Gandhinagar",ELECTRONICS & INSTRUMENTATION ENGINEERING,EWS,2025,16551
164,"Vishwakarma Government Engineering College, Chandkheda,Gandhinagar",ELECTRONICS & INSTRUMENTATION ENGINEERING,OPEN,2025,13883
164,"Vishwakarma Government Engineering College, Chandkheda,Gandhinagar",ELECTRONICS & INSTRUMENTATION ENGINEERING,OPEN_AI_RANK,2025,902404
164,"Vishwakarma Government Engineering College, Chandkheda,Gandhinagar",ELECTRONICS & INSTRUMENTATION ENGINEERING,SC,2025,39654
164,"Vishwakarma Government Engineering College, Chandkheda,Gandhinagar",ELECTRONICS & INSTRUMENTATION ENGINEERING,SEBC,2025,22657
164,"Vishwakarma Government Engineering College, Chandkheda,Gandhinagar",ELECTRONICS & INSTRUMENTATION ENGINEERING,TFWS,2025,10996
164,"Vishwakarma Government Engineering College, Chandkheda,Gandhinagar",INFORMATION & COMMUNICATION TECHNOLOGY,ESM,2025,16308
164,"Vishwakarma Government Engineering College, Chandkheda,Gandhinagar",INFORMATION & COMMUNICATION TECHNOLOGY,EWS,2025,4302
164,"Vishwakarma Government Engineering College, Chandkheda,Gandhinagar",INFORMATION & COMMUNICATION TECHNOLOGY,OPEN,2025,3321
164,"Vishwakarma Government Engineering College, Chandkheda,Gandhinagar",INFORMATION & COMMUNICATION TECHNOLOGY,OPEN_AI_RANK,2025,900725
164,"Vishwakarma Government Engineering College, Chandkheda,Gandhinagar",INFORMATION & COMMUNICATION TECHNOLOGY,SC,2025,14555
164,"Vishwakarma Government Engineering College, Chandkheda,Gandhinagar",INFORMATION & COMMUNICATION TECHNOLOGY,SEBC,2025,5620
164,"Vishwakarma Government Engineering College, Chandkheda,Gandhinagar",INFORMATION & COMMUNICATION TECHNOLOGY,ST,2025,39695
164,"Vishwakarma Government Engineering College, Chandkheda,Gandhinagar",INFORMATION & COMMUNICATION TECHNOLOGY,TFWS,2025,2294
164,"Vishwakarma Government Engineering College, Chandkheda,Gandhinagar",INFORMATION TECHNOLOGY,ESM,2025,13422
164,"Vishwakarma Government Engineering College, Chandkheda,Gandhinagar",INFORMATION TECHNOLOGY,EWS,2025,2231
164,"Vishwakarma Government Engineering College, Chandkheda,Gandhinagar",INFORMATION TECHNOLOGY,OPEN,2025,1920
164,"Vishwakarma Government Engineering College, Chandkheda,Gandhinagar",INFORMATION TECHNOLOGY,OPEN_AI_RANK,2025,900390
164,"Vishwakarma Government Engineering College, Chandkheda,Gandhinagar",INFORMATION TECHNOLOGY,SC,2025,8939
164,"Vishwakarma Government Engineering College, Chandkheda,Gandhinagar",INFORMATION TECHNOLOGY,SEBC,2025,2494
164,"Vishwakarma Government Engineering College, Chandkheda,Gandhinagar",INFORMATION TECHNOLOGY,ST,2025,28627
164,"Vishwakarma Government Engineering College, Chandkheda,Gandhinagar",INFORMATION TECHNOLOGY,TFWS,2025,1575
164,"Vishwakarma Government Engineering College, Chandkheda,Gandhinagar",INSTRUMENTATION & CONTROL ENGINEERING,EWS,2025,19766
164,"Vishwakarma Government Engineering College, Chandkheda,Gandhinagar",INSTRUMENTATION & CONTROL ENGINEERING,OPEN,2025,16386
164,"Vishwakarma Government Engineering College, Chandkheda,Gandhinagar",INSTRUMENTATION & CONTROL ENGINEERING,OPEN_AI_RANK,2025,902668
164,"Vishwakarma Government Engineering College, Chandkheda,Gandhinagar",INSTRUMENTATION & CONTROL ENGINEERING,SC,2025,34657
164,"Vishwakarma Government Engineering College, Chandkheda,Gandhinagar",INSTRUMENTATION & CONTROL ENGINEERING,SEBC,2025,26008
164,"Vishwakarma Government Engineering College, Chandkheda,Gandhinagar",INSTRUMENTATION & CONTROL ENGINEERING,TFWS,2025,13022
164,"Vishwakarma Government Engineering College, Chandkheda,Gandhinagar",MECHANICAL ENGINEERING,ESM,2025,18701
164,"Vishwakarma Government Engineering College, Chandkheda,Gandhinagar",MECHANICAL ENGINEERING,EWS,2025,14332
164,"Vishwakarma Government Engineering College, Chandkheda,Gandhinagar",MECHANICAL ENGINEERING,OPEN,2025,12796
164,"Vishwakarma Government Engineering College, Chandkheda,Gandhinagar",MECHANICAL ENGINEERING,OPEN_AI_RANK,2025,902464
164,"Vishwakarma Government Engineering College, Chandkheda,Gandhinagar",MECHANICAL ENGINEERING,SC,2025,28989
164,"Vishwakarma Government Engineering College, Chandkheda,Gandhinagar",MECHANICAL ENGINEERING,SEBC,2025,18139
164,"Vishwakarma Government Engineering College, Chandkheda,Gandhinagar",MECHANICAL ENGINEERING,ST,2025,34672
164,"Vishwakarma Government Engineering College, Chandkheda,Gandhinagar",MECHANICAL ENGINEERING,TFWS,2025,9163
164,"Vishwakarma Government Engineering College, Chandkheda,Gandhinagar",POWER ELECTRONICS,EWS,2025,39532
164,"Vishwakarma Government Engineering College, Chandkheda,Gandhinagar",POWER ELECTRONICS,OPEN,2025,31284
164,"Vishwakarma Government Engineering College, Chandkheda,Gandhinagar",POWER ELECTRONICS,OPEN_AI_RANK,2025,904358
164,"Vishwakarma Government Engineering College, Chandkheda,Gandhinagar",POWER ELECTRONICS,SEBC,2025,38412
164,"Vishwakarma Government Engineering College, Chandkheda,Gandhinagar",POWER ELECTRONICS,TFWS,2025,17130
